Product ID,Product Name,Category,Sub-Category,Revenue,Profit,Units,Orders,Avg_Discount,Margin %,Revenue Share %,Profitability Quadrant
FUR-BO-10000112,"Bush Birmingham Collection Bookcase, Dark Cherry",Furniture,Bookcases,825.174,-117.882,9,1,0.3,-0.14285714285714288,0.0003592084672527232,High Revenue / Low Profit
FUR-BO-10000330,"Sauder Camden County Barrister Bookcase, Planked Cherry Finish",Furniture,Bookcases,1064.624,24.196,10,3,0.09999999999999999,0.022727272727272728,0.00046344401937102136,High Revenue / Low Profit
FUR-BO-10000362,Sauder Inglewood Library Bookcases,Furniture,Bookcases,2154.348,311.1836,14,5,0.13,0.14444444444444446,0.0009378143797659277,High Revenue / High Profit
FUR-BO-10000468,O'Sullivan 2-Shelf Heavy-Duty Bookcases,Furniture,Bookcases,723.842,-133.1092,21,6,0.18333333333333335,-0.18389261744966443,0.0003150973920084075,High Revenue / Low Profit
FUR-BO-10000711,"Hon Metal Bookcases, Gray",Furniture,Bookcases,851.76,229.9752,12,2,0.0,0.27,0.0003707816824902136,High Revenue / High Profit
FUR-BO-10000780,O'Sullivan Plantations 2-Door Library in Landvery Oak,Furniture,Bookcases,2946.3668,-767.7436,22,5,0.332,-0.2605729877216917,0.0012825899776196424,High Revenue / Low Profit
FUR-BO-10001337,O'Sullivan Living Dimensions 2-Shelf Bookcases,Furniture,Bookcases,2970.059,-78.637,28,10,0.11000000000000001,-0.026476578411405292,0.001292903485858929,High Revenue / Low Profit
FUR-BO-10001519,O'Sullivan 3-Shelf Heavy-Duty Bookcases,Furniture,Bookcases,1119.195,147.0942,22,5,0.16999999999999998,0.13142857142857145,0.0004871994518815565,High Revenue / High Profit
FUR-BO-10001567,"Bush Westfield Collection Bookcases, Dark Cherry Finish, Fully Assembled",Furniture,Bookcases,90.882,-190.8522,3,1,0.7,-2.1,3.956206075429181e-05,Low Revenue / Low Profit
FUR-BO-10001601,"Sauder Mission Library with Doors, Fruitwood Finish",Furniture,Bookcases,935.1972,-125.74080000000001,10,3,0.26333333333333336,-0.13445378151260506,0.00040710292955308626,High Revenue / Low Profit
FUR-BO-10001608,"Hon Metal Bookcases, Black",Furniture,Bookcases,1570.0775999999998,-26.972399999999993,30,5,0.244,-0.01717902350813743,0.0006834742347236269,High Revenue / Low Profit
FUR-BO-10001619,O'Sullivan Cherrywood Estates Traditional Bookcase,Furniture,Bookcases,424.90000000000003,27.193599999999996,6,2,0.1,0.06399999999999999,0.00018496423510154476,High Revenue / Low Profit
FUR-BO-10001798,Bush Somerset Collection Bookcase,Furniture,Bookcases,1263.9569999999999,-56.3214,12,4,0.21250000000000002,-0.04455958549222798,0.0005502161442839331,High Revenue / Low Profit
FUR-BO-10001811,"Atlantic Metals Mobile 5-Shelf Bookcases, Custom Colors",Furniture,Bookcases,5492.885,15.049,26,8,0.31625,0.00273972602739726,0.0023911209049794035,High Revenue / Low Profit
FUR-BO-10001918,"Sauder Forest Hills Library with Doors, Woodland Oak Finish",Furniture,Bookcases,1014.174,-418.548,10,3,0.2833333333333333,-0.41269841269841273,0.0004414825092254037,High Revenue / Low Profit
FUR-BO-10001972,O'Sullivan 4-Shelf Bookcase in Odessa Pine,Furniture,Bookcases,2740.197,-975.0988,37,7,0.4214285714285714,-0.355849889624724,0.0011928417089492765,High Revenue / Low Profit
FUR-BO-10002202,"Atlantic Metals Mobile 2-Shelf Bookcases, Custom Colors",Furniture,Bookcases,400.0268,-113.2606,3,2,0.51,-0.28313253012048195,0.00017413662292802687,High Revenue / Low Profit
FUR-BO-10002206,"Bush Saratoga Collection 5-Shelf Bookcase, Hanover Cherry, *Special Order",Furniture,Bookcases,119.833,-12.6882,1,1,0.15,-0.10588235294117647,5.216478979741918e-05,Low Revenue / Low Profit
FUR-BO-10002213,DMI Eclipse Executive Suite Bookcases,Furniture,Bookcases,11046.609,90.17640000000002,27,6,0.18333333333333335,0.00816326530612245,0.004808725780538574,High Revenue / High Profit
FUR-BO-10002213,"Sauder Forest Hills Library, Woodland Oak Finish",Furniture,Bookcases,1875.034,-70.49,15,4,0.125,-0.03759398496240601,0.0008162255344772649,High Revenue / Low Profit
FUR-BO-10002268,Sauder Barrister Bookcases,Furniture,Bookcases,754.7336,-294.7672,16,3,0.4066666666666667,-0.3905579399141631,0.000328544888278266,High Revenue / Low Profit
FUR-BO-10002545,"Atlantic Metals Mobile 3-Shelf Bookcases, Custom Colors",Furniture,Bookcases,7539.7122,780.3302,35,8,0.18375,0.10349601938386985,0.0032821301481731823,High Revenue / High Profit
FUR-BO-10002598,"Hon Metal Bookcases, Putty",Furniture,Bookcases,1320.228,362.70779999999996,19,5,0.04,0.27473118279569886,0.000574711607859831,High Revenue / High Profit
FUR-BO-10002613,"Atlantic Metals Mobile 4-Shelf Bookcases, Custom Colors",Furniture,Bookcases,5184.081,-126.44099999999996,27,6,0.26666666666666666,-0.024390243902439015,0.0022566946972686543,High Revenue / Low Profit
FUR-BO-10002824,Bush Mission Pointe Library,Furniture,Bookcases,748.8608,24.156800000000004,6,3,0.17333333333333334,0.03225806451612904,0.00032598838566611177,High Revenue / Low Profit
FUR-BO-10002853,O'Sullivan 5-Shelf Heavy-Duty Bookcases,Furniture,Bookcases,540.804,-12.290999999999997,9,4,0.175,-0.02272727272727272,0.00023541868251319322,High Revenue / Low Profit
FUR-BO-10002916,"Rush Hierlooms Collection 1"" Thick Stackable Bookcases",Furniture,Bookcases,2487.759,410.352,15,4,0.0375,0.16494845360824742,0.001082952319491607,High Revenue / High Profit
FUR-BO-10003034,"O'Sullivan Elevations Bookcase, Cherry Finish",Furniture,Bookcases,1912.308,-68.1096,18,5,0.2,-0.03561643835616438,0.0008324513685539299,High Revenue / Low Profit
FUR-BO-10003159,"Sauder Camden County Collection Libraries, Planked Cherry Finish",Furniture,Bookcases,1909.8178,-78.18639999999999,19,7,0.1457142857142857,-0.04093919325707405,0.0008313673536368909,High Revenue / Low Profit
FUR-BO-10003272,O'Sullivan Living Dimensions 5-Shelf Bookcases,Furniture,Bookcases,3420.7704,-755.7516,21,6,0.24,-0.22093023255813957,0.0014891037432195934,High Revenue / Low Profit
FUR-BO-10003404,"Global Adaptabilites Bookcase, Cherry/Storm Gray Finish",Furniture,Bookcases,3447.84,206.87040000000002,8,2,0.0,0.060000000000000005,0.00150088747552956,High Revenue / High Profit
FUR-BO-10003433,Sauder Cornerstone Collection Library,Furniture,Bookcases,322.192,-81.16760000000001,14,3,0.2333333333333333,-0.2519230769230769,0.00014025417000667663,High Revenue / Low Profit
FUR-BO-10003441,"Bush Westfield Collection Bookcases, Fully Assembled",Furniture,Bookcases,1473.2982000000002,73.71539999999999,18,6,0.19499999999999998,0.05003427004797805,0.0006413449626723528,High Revenue / High Profit
FUR-BO-10003450,"Bush Westfield Collection Bookcases, Dark Cherry Finish",Furniture,Bookcases,649.376,-97.4064,14,3,0.2333333333333333,-0.15000000000000002,0.00028268141947117135,High Revenue / Low Profit
FUR-BO-10003546,Hon 4-Shelf Metal Bookcases,Furniture,Bookcases,1474.308,-191.86200000000002,22,4,0.25,-0.13013698630136988,0.0006417845411251783,High Revenue / Low Profit
FUR-BO-10003660,"Bush Cubix Collection Bookcases, Fully Assembled",Furniture,Bookcases,729.2339999999999,48.6156,4,3,0.2333333333333333,0.06666666666666668,0.0003174445964227815,High Revenue / High Profit
FUR-BO-10003893,Sauder Camden County Collection Library,Furniture,Bookcases,1368.2620000000002,-103.482,16,2,0.235,-0.07563025210084033,0.0005956214032678509,High Revenue / Low Profit
FUR-BO-10003894,"Safco Value Mate Steel Bookcase, Baked Enamel Finish on Steel, Black",Furniture,Bookcases,802.074,106.47,14,3,0.19999999999999998,0.13274336283185842,0.0003491527510116178,High Revenue / High Profit
FUR-BO-10003965,O'Sullivan Manor Hill 2-Door Library in Brianna Oak,Furniture,Bookcases,1646.9180000000001,-285.9484,12,4,0.2475,-0.17362637362637362,0.0007169238130029792,High Revenue / Low Profit
FUR-BO-10003966,"Sauder Facets Collection Library, Sky Alder Finish",Furniture,Bookcases,1427.683,-8.549,10,4,0.15,-0.005988023952095808,0.0006214881008766267,High Revenue / Low Profit
FUR-BO-10004015,"Bush Andora Bookcase, Maple/Graphite Gray Finish",Furniture,Bookcases,3317.7235,135.58870000000002,34,9,0.16666666666666666,0.04086799276672695,0.0014442461507552834,High Revenue / High Profit
FUR-BO-10004218,"Bush Heritage Pine Collection 5-Shelf Bookcase, Albany Pine Finish, *Special Order",Furniture,Bookcases,3626.0056,-208.6504,34,8,0.23375,-0.05754276827371695,0.0015784451689289662,High Revenue / Low Profit
FUR-BO-10004357,O'Sullivan Living Dimensions 3-Shelf Bookcases,Furniture,Bookcases,2904.161,-170.83299999999997,17,4,0.2,-0.05882352941176469,0.001264217269891121,High Revenue / Low Profit
FUR-BO-10004360,Rush Hierlooms Collection Rich Wood Bookcases,Furniture,Bookcases,489.37919999999997,-70.8312,4,2,0.16,-0.14473684210526316,0.00021303282984844876,High Revenue / Low Profit
FUR-BO-10004409,"Safco Value Mate Series Steel Bookcases, Baked Enamel Finish on Steel, Gray",Furniture,Bookcases,858.858,-9.93719999999999,17,6,0.245,-0.011570247933884286,0.00037387152984429866,High Revenue / Low Profit
FUR-BO-10004467,Bestar Classic Bookcase,Furniture,Bookcases,1897.8102,-612.9386999999999,31,8,0.315,-0.32297154899894626,0.0008261402965660382,High Revenue / Low Profit
FUR-BO-10004690,O'Sullivan Cherrywood Estates Traditional Barrister Bookcase,Furniture,Bookcases,1072.344,-78.36359999999999,9,2,0.15,-0.07307692307692307,0.00046680463103255095,High Revenue / Low Profit
FUR-BO-10004695,O'Sullivan 2-Door Barrister Bookcase in Odessa Pine,Furniture,Bookcases,4886.46,566.4674,31,7,0.15,0.11592592592592592,0.0021271365880308176,High Revenue / High Profit
FUR-BO-10004709,"Bush Westfield Collection Bookcases, Medium Cherry Finish",Furniture,Bookcases,1426.8878,-20.293,32,9,0.23000000000000004,-0.014221861032100772,0.0006211419404629935,High Revenue / Low Profit
FUR-BO-10004834,"Riverside Palais Royal Lawyers Bookcase, Royale Cherry Finish",Furniture,Bookcases,15610.9656,-669.5448000000001,24,5,0.23399999999999999,-0.042889390519187366,0.006795646767240591,High Revenue / Low Profit
FUR-CH-10000015,Hon Multipurpose Stacking Arm Chairs,Furniture,Chairs,6584.64,814.416,36,6,0.13333333333333333,0.12368421052631579,0.0028663753848412227,High Revenue / High Profit
FUR-CH-10000155,Global Comet Stacking Armless Chair,Furniture,Chairs,3528.79,514.366,14,6,0.16666666666666666,0.14576271186440679,0.0015361260136125677,High Revenue / High Profit
FUR-CH-10000225,"Global Geo Office Task Chair, Gray",Furniture,Chairs,1757.266,-166.00900000000001,25,7,0.17142857142857146,-0.09447004608294932,0.0007649596647680657,High Revenue / Low Profit
FUR-CH-10000229,Global Enterprise Series Seating High-Back Swivel/Tilt Chairs,Furniture,Chairs,2032.35,-460.666,10,4,0.25,-0.22666666666666668,0.0008847071386411495,High Revenue / Low Profit
FUR-CH-10000309,Global Comet Stacking Arm Chair,Furniture,Chairs,6084.144,697.1415,17,5,0.16,0.11458333333333331,0.0026485032742001717,High Revenue / High Profit
FUR-CH-10000422,Global Highback Leather Tilter in Burgundy,Furniture,Chairs,2647.809,49.13459999999999,34,9,0.14444444444444446,0.01855670103092783,0.0011526240677335517,High Revenue / High Profit
FUR-CH-10000454,"Hon Deluxe Fabric Upholstered Stacking Chairs, Rounded Back",Furniture,Chairs,10637.528,1927.442,51,12,0.14166666666666666,0.1811926605504587,0.004630647752156426,High Revenue / High Profit
FUR-CH-10000513,High-Back Leather Manager's Chair,Furniture,Chairs,4770.633,-197.5848,42,9,0.16666666666666666,-0.04141689373297003,0.002076715659673306,High Revenue / Low Profit
FUR-CH-10000553,"Metal Folding Chairs, Beige, 4/Carton",Furniture,Chairs,685.588,115.7354,23,5,0.12,0.16881188118811882,0.00029844495178818037,High Revenue / High Profit
FUR-CH-10000595,Safco Contoured Stacking Chairs,Furniture,Chairs,5697.76,870.16,27,8,0.125,0.1527196652719665,0.002480305531165398,High Revenue / High Profit
FUR-CH-10000665,"Global Airflow Leather Mesh Back Chair, Black",Furniture,Chairs,3955.676,573.7239999999999,32,9,0.15555555555555556,0.1450381679389313,0.0017219547791234126,High Revenue / High Profit
FUR-CH-10000749,Office Star - Ergonomic Mid Back Chair with 2-Way Adjustable Arms,Furniture,Chairs,2207.956,231.6544,13,2,0.1,0.10491803278688525,0.0009611506064435546,High Revenue / High Profit
FUR-CH-10000785,Global Ergonomic Managers Chair,Furniture,Chairs,6008.536,785.4532,39,11,0.13636363636363635,0.13072289156626507,0.0026155901749119683,High Revenue / High Profit
FUR-CH-10000847,Global Executive Mid-Back Manager's Chair,Furniture,Chairs,4626.582,750.7284000000001,18,6,0.11666666666666665,0.16226415094339622,0.002014008474381208,High Revenue / High Profit
FUR-CH-10000863,Novimex Swivel Fabric Task Chair,Furniture,Chairs,2913.9139999999998,-445.391,25,8,0.2,-0.1528497409326425,0.001268462871644346,High Revenue / Low Profit
FUR-CH-10000988,Hon Olson Stacker Stools,Furniture,Chairs,5294.456,833.5952,44,10,0.16,0.1574468085106383,0.0023047423024683085,High Revenue / High Profit
FUR-CH-10001146,"Global Task Chair, Black",Furniture,Chairs,463.099,-80.4062,12,5,0.24,-0.17362637362637362,0.00020159273314024538,High Revenue / Low Profit
FUR-CH-10001146,"Global Value Mid-Back Manager's Chair, Gray",Furniture,Chairs,1978.925,197.89249999999998,39,10,0.16,0.09999999999999999,0.0008614505741311472,High Revenue / High Profit
FUR-CH-10001190,Global Deluxe High-Back Office Chair in Storm,Furniture,Chairs,1087.92,-149.589,10,3,0.20000000000000004,-0.13749999999999998,0.00047358505684083916,High Revenue / Low Profit
FUR-CH-10001215,Global Troy Executive Leather Low-Back Tilter,Furniture,Chairs,12975.382,951.8620000000001,32,9,0.2,0.07335907335907337,0.005648344567616737,High Revenue / High Profit
FUR-CH-10001270,Harbour Creations Steel Folding Chair,Furniture,Chairs,2389.125,336.375,34,8,0.1625,0.1407942238267148,0.0010400157170792612,High Revenue / High Profit
FUR-CH-10001394,Global Leather Executive Chair,Furniture,Chairs,5861.532999999999,701.98,21,7,0.18571428571428572,0.11976047904191618,0.0025515979474404864,High Revenue / High Profit
FUR-CH-10001482,Office Star - Mesh Screen back chair with Vinyl seat,Furniture,Chairs,2200.464,-130.98,20,7,0.14285714285714285,-0.05952380952380952,0.0009578892460072618,High Revenue / Low Profit
FUR-CH-10001545,Hon Comfortask Task/Swivel Chairs,Furniture,Chairs,1686.904,-36.473600000000005,18,6,0.15,-0.021621621621621623,0.0007343302142850935,High Revenue / Low Profit
FUR-CH-10001708,Office Star - Contemporary Swivel Chair with Padded Adjustable Arms and Flex Back,Furniture,Chairs,3989.734,425.75960000000003,32,7,0.15714285714285717,0.10671378091872792,0.0017367806485493681,High Revenue / High Profit
FUR-CH-10001714,"Global Leather & Oak Executive Chair, Burgundy",Furniture,Chairs,1689.968,-114.6764,13,5,0.18,-0.06785714285714285,0.000735664011452312,High Revenue / Low Profit
FUR-CH-10001797,"Safco Chair Connectors, 6/Carton",Furniture,Chairs,881.192,170.8512,26,4,0.15,0.19388646288209607,0.00038359379679359947,High Revenue / High Profit
FUR-CH-10001802,Hon Every-Day Chair Series Swivel Task Chairs,Furniture,Chairs,967.84,12.097999999999999,10,3,0.19999999999999998,0.012499999999999999,0.0004213127448827467,High Revenue / Low Profit
FUR-CH-10001854,Office Star - Professional Matrix Back Chair with 2-to-1 Synchro Tilt and Mesh Fabric Seat,Furniture,Chairs,8774.5,1305.6456,28,8,0.1,0.14880000000000002,0.0038196485782501866,High Revenue / High Profit
FUR-CH-10001891,Global Deluxe Office Fabric Chairs,Furniture,Chairs,1420.504,229.3922,17,6,0.11666666666666668,0.1614864864864865,0.000618362993218839,High Revenue / High Profit
FUR-CH-10001973,Office Star Flex Back Scooter Chair with White Frame,Furniture,Chairs,1775.68,-228.61880000000002,21,7,0.21428571428571427,-0.12875,0.0007729755071431184,High Revenue / Low Profit
FUR-CH-10002017,SAFCO Optional Arm Kit for Workspace Cribbage Stacking Chair,Furniture,Chairs,245.088,14.9184,12,5,0.2,0.06086956521739131,0.0001066898433809541,Low Revenue / Low Profit
FUR-CH-10002024,HON 5400 Series Task Chairs for Big and Tall,Furniture,Chairs,21870.576,5.684341886080802e-14,39,8,0.2,2.599081929109138e-18,0.00952053273963333,High Revenue / Low Profit
FUR-CH-10002044,"Office Star - Contemporary Task Swivel chair with 2-way adjustable arms, Plum",Furniture,Chairs,694.194,-158.48579999999998,7,2,0.25,-0.2283018867924528,0.0003021912502284814,High Revenue / Low Profit
FUR-CH-10002073,Hon Olson Stacker Chairs,Furniture,Chairs,5427.99,1292.1264,22,4,0.07500000000000001,0.2380487804878049,0.0023628713073401597,High Revenue / High Profit
FUR-CH-10002084,Hon Mobius Operator's Chair,Furniture,Chairs,2705.7799999999997,499.3394,23,5,0.04,0.18454545454545457,0.0011778595623748122,High Revenue / High Profit
FUR-CH-10002126,Hon Deluxe Fabric Upholstered Stacking Chairs,Furniture,Chairs,2586.1879999999996,-48.796,15,4,0.275,-0.01886792452830189,0.0011257996828637179,High Revenue / Low Profit
FUR-CH-10002304,"Global Stack Chair without Arms, Black",Furniture,Chairs,901.506,44.166000000000004,44,7,0.17142857142857143,0.048991354466858796,0.0003924367327122927,High Revenue / High Profit
FUR-CH-10002317,Global Enterprise Series Seating Low-Back Swivel/Tilt Chairs,Furniture,Chairs,207.184,25.898,1,1,0.2,0.125,9.018976249771345e-05,Low Revenue / Low Profit
FUR-CH-10002320,Hon Pagoda Stacking Chairs,Furniture,Chairs,6483.796,1540.704,22,4,0.1,0.2376237623762376,0.0028224767420439055,High Revenue / High Profit
FUR-CH-10002331,Hon 4700 Series Mobuis Mid-Back Task Chairs with Adjustable Arms,Furniture,Chairs,7582.374,832.9932000000001,24,6,0.13333333333333333,0.10985915492957748,0.0033007013583521774,High Revenue / High Profit
FUR-CH-10002335,Hon GuestStacker Chair,Furniture,Chairs,6936.102,1233.0848,34,9,0.1111111111111111,0.17777777777777778,0.00301937114854388,High Revenue / High Profit
FUR-CH-10002372,Office Star - Ergonomically Designed Knee Chair,Furniture,Chairs,1311.876,-42.1096,19,7,0.17142857142857143,-0.03209876543209877,0.0005710758787669431,High Revenue / Low Profit
FUR-CH-10002439,"Iceberg Nesting Folding Chair, 19w x 6d x 43h",Furniture,Chairs,1589.406,253.8392,31,6,0.11666666666666668,0.15970695970695972,0.0006918881267493664,High Revenue / High Profit
FUR-CH-10002602,DMI Arturo Collection Mission-style Design Wood Chair,Furniture,Chairs,4619.987999999999,486.15560000000005,37,11,0.19090909090909092,0.10522875816993467,0.0020111380244723824,High Revenue / High Profit
FUR-CH-10002647,"Situations Contoured Folding Chairs, 4/Set",Furniture,Chairs,3641.274,234.234,64,15,0.18000000000000002,0.06432748538011697,0.0015850916926456629,High Revenue / High Profit
FUR-CH-10002758,"Hon Deluxe Fabric Upholstered Stacking Chairs, Squared Back",Furniture,Chairs,1268.696,73.194,7,2,0.25,0.057692307692307696,0.0005522790897067296,High Revenue / High Profit
FUR-CH-10002774,"Global Deluxe Stacking Chair, Gray",Furniture,Chairs,764.7,76.9798,19,7,0.21428571428571427,0.10066666666666665,0.0003328833856958138,High Revenue / High Profit
FUR-CH-10002780,Office Star - Task Chair with Contemporary Loop Arms,Furniture,Chairs,600.4680000000001,47.3096,8,2,0.15000000000000002,0.07878787878787878,0.00026139116103307693,High Revenue / High Profit
FUR-CH-10002880,"Global High-Back Leather Tilter, Burgundy",Furniture,Chairs,5436.158,-474.7414,54,14,0.18571428571428572,-0.08733031674208144,0.002366426938953032,High Revenue / Low Profit
FUR-CH-10002961,"Leather Task Chair, Black",Furniture,Chairs,1437.484,54.588,19,6,0.19999999999999998,0.0379746835443038,0.0006257545976246385,High Revenue / High Profit
FUR-CH-10002965,"Global Leather Highback Executive Chair with Pneumatic Height Adjustment, Black",Furniture,Chairs,5989.204,267.3034,39,10,0.22727272727272727,0.04463087248322148,0.0026071747157616195,High Revenue / High Profit
FUR-CH-10003061,"Global Leather Task Chair, Black",Furniture,Chairs,1448.839,63.8929,19,8,0.1375,0.044099378881987575,0.0006306975698288702,High Revenue / High Profit
FUR-CH-10003199,Office Star - Contemporary Task Swivel Chair,Furniture,Chairs,1842.268,155.372,20,6,0.18333333333333335,0.08433734939759037,0.0008019620886609853,High Revenue / High Profit
FUR-CH-10003298,"Office Star - Contemporary Task Swivel chair with Loop Arms, Charcoal",Furniture,Chairs,3680.538,-491.175,35,9,0.18888888888888888,-0.13345195729537368,0.001602183798381194,High Revenue / Low Profit
FUR-CH-10003312,Hon 2090 Pillow Soft Series Mid Back Swivel/Tilt Chairs,Furniture,Chairs,5282.424,-989.0496,24,6,0.21666666666666667,-0.1872340425531915,0.0022995046237751057,High Revenue / Low Profit
FUR-CH-10003379,Global Commerce Series High-Back Swivel/Tilt Chairs,Furniture,Chairs,7979.4400000000005,926.1850000000001,33,9,0.16666666666666666,0.11607142857142858,0.0034735491083517775,High Revenue / High Profit
FUR-CH-10003396,Global Deluxe Steno Chair,Furniture,Chairs,1770.54,-216.31380000000001,29,10,0.21000000000000002,-0.12217391304347827,0.0007707380014513745,High Revenue / Low Profit
FUR-CH-10003535,"Global Armless Task Chair, Royal Blue",Furniture,Chairs,1396.442,-20.733200000000004,28,8,0.175,-0.014847161572052405,0.0006078885064572167,High Revenue / Low Profit
FUR-CH-10003606,SAFCO Folding Chair Trolley,Furniture,Chairs,705.32,151.3232,6,3,0.16666666666666666,0.21454545454545454,0.00030703453589508485,High Revenue / High Profit
FUR-CH-10003746,Hon 4070 Series Pagoda Round Back Stacking Chairs,Furniture,Chairs,5906.032,1052.8144,21,7,0.14285714285714285,0.1782608695652174,0.0025709689135449436,High Revenue / High Profit
FUR-CH-10003761,Global Italian Leather Office Chair,Furniture,Chairs,969.252,204.3288,8,2,0.15,0.21081081081081082,0.0004219274059793891,High Revenue / High Profit
FUR-CH-10003774,"Global Wood Trimmed Manager's Task Chair, Khaki",Furniture,Chairs,4166.884,-503.1194,59,14,0.2285714285714286,-0.12074235807860262,0.001813896238684079,High Revenue / Low Profit
FUR-CH-10003817,"Global Value Steno Chair, Gray",Furniture,Chairs,2204.862,245.99699999999999,43,10,0.16,0.11157024793388429,0.0009598037499045943,High Revenue / High Profit
FUR-CH-10003833,Novimex Fabric Task Chair,Furniture,Chairs,1890.3799999999999,-131.107,39,9,0.1888888888888889,-0.06935483870967743,0.0008229058384355333,High Revenue / Low Profit
FUR-CH-10003846,Hon Valutask Swivel Chairs,Furniture,Chairs,1242.054,139.3524,13,4,0.07500000000000001,0.1121951219512195,0.0005406814969753215,High Revenue / High Profit
FUR-CH-10003956,Novimex High-Tech Fabric Mesh Task Chair,Furniture,Chairs,922.74,-133.4424,16,4,0.15000000000000002,-0.14461538461538462,0.0004016801560310647,High Revenue / Low Profit
FUR-CH-10003968,Novimex Turbo Task Chair,Furniture,Chairs,1341.5220000000002,-32.6508,22,6,0.13333333333333333,-0.024338624338624333,0.0005839811499220865,High Revenue / Low Profit
FUR-CH-10003973,GuestStacker Chair with Chrome Finish Legs,Furniture,Chairs,9070.944,773.2608,31,8,0.225,0.08524590163934427,0.003948694324803358,High Revenue / High Profit
FUR-CH-10003981,Global Commerce Series Low-Back Swivel/Tilt Chairs,Furniture,Chairs,4420.056,41.1168,24,7,0.2714285714285714,0.009302325581395349,0.0019241051474370285,High Revenue / Low Profit
FUR-CH-10004063,Global Deluxe High-Back Manager's Chair,Furniture,Chairs,8665.194,1558.5910000000001,35,8,0.1875,0.17986798679867988,0.003772066321996928,High Revenue / High Profit
FUR-CH-10004086,Hon 4070 Series Pagoda Armless Upholstered Stacking Chairs,Furniture,Chairs,8430.997,1388.6348,34,8,0.1875,0.1647058823529412,0.003670117465870601,High Revenue / High Profit
FUR-CH-10004218,"Global Fabric Manager's Chair, Dark Gray",Furniture,Chairs,3150.576,499.851,35,9,0.13333333333333333,0.15865384615384615,0.0013714847728154493,High Revenue / High Profit
FUR-CH-10004287,SAFCO Arco Folding Chair,Furniture,Chairs,11572.78,1179.374,53,13,0.2,0.10190930787589499,0.00503777453682856,High Revenue / High Profit
FUR-CH-10004289,Global Super Steno Chair,Furniture,Chairs,2389.902,-1.7763568394002505e-15,30,7,0.14285714285714285,-7.432760169246482e-19,0.0010403539548073711,High Revenue / Low Profit
FUR-CH-10004477,"Global Push Button Manager's Chair, Indigo",Furniture,Chairs,2185.951,283.7474,44,9,0.2,0.12980501392757662,0.000951571557271021,High Revenue / High Profit
FUR-CH-10004495,"Global Leather and Oak Executive Chair, Black",Furniture,Chairs,6410.874,854.7832000000001,26,8,0.175,0.13333333333333336,0.002790732891838975,High Revenue / High Profit
FUR-CH-10004540,Global Chrome Stack Chair,Furniture,Chairs,815.864,15.0832,32,6,0.26666666666666666,0.018487394957983194,0.00035515570888888375,High Revenue / Low Profit
FUR-CH-10004626,Office Star Flex Back Scooter Chair with Aluminum Finish Frame,Furniture,Chairs,1947.1770000000001,413.649,20,6,0.05000000000000001,0.21243523316062174,0.0008476302763293025,High Revenue / High Profit
FUR-CH-10004675,"Lifetime Advantage Folding Chairs, 4/Carton",Furniture,Chairs,5212.112,972.6368,27,7,0.14285714285714285,0.18661087866108786,0.002268896938911703,High Revenue / High Profit
FUR-CH-10004698,"Padded Folding Chairs, Black, 4/Carton",Furniture,Chairs,1830.148,80.97999999999999,30,8,0.225,0.04424778761061947,0.0007966861024773403,High Revenue / High Profit
FUR-CH-10004754,"Global Stack Chair with Arms, Black",Furniture,Chairs,803.464,125.0166,31,7,0.14285714285714285,0.15559701492537312,0.0003497578352356497,High Revenue / High Profit
FUR-CH-10004853,"Global Manager's Adjustable Task Chair, Storm",Furniture,Chairs,2959.208,493.7046,23,6,0.11666666666666665,0.16683673469387755,0.0012881799110999576,High Revenue / High Profit
FUR-CH-10004860,Global Low Back Tilter Chair,Furniture,Chairs,1746.9540000000002,-246.3912,21,8,0.1875,-0.14104046242774565,0.0007604707233880537,High Revenue / Low Profit
FUR-CH-10004875,Harbour Creations 67200 Series Stacking Chairs,Furniture,Chairs,1501.8980000000001,254.8244,24,8,0.1375,0.1696682464454976,0.000653794810003624,High Revenue / High Profit
FUR-CH-10004886,Bevis Steel Folding Chairs,Furniture,Chairs,1775.075,117.059,24,6,0.21666666666666667,0.06594594594594594,0.0007727121431463274,High Revenue / High Profit
FUR-CH-10004983,Office Star - Mid Back Dual function Ergonomic High Back Chair with 2-Way Adjustable Arms,Furniture,Chairs,4185.48,342.88739999999996,31,5,0.16,0.08192307692307692,0.0018219913079143644,High Revenue / High Profit
FUR-CH-10004997,Hon Every-Day Series Multi-Task Chairs,Furniture,Chairs,6748.482,281.96999999999997,43,10,0.16,0.04178272980501392,0.0029376978376713177,High Revenue / High Profit
FUR-FU-10000010,"DAX Value U-Channel Document Frames, Easel Back",Furniture,Furnishings,175.938,52.4832,36,10,0.06,0.2983050847457627,7.658799151634638e-05,Low Revenue / High Profit
FUR-FU-10000023,Eldon Wave Desk Accessories,Furniture,Furnishings,236.77800000000002,88.35,45,9,0.19999999999999998,0.3731343283582089,0.0001030723974085045,Low Revenue / High Profit
FUR-FU-10000073,Deflect-O Glasstique Clear Desk Accessories,Furniture,Furnishings,124.74,37.037,17,3,0.06666666666666667,0.2969135802469136,5.4300867701969146e-05,Low Revenue / Low Profit
FUR-FU-10000076,24-Hour Round Wall Clock,Furniture,Furnishings,487.512,180.0198,27,6,0.06666666666666667,0.36926229508196723,0.00021222001455124565,High Revenue / High Profit
FUR-FU-10000087,"Executive Impressions 14"" Two-Color Numerals Wall Clock",Furniture,Furnishings,308.99199999999996,94.51520000000001,16,6,0.13333333333333333,0.30588235294117655,0.00013450804644033067,High Revenue / High Profit
FUR-FU-10000175,DAX Wood Document Frame.,Furniture,Furnishings,159.268,7.6888000000000005,16,4,0.35,0.048275862068965524,6.933133395187768e-05,Low Revenue / Low Profit
FUR-FU-10000193,Tenex Chairmats For Use with Hard Floors,Furniture,Furnishings,467.712,-129.92,20,6,0.26666666666666666,-0.27777777777777773,0.00020360082920172675,High Revenue / Low Profit
FUR-FU-10000206,"GE General Purpose, Extra Long Life, Showcase & Floodlight Incandescent Bulbs",Furniture,Furnishings,45.396,14.55,20,7,0.2285714285714286,0.32051282051282054,1.976144131953336e-05,Low Revenue / Low Profit
FUR-FU-10000221,"Master Caster Door Stop, Brown",Furniture,Furnishings,176.784,49.3776,38,9,0.1111111111111111,0.2793103448275862,7.695626579946219e-05,Low Revenue / High Profit
FUR-FU-10000222,"Seth Thomas 16"" Steel Case Clock",Furniture,Furnishings,441.72799999999995,28.257600000000004,19,5,0.24,0.06397058823529413,0.00019228967202385302,High Revenue / Low Profit
FUR-FU-10000246,Aluminum Document Frame,Furniture,Furnishings,244.39999999999998,56.211999999999996,22,5,0.08,0.23,0.00010639034845567788,Low Revenue / High Profit
FUR-FU-10000260,"6"" Cubicle Wall Clock, Black",Furniture,Furnishings,124.586,26.211599999999997,19,4,0.2,0.21038961038961038,5.423382959369511e-05,Low Revenue / Low Profit
FUR-FU-10000277,Deflect-o DuraMat Antistatic Studded Beveled Mat for Medium Pile Carpeting,Furniture,Furnishings,1685.44,244.3888,18,5,0.16,0.145,0.0007336929169440988,High Revenue / High Profit
FUR-FU-10000293,Eldon Antistatic Chair Mats for Low to Medium Pile Carpets,Furniture,Furnishings,1431.944,46.3276,14,4,0.05,0.032352941176470584,0.0006233429669763389,High Revenue / High Profit
FUR-FU-10000305,"Tenex V2T-RE Standard Weight Series Chair Mat, 45"" x 53"", Lip 25"" x 12""",Furniture,Furnishings,468.46799999999996,51.105599999999995,7,3,0.06666666666666667,0.10909090909090909,0.00020392992536961746,High Revenue / High Profit
FUR-FU-10000308,Deflect-o Glass Clear Studded Chair Mats,Furniture,Furnishings,1579.3719999999998,318.3616,26,7,0.028571428571428574,0.20157480314960632,0.0006875202022141607,High Revenue / High Profit
FUR-FU-10000320,OIC Stacking Trays,Furniture,Furnishings,82.832,26.720000000000002,30,6,0.16666666666666666,0.32258064516129037,3.605779600360356e-05,Low Revenue / Low Profit
FUR-FU-10000397,Luxo Economy Swing Arm Lamp,Furniture,Furnishings,338.98,94.9144,17,5,0.0,0.27999999999999997,0.00014756219443332934,High Revenue / High Profit
FUR-FU-10000409,"GE 4 Foot Flourescent Tube, 40 Watt",Furniture,Furnishings,98.868,42.2436,7,3,0.06666666666666667,0.4272727272727273,4.30384655119311e-05,Low Revenue / Low Profit
FUR-FU-10000448,Tenex Chairmats For Use With Carpeted Floors,Furniture,Furnishings,175.78,8.789,11,4,0.0,0.049999999999999996,7.651921215850679e-05,Low Revenue / Low Profit
FUR-FU-10000521,"Seth Thomas 14"" Putty-Colored Wall Clock",Furniture,Furnishings,357.948,94.7682,13,4,0.05,0.2647540983606557,0.0001558191998732119,High Revenue / High Profit
FUR-FU-10000550,Stacking Trays by OIC,Furniture,Furnishings,72.708,9.3126,19,6,0.2333333333333333,0.12808219178082192,3.165069335317278e-05,Low Revenue / Low Profit
FUR-FU-10000576,Luxo Professional Fluorescent Magnifier Lamp with Clamp-Mount Base,Furniture,Furnishings,3861.056,289.5791999999999,23,5,0.2,0.07499999999999997,0.0016807655206501058,High Revenue / High Profit
FUR-FU-10000629,9-3/4 Diameter Round Wall Clock,Furniture,Furnishings,455.07,183.1312,34,8,0.05,0.40242424242424246,0.00019809760994977634,High Revenue / High Profit
FUR-FU-10000672,"Executive Impressions 10"" Spectator Wall Clock",Furniture,Furnishings,258.72,87.9648,22,5,0.0,0.33999999999999997,0.00011262402190038046,Low Revenue / High Profit
FUR-FU-10000719,"DAX Cubicle Frames, 8-1/2 x 11",Furniture,Furnishings,145.69,52.4484,17,4,0.0,0.36,6.342066230158638e-05,Low Revenue / High Profit
FUR-FU-10000723,"Deflect-o EconoMat Studded, No Bevel Mat for Low Pile Carpeting",Furniture,Furnishings,1115.6399999999999,-125.1996,33,9,0.17777777777777778,-0.11222222222222224,0.0004856519163301656,High Revenue / Low Profit
FUR-FU-10000732,Eldon 200 Class Desk Accessories,Furniture,Furnishings,133.136,39.187200000000004,22,7,0.028571428571428574,0.2943396226415095,5.795575054007828e-05,Low Revenue / Low Profit
FUR-FU-10000747,Tenex B1-RE Series Chair Mats for Low Pile Carpets,Furniture,Furnishings,1002.3639999999999,124.6058,23,7,0.028571428571428574,0.1243119266055046,0.0004363414698830896,High Revenue / High Profit
FUR-FU-10000755,Eldon Expressions Mahogany Wood Desk Collection,Furniture,Furnishings,93.6,23.4,15,2,0.0,0.25,4.07452398340894e-05,Low Revenue / Low Profit
FUR-FU-10000758,DAX Natural Wood-Tone Poster Frame,Furniture,Furnishings,513.712,123.9264,23,5,0.2,0.24123711340206186,0.00022362519920565956,High Revenue / High Profit
FUR-FU-10000771,"Eldon 200 Class Desk Accessories, Smoke",Furniture,Furnishings,138.16,58.0272,22,4,0.0,0.42000000000000004,6.014275999442085e-05,Low Revenue / High Profit
FUR-FU-10000794,"Eldon Stackable Tray, Side-Load, Legal, Smoke",Furniture,Furnishings,155.38,52.8292,17,5,0.0,0.34,6.763883937415397e-05,Low Revenue / High Profit
FUR-FU-10000820,Tensor Brushed Steel Torchiere Floor Lamp,Furniture,Furnishings,146.11399999999998,6.795999999999999,10,4,0.19999999999999998,0.04651162790697675,6.360523475553566e-05,Low Revenue / Low Profit
FUR-FU-10000965,"Howard Miller 11-1/2"" Diameter Ridgewood Wall Clock",Furniture,Furnishings,1184.232,448.76160000000004,24,6,0.09999999999999999,0.3789473684210527,0.0005155108638803778,High Revenue / High Profit
FUR-FU-10001025,"Eldon Imàge Series Desk Accessories, Clear",Furniture,Furnishings,53.46,6.3666,17,3,0.26666666666666666,0.1190909090909091,2.3271800443701065e-05,Low Revenue / Low Profit
FUR-FU-10001037,"DAX Charcoal/Nickel-Tone Document Frame, 5 x 7",Furniture,Furnishings,168.744,48.822,23,7,0.17142857142857143,0.28932584269662925,7.345635417268785e-05,Low Revenue / High Profit
FUR-FU-10001057,Tensor Track Tree Floor Lamp,Furniture,Furnishings,299.85,38.180899999999994,17,4,0.1,0.1273333333333333,0.00013052842055824476,High Revenue / Low Profit
FUR-FU-10001085,3M Polarizing Light Filter Sleeves,Furniture,Furnishings,216.34,75.34599999999999,14,4,0.2,0.34827586206896544,9.417548275327887e-05,Low Revenue / High Profit
FUR-FU-10001095,DAX Black Cherry Wood-Tone Poster Frame,Furniture,Furnishings,455.456,61.4336,24,8,0.225,0.13488372093023254,0.00019826564053285282,High Revenue / High Profit
FUR-FU-10001185,"Advantus Employee of the Month Certificate Frame, 11 x 13-1/2",Furniture,Furnishings,822.738,311.7744,28,5,0.04,0.37894736842105264,0.00035814804626729753,High Revenue / High Profit
FUR-FU-10001196,DAX Cubicle Frames - 8x10,Furniture,Furnishings,125.786,20.772,26,5,0.12,0.16513761467889906,5.475620446336292e-05,Low Revenue / Low Profit
FUR-FU-10001215,"Howard Miller 11-1/2"" Diameter Brentwood Wall Clock",Furniture,Furnishings,681.454,256.1922,17,4,0.15,0.37594936708860766,0.00029664537036217474,High Revenue / High Profit
FUR-FU-10001290,Executive Impressions Supervisor Wall Clock,Furniture,Furnishings,867.2599999999999,266.072,21,4,0.05,0.3067961165048544,0.0003775290245567561,High Revenue / High Profit
FUR-FU-10001379,"Executive Impressions 16-1/2"" Circular Wall Clock",Furniture,Furnishings,58.784,-1.0687999999999995,4,2,0.3,-0.018181818181818174,2.558940361546059e-05,Low Revenue / Low Profit
FUR-FU-10001424,Dax Clear Box Frame,Furniture,Furnishings,96.03,15.364799999999999,14,6,0.19999999999999998,0.15999999999999998,4.1803048945166726e-05,Low Revenue / Low Profit
FUR-FU-10001468,Tenex Antistatic Computer Chair Mats,Furniture,Furnishings,3317.0119999999997,-530.038,25,6,0.2333333333333333,-0.1597938144329897,0.0014439364259888094,High Revenue / Low Profit
FUR-FU-10001473,DAX Wood Document Frame,Furniture,Furnishings,477.804,126.316,40,9,0.1111111111111111,0.26436781609195403,0.00020799400185563303,High Revenue / High Profit
FUR-FU-10001473,"Eldon Executive Woodline II Desk Accessories, Mahogany",Furniture,Furnishings,361.87199999999996,50.008700000000005,17,5,0.24,0.13819444444444448,0.00015752736569702564,High Revenue / High Profit
FUR-FU-10001475,"Contract Clock, 14"", Brown",Furniture,Furnishings,334.096,29.453199999999995,21,5,0.27999999999999997,0.08815789473684209,0.00014543612871378134,High Revenue / Low Profit
FUR-FU-10001487,"Eldon Expressions Wood and Plastic Desk Accessories, Cherry Wood",Furniture,Furnishings,160.54000000000002,46.5566,23,5,0.0,0.29,6.988505131372558e-05,Low Revenue / High Profit
FUR-FU-10001488,"Tenex 46"" x 60"" Computer Anti-Static Chairmat, Rectangular Shaped",Furniture,Furnishings,2267.972,148.372,25,7,0.14285714285714285,0.06542056074766354,0.0009872763149252075,High Revenue / High Profit
FUR-FU-10001546,Dana Swing-Arm Lamps,Furniture,Furnishings,108.936,-11.214,15,7,0.34285714285714286,-0.10294117647058823,4.742119066844406e-05,Low Revenue / Low Profit
FUR-FU-10001588,"Deflect-o SuperTray Unbreakable Stackable Tray, Letter, Black",Furniture,Furnishings,437.70000000000005,138.3132,18,4,0.15,0.31599999999999995,0.00019053623371133476,High Revenue / High Profit
FUR-FU-10001591,Advantus Panel Wall Certificate Holder - 8.5x11,Furniture,Furnishings,270.84,108.092,23,6,0.06666666666666667,0.39909909909909913,0.00011790000808402536,Low Revenue / High Profit
FUR-FU-10001602,"Eldon Delta Triangular Chair Mat, 52"" x 58"", Clear",Furniture,Furnishings,546.192,17.447799999999997,17,6,0.16666666666666666,0.03194444444444444,0.0002377641456780017,High Revenue / Low Profit
FUR-FU-10001617,"Executive Impressions 8-1/2"" Career Panel/Partition Cubicle Clock",Furniture,Furnishings,66.56,18.512,7,2,0.1,0.278125,2.8974392770908022e-05,Low Revenue / Low Profit
FUR-FU-10001706,Longer-Life Soft White Bulbs,Furniture,Furnishings,115.192,44.7216,44,10,0.12,0.3882352941176471,5.014450498897892e-05,Low Revenue / High Profit
FUR-FU-10001731,Acrylic Self-Standing Desk Frames,Furniture,Furnishings,93.984,32.7342,37,8,0.07500000000000001,0.3482954545454546,4.09123997923831e-05,Low Revenue / Low Profit
FUR-FU-10001756,"Eldon Expressions Desk Accessory, Wood Photo Frame, Mahogany",Furniture,Furnishings,262.752,-7.616000000000003,20,6,0.3,-0.028985507246376822,0.00011437920146246432,Low Revenue / Low Profit
FUR-FU-10001847,Eldon Image Series Black Desk Accessories,Furniture,Furnishings,48.852,17.0568,12,5,0.04,0.34915254237288135,2.126588094417666e-05,Low Revenue / Low Profit
FUR-FU-10001852,"Eldon Regeneration Recycled Desk Accessories, Smoke",Furniture,Furnishings,33.756,8.9088,21,5,0.08,0.2639175257731959,1.4694405083755576e-05,Low Revenue / Low Profit
FUR-FU-10001861,"Floodlight Indoor Halogen Bulbs, 1 Bulb per Pack, 60 Watts",Furniture,Furnishings,434.56,197.104,24,6,0.13333333333333333,0.4535714285714286,0.00018916935280237064,High Revenue / High Profit
FUR-FU-10001867,"Eldon Expressions Punched Metal & Wood Desk Accessories, Pewter & Cherry",Furniture,Furnishings,121.296,21.7056,13,3,0.13333333333333333,0.17894736842105263,5.2801651826022524e-05,Low Revenue / Low Profit
FUR-FU-10001876,"Computer Room Manger, 14""",Furniture,Furnishings,636.6080000000001,179.2896,22,7,0.14285714285714285,0.2816326530612245,0.0002771233508579059,High Revenue / High Profit
FUR-FU-10001889,Ultra Door Pull Handle,Furniture,Furnishings,265.104,74.7972,27,6,0.06666666666666667,0.2821428571428572,0.00011540305620701321,Low Revenue / High Profit
FUR-FU-10001918,C-Line Cubicle Keepers Polyproplyene Holder With Velcro Backings,Furniture,Furnishings,137.17,47.7257,31,8,0.125,0.3479310344827587,5.9711800726944905e-05,Low Revenue / High Profit
FUR-FU-10001934,Magnifier Swing Arm Lamp,Furniture,Furnishings,251.76000000000002,65.4576,12,5,0.0,0.25999999999999995,0.00010959424765630715,Low Revenue / High Profit
FUR-FU-10001935,3M Hangers With Command Adhesive,Furniture,Furnishings,108.03999999999999,36.001,33,8,0.15,0.33321917808219176,4.703115076575875e-05,Low Revenue / Low Profit
FUR-FU-10001940,Staple-based wall hangings,Furniture,Furnishings,219.696,50.3072,38,10,0.27999999999999997,0.2289855072463768,9.563639113878318e-05,Low Revenue / High Profit
FUR-FU-10001967,Telescoping Adjustable Floor Lamp,Furniture,Furnishings,143.928,-5.997000000000002,10,6,0.3,-0.04166666666666668,6.265364186795748e-05,Low Revenue / Low Profit
FUR-FU-10001979,Dana Halogen Swing-Arm Architect Lamp,Furniture,Furnishings,1114.384,288.4288,28,6,0.06666666666666667,0.25882352941176473,0.00048510516396658,High Revenue / High Profit
FUR-FU-10001986,"Dana Fluorescent Magnifying Lamp, White, 36""",Furniture,Furnishings,581.172,81.568,14,4,0.25,0.14035087719298245,0.00025299137312881847,High Revenue / High Profit
FUR-FU-10002030,"Executive Impressions 14"" Contract Wall Clock with Quartz Movement",Furniture,Furnishings,97.812,-1.7783999999999978,8,2,0.4,-0.01818181818181816,4.2578775626623426e-05,Low Revenue / Low Profit
FUR-FU-10002045,"Executive Impressions 14""",Furniture,Furnishings,377.90999999999997,166.2804,17,4,0.0,0.44,0.00016450890583013595,High Revenue / High Profit
FUR-FU-10002088,Nu-Dell Float Frame 11 x 14 1/2,Furniture,Furnishings,170.62,56.0352,22,7,0.17142857142857143,0.32842105263157895,7.427300021893519e-05,Low Revenue / High Profit
FUR-FU-10002107,Eldon Pizzaz Desk Accessories,Furniture,Furnishings,37.464,13.736799999999999,19,4,0.1,0.36666666666666664,1.6308543431029116e-05,Low Revenue / Low Profit
FUR-FU-10002111,"Master Caster Door Stop, Large Brown",Furniture,Furnishings,59.696,14.56,10,3,0.19999999999999998,0.24390243902439027,2.598640851640813e-05,Low Revenue / Low Profit
FUR-FU-10002116,"Tenex Carpeted, Granite-Look or Clear Contemporary Contour Shape Chair Mats",Furniture,Furnishings,763.6679999999999,-222.73649999999998,15,5,0.24,-0.2916666666666667,0.0003324341433078994,High Revenue / Low Profit
FUR-FU-10002157,Artistic Insta-Plaque,Furniture,Furnishings,156.8,61.152,10,3,0.0,0.38999999999999996,6.825698296992755e-05,Low Revenue / High Profit
FUR-FU-10002191,G.E. Halogen Desk Lamp Bulbs,Furniture,Furnishings,62.82,22.8944,11,5,0.15999999999999998,0.36444444444444446,2.7346324427110002e-05,Low Revenue / Low Profit
FUR-FU-10002240,Nu-Dell EZ-Mount Plastic Wall Frames,Furniture,Furnishings,19.7,0.7879999999999998,8,2,0.3,0.039999999999999994,8.575654110379927e-06,Low Revenue / Low Profit
FUR-FU-10002253,"Howard Miller 13"" Diameter Pewter Finish Round Wall Clock",Furniture,Furnishings,1047.7359999999999,340.5142,27,7,0.1142857142857143,0.32500000000000007,0.0004560924637052296,High Revenue / High Profit
FUR-FU-10002268,Ultra Door Push Plate,Furniture,Furnishings,149.264,37.4142,34,7,0.05714285714285715,0.2506578947368421,6.497646878841368e-05,Low Revenue / Low Profit
FUR-FU-10002298,"Rubbermaid ClusterMat Chairmats, Mat Size- 66"" x 60"", Lip 20"" x 11"" -90 Degree Angle",Furniture,Furnishings,2064.228,-173.12879999999998,24,5,0.2,-0.08387096774193548,0.000898584027053875,High Revenue / Low Profit
FUR-FU-10002364,"Eldon Expressions Wood Desk Accessories, Oak",Furniture,Furnishings,183.024,10.110600000000002,33,12,0.16666666666666666,0.05524193548387098,7.967261512173482e-05,Low Revenue / Low Profit
FUR-FU-10002379,Eldon Econocleat Chair Mats for Low Pile Carpets,Furniture,Furnishings,331.76,39.8112,8,2,0.0,0.12,0.00014441923896749465,High Revenue / Low Profit
FUR-FU-10002396,"DAX Copper Panel Document Frame, 5 x 7 Size",Furniture,Furnishings,171.088,39.7528,18,5,0.2,0.2323529411764706,7.447672641810564e-05,Low Revenue / Low Profit
FUR-FU-10002445,"DAX Two-Tone Rosewood/Black Document Frame, Desktop, 5 x 7",Furniture,Furnishings,216.144,73.944,25,8,0.09999999999999999,0.34210526315789475,9.409016152456646e-05,Low Revenue / High Profit
FUR-FU-10002456,"Master Caster Door Stop, Large Neon Orange",Furniture,Furnishings,154.336,42.2968,27,7,0.17142857142857143,0.2740566037735849,6.718437323754298e-05,Low Revenue / Low Profit
FUR-FU-10002501,Nu-Dell Executive Frame,Furniture,Furnishings,409.536,98.97120000000001,39,6,0.16666666666666666,0.2416666666666667,0.00017827609552023118,High Revenue / High Profit
FUR-FU-10002505,Eldon 100 Class Desk Accessories,Furniture,Furnishings,36.396,-4.8528,18,4,0.3,-0.13333333333333333,1.5843629797024764e-05,Low Revenue / Low Profit
FUR-FU-10002506,"Tensor ""Hersey Kiss"" Styled Floor Lamp",Furniture,Furnishings,93.52799999999999,2.0784000000000002,8,3,0.06666666666666667,0.022222222222222227,4.071389734190933e-05,Low Revenue / Low Profit
FUR-FU-10002508,Document Clip Frames,Furniture,Furnishings,45.036,16.0128,6,2,0.1,0.3555555555555555,1.9604728858633018e-05,Low Revenue / Low Profit
FUR-FU-10002553,"Electrix Incandescent Magnifying Lamp, Black",Furniture,Furnishings,117.28,-16.4925,5,2,0.4,-0.140625,5.105343726220091e-05,Low Revenue / Low Profit
FUR-FU-10002554,"Westinghouse Floor Lamp with Metal Mesh Shade, Black",Furniture,Furnishings,167.93,38.6239,7,4,0.0,0.22999999999999998,7.310200988609652e-05,Low Revenue / Low Profit
FUR-FU-10002597,"C-Line Magnetic Cubicle Keepers, Clear Polypropylene",Furniture,Furnishings,136.344,56.1184,28,7,0.028571428571428574,0.41159420289855075,5.9352232691656894e-05,Low Revenue / High Profit
FUR-FU-10002671,Electrix 20W Halogen Replacement Bulb for Zoom-In Desk Lamp,Furniture,Furnishings,168.84,78.256,13,5,0.04,0.4634920634920635,7.349814416226128e-05,Low Revenue / High Profit
FUR-FU-10002685,"Executive Impressions 13-1/2"" Indoor/Outdoor Wall Clock",Furniture,Furnishings,56.099999999999994,21.317999999999998,3,2,0.0,0.38,2.442102515697025e-05,Low Revenue / Low Profit
FUR-FU-10002703,"Tenex Traditional Chairmats for Hard Floors, Average Lip, 36"" x 48""",Furniture,Furnishings,180.46,-46.403999999999996,4,2,0.3,-0.2571428571428571,7.855647415021127e-05,Low Revenue / Low Profit
FUR-FU-10002759,12-1/2 Diameter Round Wall Clock,Furniture,Furnishings,551.448,91.1088,36,8,0.27499999999999997,0.16521739130434784,0.0002400521476071467,High Revenue / High Profit
FUR-FU-10002813,"DAX Contemporary Wood Frame with Silver Metal Mat, Desktop, 11 x 14 Size",Furniture,Furnishings,291.45599999999996,97.152,15,5,0.04,0.33333333333333337,0.00012687440834491836,High Revenue / High Profit
FUR-FU-10002874,Ultra Commercial Grade Dual Valve Door Closer,Furniture,Furnishings,63.824,9.5736,2,1,0.2,0.15000000000000002,2.7783378068065405e-05,Low Revenue / Low Profit
FUR-FU-10002878,"Seth Thomas 14"" Day/Date Wall Clock",Furniture,Furnishings,467.072,162.0512,17,6,0.06666666666666667,0.3469512195121951,0.00020332222927123725,High Revenue / High Profit
FUR-FU-10002885,Magna Visual Magnetic Picture Hangers,Furniture,Furnishings,84.83200000000001,28.0524,19,6,0.10000000000000002,0.33068181818181813,3.692842078638325e-05,Low Revenue / Low Profit
FUR-FU-10002918,Eldon ClusterMat Chair Mat with Cordless Antistatic Protection,Furniture,Furnishings,1200.936,-256.56359999999995,18,5,0.15999999999999998,-0.2136363636363636,0.0005227823220661538,High Revenue / Low Profit
FUR-FU-10002937,"GE 48"" Fluorescent Tube, Cool White Energy Saver, 34 Watts, 30/Box",Furniture,Furnishings,2699.056,1260.221,29,8,0.07500000000000001,0.46691176470588236,0.001174932521855107,High Revenue / High Profit
FUR-FU-10002960,"Eldon 200 Class Desk Accessories, Burgundy",Furniture,Furnishings,135.648,44.588,25,5,0.12000000000000002,0.3287037037037037,5.904925526724956e-05,Low Revenue / High Profit
FUR-FU-10002963,"Master Caster Door Stop, Gray",Furniture,Furnishings,47.752,14.224,10,4,0.15,0.2978723404255319,2.0787037313647834e-05,Low Revenue / Low Profit
FUR-FU-10003026,"Eldon Regeneration Recycled Desk Accessories, Black",Furniture,Furnishings,39.688,13.116399999999999,9,3,0.06666666666666667,0.33048780487804874,1.7276678189480132e-05,Low Revenue / Low Profit
FUR-FU-10003039,"Howard Miller 11-1/2"" Diameter Grantwood Wall Clock",Furniture,Furnishings,500.308,101.7868,14,6,0.16666666666666666,0.20344827586206896,0.0002177902719114701,High Revenue / High Profit
FUR-FU-10003095,"Linden 12"" Wall Clock With Oak Frame",Furniture,Furnishings,101.94,30.582,3,1,0.0,0.3,4.43757451782807e-05,Low Revenue / Low Profit
FUR-FU-10003096,"Master Giant Foot Doorstop, Safety Yellow",Furniture,Furnishings,83.49,31.5744,12,3,0.06666666666666667,0.37818181818181823,3.634423155713808e-05,Low Revenue / Low Profit
FUR-FU-10003142,"Master Big Foot Doorstop, Beige",Furniture,Furnishings,152.064,42.768,30,6,0.03333333333333333,0.28125,6.619534348430525e-05,Low Revenue / Low Profit
FUR-FU-10003192,Luxo Adjustable Task Clamp Lamp,Furniture,Furnishings,1545.816,362.46720000000005,18,4,0.05,0.23448275862068968,0.0006729128596086832,High Revenue / High Profit
FUR-FU-10003194,"Eldon Expressions Desk Accessory, Wood Pencil Holder, Oak",Furniture,Furnishings,108.08,6.755000000000001,15,4,0.2,0.06250000000000001,4.7048563261414345e-05,Low Revenue / Low Profit
FUR-FU-10003247,36X48 HARDFLOOR CHAIRMAT,Furniture,Furnishings,369.24800000000005,-40.4914,21,6,0.2333333333333333,-0.10965909090909089,0.00016073822989591717,High Revenue / Low Profit
FUR-FU-10003268,Eldon Radial Chair Mat for Low to Medium Pile Carpets,Furniture,Furnishings,775.6120000000001,135.932,20,6,0.06666666666666667,0.17525773195876285,0.00033763351451065977,High Revenue / High Profit
FUR-FU-10003274,Regeneration Desk Collection,Furniture,Furnishings,35.904,15.206399999999999,21,5,0.04,0.4235294117647058,1.5629456100460963e-05,Low Revenue / Low Profit
FUR-FU-10003347,Coloredge Poster Frame,Furniture,Furnishings,298.2,116.298,21,6,0.0,0.39,0.00012981015511245148,High Revenue / High Profit
FUR-FU-10003374,Electrix Fluorescent Magnifier Lamps & Weighted Base,Furniture,Furnishings,463.79600000000005,73.0232,11,2,0.1,0.15744680851063828,0.00020189614587704413,High Revenue / High Profit
FUR-FU-10003394,"Tenex ""The Solids"" Textured Chair Mats",Furniture,Furnishings,1469.1599999999999,-40.57679999999999,26,7,0.19999999999999998,-0.027619047619047616,0.0006395435529343033,High Revenue / Low Profit
FUR-FU-10003424,Nu-Dell Oak Frame,Furniture,Furnishings,151.656,35.4576,16,3,0.13333333333333333,0.23380281690140844,6.60177360286182e-05,Low Revenue / Low Profit
FUR-FU-10003464,"Seth Thomas 8 1/2"" Cubicle Clock",Furniture,Furnishings,210.912,59.217600000000004,11,4,0.05,0.28076923076923077,9.181260709281479e-05,Low Revenue / High Profit
FUR-FU-10003489,Contemporary Borderless Frame,Furniture,Furnishings,36.162,3.6162,6,2,0.3,0.1,1.5741766697439542e-05,Low Revenue / Low Profit
FUR-FU-10003535,Howard Miller Distant Time Traveler Alarm Clock,Furniture,Furnishings,531.948,192.2142,21,6,0.13333333333333333,0.36134020618556706,0.00023156355597504476,High Revenue / High Profit
FUR-FU-10003553,"Howard Miller 13-1/2"" Diameter Rosebrook Wall Clock",Furniture,Furnishings,949.026,247.57199999999997,17,5,0.2,0.2608695652173913,0.00041312277755113815,High Revenue / High Profit
FUR-FU-10003577,Nu-Dell Leatherette Frames,Furniture,Furnishings,246.64800000000002,81.4512,18,3,0.06666666666666667,0.33023255813953484,0.00010736893071152226,Low Revenue / High Profit
FUR-FU-10003601,"Deflect-o RollaMat Studded, Beveled Mat for Medium Pile Carpeting",Furniture,Furnishings,1623.248,-343.0956,26,6,0.26666666666666666,-0.21136363636363636,0.0007066199686987816,High Revenue / Low Profit
FUR-FU-10003623,"DataProducts Ampli Magnifier Task Lamp, Black,",Furniture,Furnishings,508.72800000000007,99.5808,21,5,0.12000000000000002,0.1957446808510638,0.0002214556022469726,High Revenue / High Profit
FUR-FU-10003664,"Electrix Architect's Clamp-On Swing Arm Lamp, Black",Furniture,Furnishings,2863.8,627.1722000000001,33,4,0.12,0.21900000000000003,0.0012466476264622354,High Revenue / High Profit
FUR-FU-10003691,"Eldon Image Series Desk Accessories, Ebony",Furniture,Furnishings,180.31,55.822,18,5,0.16,0.3095890410958904,7.849117729150279e-05,Low Revenue / High Profit
FUR-FU-10003708,"Tenex Traditional Chairmats for Medium Pile Carpet, Standard Lip, 36"" x 48""",Furniture,Furnishings,1322.17,172.246,24,6,0.13333333333333333,0.13027522935779817,0.0005755569845239102,High Revenue / High Profit
FUR-FU-10003724,Westinghouse Clip-On Gooseneck Lamps,Furniture,Furnishings,279.558,44.1936,38,9,0.1111111111111111,0.15808383233532936,0.00012169506151216202,Low Revenue / High Profit
FUR-FU-10003731,"Eldon Expressions Wood and Plastic Desk Accessories, Oak",Furniture,Furnishings,149.70000000000002,41.916,15,5,0.0,0.27999999999999997,6.516626499105966e-05,Low Revenue / Low Profit
FUR-FU-10003773,Eldon Cleatmat Plus Chair Mats for High Pile Carpets,Furniture,Furnishings,1304.1280000000002,-111.328,20,5,0.15999999999999998,-0.08536585365853658,0.0005677030783584546,High Revenue / Low Profit
FUR-FU-10003798,"Ultra Door Kickplate, 8""H x 34""W",Furniture,Furnishings,158.24,27.692,10,2,0.2,0.175,6.888383281352893e-05,Low Revenue / Low Profit
FUR-FU-10003799,"Seth Thomas 13 1/2"" Wall Clock",Furniture,Furnishings,316.48400000000004,71.12,20,5,0.16,0.2247191011235955,0.00013776940687662342,High Revenue / High Profit
FUR-FU-10003806,"Tenex Chairmat w/ Average Lip, 45"" x 53""",Furniture,Furnishings,2058.496,-529.76,19,4,0.3,-0.25735294117647056,0.0008960888164264285,High Revenue / Low Profit
FUR-FU-10003829,Stackable Trays,Furniture,Furnishings,65.296,17.1248,23,7,0.08571428571428573,0.2622641509433962,2.842415790819126e-05,Low Revenue / Low Profit
FUR-FU-10003832,"Eldon Expressions Punched Metal & Wood Desk Accessories, Black & Cherry",Furniture,Furnishings,155.708,20.636,20,5,0.2,0.1325301204819277,6.778162183852984e-05,Low Revenue / Low Profit
FUR-FU-10003849,"DAX Metal Frame, Desktop, Stepped-Edge",Furniture,Furnishings,161.92,26.1096,11,5,0.24,0.16125,7.048578241384354e-05,Low Revenue / Low Profit
FUR-FU-10003878,"Linden 10"" Round Wall Clock, Black",Furniture,Furnishings,253.648,41.8672,21,6,0.16666666666666666,0.1650602409638554,0.00011041611745125117,Low Revenue / Low Profit
FUR-FU-10003919,Eldon Executive Woodline II Cherry Finish Desk Accessories,Furniture,Furnishings,98.13600000000001,-78.5088,6,2,0.6,-0.7999999999999998,4.271981684143374e-05,Low Revenue / Low Profit
FUR-FU-10003930,Howard Miller 12-3/4 Diameter Accuwave DS  Wall Clock,Furniture,Furnishings,786.9,147.9372,14,2,0.4,0.188,0.00034254732078466826,High Revenue / High Profit
FUR-FU-10003975,Eldon Advantage Chair Mats for Low to Medium Pile Carpets,Furniture,Furnishings,563.03,56.303000000000004,13,5,0.0,0.10000000000000002,0.0002450939357242239,High Revenue / High Profit
FUR-FU-10003976,"DAX Executive Solid Wood Document Frame, Desktop or Hang, Mahogany, 5 x 7",Furniture,Furnishings,196.248,55.1004,17,5,0.04,0.28076923076923077,8.542918618547411e-05,Low Revenue / High Profit
FUR-FU-10003981,Eldon Wave Desk Accessories,Furniture,Furnishings,29.952,10.6496,16,5,0.08,0.3555555555555555,1.303847674690861e-05,Low Revenue / Low Profit
FUR-FU-10004006,"Deflect-o DuraMat Lighweight, Studded, Beveled Mat for Low Pile Carpeting",Furniture,Furnishings,673.87,72.07849999999999,17,6,0.06666666666666667,0.10696202531645568,0.0002933439611858742,High Revenue / High Profit
FUR-FU-10004017,"Executive Impressions 13"" Chairman Wall Clock",Furniture,Furnishings,253.8,72.333,11,3,0.06666666666666667,0.285,0.00011048228493474243,Low Revenue / High Profit
FUR-FU-10004017,"Tenex Contemporary Contur Chairmats for Low and Medium Pile Carpet, Computer, 39"" x 49""",Furniture,Furnishings,1010.7819999999999,150.542,10,4,0.05,0.14893617021276598,0.0004400059295938093,High Revenue / High Profit
FUR-FU-10004018,Tensor Computer Mounted Lamp,Furniture,Furnishings,536.04,144.7308,36,8,0.0,0.27,0.00023334485428061198,High Revenue / High Profit
FUR-FU-10004020,Advantus Panel Wall Acrylic Frame,Furniture,Furnishings,87.52,25.162,20,5,0.2,0.2875,3.809854049443915e-05,Low Revenue / Low Profit
FUR-FU-10004053,DAX Two-Tone Silver Metal Document Frame,Furniture,Furnishings,234.784,84.8056,13,6,0.13333333333333333,0.36120689655172417,0.00010220438450007314,Low Revenue / High Profit
FUR-FU-10004071,Luxo Professional Magnifying Clamp-On Fluorescent Lamps,Furniture,Furnishings,1268.922,106.09020000000001,13,4,0.05,0.08360655737704918,0.0005523774703071837,High Revenue / High Profit
FUR-FU-10004090,"Executive Impressions 14"" Contract Wall Clock",Furniture,Furnishings,346.788,93.5883,17,7,0.05714285714285715,0.26987179487179486,0.00015096111358530123,High Revenue / High Profit
FUR-FU-10004091,"Eldon 200 Class Desk Accessories, Black",Furniture,Furnishings,75.36,28.6368,12,2,0.0,0.38,3.280514181513865e-05,Low Revenue / Low Profit
FUR-FU-10004091,"Howard Miller 13"" Diameter Goldtone Round Wall Clock",Furniture,Furnishings,1042.068,294.3138,27,6,0.16666666666666666,0.28243243243243243,0.00045362511307083203,High Revenue / High Profit
FUR-FU-10004093,Hand-Finished Solid Wood Document Frame,Furniture,Furnishings,260.14799999999997,68.46000000000001,8,3,0.06666666666666667,0.26315789473684215,0.00011324564799528513,Low Revenue / High Profit
FUR-FU-10004164,"Eldon 300 Class Desk Accessories, Black",Furniture,Furnishings,29.7,13.068000000000001,6,2,0.0,0.44000000000000006,1.2928778024278369e-05,Low Revenue / Low Profit
FUR-FU-10004188,Luxo Professional Combination Clamp-On Lamps,Furniture,Furnishings,1329.9,345.774,13,5,0.0,0.26,0.0005789219493093536,High Revenue / High Profit
FUR-FU-10004245,"Career Cubicle Clock, 8 1/4"", Black",Furniture,Furnishings,194.68800000000002,68.952,10,3,0.06666666666666667,0.35416666666666663,8.475009885490596e-05,Low Revenue / High Profit
FUR-FU-10004270,"Eldon Image Series Desk Accessories, Burgundy",Furniture,Furnishings,111.18799999999999,28.256800000000002,31,8,0.125,0.2541353383458647,4.840151417385398e-05,Low Revenue / Low Profit
FUR-FU-10004270,"Executive Impressions 13"" Clairmont Wall Clock",Furniture,Furnishings,315.372,88.458,20,8,0.22499999999999998,0.28048780487804875,0.0001372853394973979,High Revenue / High Profit
FUR-FU-10004306,Electrix Halogen Magnifier Lamp,Furniture,Furnishings,2759.06,314.76599999999996,17,6,0.2333333333333333,0.11408450704225351,0.001201053006588063,High Revenue / High Profit
FUR-FU-10004351,Staple-based wall hangings,Furniture,Furnishings,202.592,71.68639999999999,24,6,0.16666666666666666,0.3538461538461538,8.819080799645129e-05,Low Revenue / High Profit
FUR-FU-10004415,"Stacking Tray, Side-Loading, Legal, Smoke",Furniture,Furnishings,46.592,-2.8672,16,4,0.25,-0.06153846153846154,2.0282074939635613e-05,Low Revenue / Low Profit
FUR-FU-10004460,"Howard Miller 12"" Round Wall Clock",Furniture,Furnishings,479.33799999999997,127.2996,14,2,0.1,0.2655737704918033,0.00020866177106402506,High Revenue / High Profit
FUR-FU-10004586,G.E. Longer-Life Indoor Recessed Floodlight Bulbs,Furniture,Furnishings,81.00800000000001,25.763199999999998,16,6,0.2333333333333333,0.31803278688524583,3.526378620170849e-05,Low Revenue / Low Profit
FUR-FU-10004587,"GE General Use Halogen Bulbs, 100 Watts, 1 Bulb per Pack",Furniture,Furnishings,163.332,3.141000000000002,15,3,0.39999999999999997,0.019230769230769242,7.110044351048601e-05,Low Revenue / Low Profit
FUR-FU-10004597,Eldon Cleatmat Chair Mats for Medium Pile Carpets,Furniture,Furnishings,344.1,-42.18000000000001,8,4,0.3,-0.12258064516129033,0.00014979099387724536,High Revenue / Low Profit
FUR-FU-10004622,Eldon Advantage Foldable Chair Mats for Low Pile Carpets,Furniture,Furnishings,379.4,-48.78,10,3,0.19999999999999998,-0.1285714285714286,0.0001651575212933068,High Revenue / Low Profit
FUR-FU-10004665,"3M Polarizing Task Lamp with Clamp Arm, Light Gray",Furniture,Furnishings,2191.68,569.8368,16,4,0.0,0.26000000000000006,0.0009540654619612934,High Revenue / High Profit
FUR-FU-10004666,DAX Clear Channel Poster Frame,Furniture,Furnishings,119.556,27.701999999999998,10,3,0.19999999999999998,0.23170731707317072,5.204420826500419e-05,Low Revenue / Low Profit
FUR-FU-10004671,"Executive Impressions 12"" Wall Clock",Furniture,Furnishings,176.7,23.3244,14,6,0.26666666666666666,0.132,7.691969955858544e-05,Low Revenue / Low Profit
FUR-FU-10004712,"Westinghouse Mesh Shade Clip-On Gooseneck Lamp, Black",Furniture,Furnishings,84.84,22.0584,6,2,0.0,0.25999999999999995,3.693190328551437e-05,Low Revenue / Low Profit
FUR-FU-10004748,"Howard Miller 16"" Diameter Gallery Wall Clock",Furniture,Furnishings,575.46,107.41919999999999,12,4,0.15,0.18666666666666665,0.00025050486874919967,High Revenue / High Profit
FUR-FU-10004845,"Deflect-o EconoMat Nonstudded, No Bevel Mat",Furniture,Furnishings,702.44,123.96,14,3,0.06666666666666667,0.1764705882352941,0.0003057808362078821,High Revenue / High Profit
FUR-FU-10004848,DAX Solid Wood Frames,Furniture,Furnishings,113.332,33.3157,13,3,0.06666666666666667,0.2939655172413793,4.93348239409938e-05,Low Revenue / Low Profit
FUR-FU-10004848,"Howard Miller 13-3/4"" Diameter Brushed Chrome Round Wall Clock",Furniture,Furnishings,1324.8,201.82500000000002,31,9,0.13333333333333333,0.15234375000000003,0.0005767018561132653,High Revenue / High Profit
FUR-FU-10004864,Eldon 500 Class Desk Accessories,Furniture,Furnishings,197.948,60.470699999999994,17,6,0.06666666666666667,0.3054878048780487,8.616921725083685e-05,Low Revenue / High Profit
FUR-FU-10004864,"Howard Miller 14-1/2"" Diameter Chrome Round Wall Clock",Furniture,Furnishings,1636.864,375.9672,29,7,0.11428571428571428,0.2296875,0.0007125471822199457,High Revenue / High Profit
FUR-FU-10004904,"Eldon ""L"" Workstation Diamond Chairmat",Furniture,Furnishings,1002.936,-267.4496,19,4,0.3,-0.2666666666666666,0.00043659046857096463,High Revenue / Low Profit
FUR-FU-10004909,Contemporary Wood/Metal Frame,Furniture,Furnishings,193.92,4.847999999999999,18,4,0.35,0.024999999999999998,8.441577893831855e-05,Low Revenue / Low Profit
FUR-FU-10004952,"C-Line Cubicle Keepers Polyproplyene Holder w/Velcro Back, 8-1/2x11, 25/Bx",Furniture,Furnishings,514.556,23.53819999999999,13,4,0.15,0.045744680851063806,0.00022399260286399262,High Revenue / Low Profit
FUR-FU-10004960,"Seth Thomas 12"" Clock w/ Goldtone Case",Furniture,Furnishings,390.66,132.8244,17,3,0.0,0.33999999999999997,0.0001700591388203565,High Revenue / High Profit
FUR-FU-10004963,"Eldon 400 Class Desk Accessories, Black Carbon",Furniture,Furnishings,159.25,47.6,22,6,0.16666666666666666,0.2989010989010989,6.932349832883267e-05,Low Revenue / High Profit
FUR-FU-10004973,Flat Face Poster Frame,Furniture,Furnishings,678.24,120.9528,51,12,0.3,0.17833333333333332,0.0002952462763362478,High Revenue / High Profit
FUR-TA-10000198,Chromcraft Bull-Nose Wood Oval Conference Tables & Bases,Furniture,Tables,9917.640000000001,-2876.1156,27,5,0.28,-0.29,0.004317271585343573,High Revenue / Low Profit
FUR-TA-10000577,Bretford CR4500 Series Slim Rectangular Table,Furniture,Tables,7242.768,-532.7613,29,8,0.2625,-0.07355769230769231,0.003152866658361838,High Revenue / Low Profit
FUR-TA-10000617,"Hon Practical Foundations 30 x 60 Training Table, Light Gray/Charcoal",Furniture,Tables,4334.8275,430.0695,22,6,0.17500000000000002,0.09921259842519685,0.0018870041252874593,High Revenue / High Profit
FUR-TA-10000688,"Chromcraft Bull-Nose Wood Round Conference Table Top, Wood Base",Furniture,Tables,3354.89,100.211,18,6,0.18333333333333335,0.02987012987012987,0.0014604251887498738,High Revenue / High Profit
FUR-TA-10000849,Bevis Rectangular Conference Tables,Furniture,Tables,1007.262,-586.8396,13,4,0.475,-0.582608695652174,0.0004384736299761171,High Revenue / Low Profit
FUR-TA-10001039,KI Adjustable-Height Table,Furniture,Tables,2764.257,-226.12740000000002,47,11,0.22272727272727275,-0.0818040435458787,0.0012033153250861162,High Revenue / Low Profit
FUR-TA-10001086,"SAFCO PlanMaster Boards, 60w x 37-1/2d, White Melamine",Furniture,Tables,2979.004,54.71640000000002,26,5,0.26,0.01836734693877552,0.0012967973551999109,High Revenue / High Profit
FUR-TA-10001095,Chromcraft Round Conference Tables,Furniture,Tables,8209.059,-189.9761,61,13,0.2576923076923077,-0.023142250530785564,0.0035735051043503216,High Revenue / Low Profit
FUR-TA-10001307,"SAFCO PlanMaster Heigh-Adjustable Drafting Table Base, 43w x 30d x 30-37h, Black",Furniture,Tables,3739.115,608.043,14,5,0.27999999999999997,0.16261682242990655,0.0016276830923316367,High Revenue / High Profit
FUR-TA-10001520,"Lesro Sheffield Collection Coffee Table, End Table, Center Table, Corner Table",Furniture,Tables,2298.114,-12.132900000000003,39,9,0.17777777777777778,-0.005279503105590063,0.0010003975010264802,High Revenue / Low Profit
FUR-TA-10001539,Chromcraft Rectangular Conference Tables,Furniture,Tables,4952.673,-450.243,30,9,0.32222222222222224,-0.09090909090909091,0.002155959927401913,High Revenue / Low Profit
FUR-TA-10001676,Hon 61000 Series Interactive Training Tables,Furniture,Tables,653.121,-148.3962,22,9,0.3111111111111111,-0.22721088435374148,0.00028431166437692634,High Revenue / Low Profit
FUR-TA-10001691,"Barricks Non-Folding Utility Table with Steel Legs, Laminate Tops",Furniture,Tables,136.464,15.3522,2,1,0.2,0.1125,5.940447017862368e-05,Low Revenue / Low Profit
FUR-TA-10001705,Bush Advantage Collection Round Conference Table,Furniture,Tables,3401.6000000000004,210.47400000000002,19,4,0.2375,0.061875,0.0014807586305516937,High Revenue / High Profit
FUR-TA-10001768,Hon Racetrack Conference Tables,Furniture,Tables,3963.901,-598.5228,22,6,0.2833333333333334,-0.1509933774834437,0.0017255352235425942,High Revenue / Low Profit
FUR-TA-10001771,"Bush Cubix Conference Tables, Fully Assembled",Furniture,Tables,3603.288,311.82300000000004,19,4,0.2,0.08653846153846155,0.0015685559161463284,High Revenue / High Profit
FUR-TA-10001857,Balt Solid Wood Rectangular Table,Furniture,Tables,828.0965,-216.2545,11,4,0.2625,-0.2611464968152866,0.00036048066771656,High Revenue / Low Profit
FUR-TA-10001866,Bevis Round Conference Room Tables and Bases,Furniture,Tables,519.941,-39.4438,4,2,0.25,-0.07586206896551724,0.00022633676009162692,High Revenue / Low Profit
FUR-TA-10001889,Bush Advantage Collection Racetrack Conference Table,Furniture,Tables,9544.725,-1934.3976,33,7,0.35000000000000003,-0.20266666666666666,0.004154937064908429,High Revenue / Low Profit
FUR-TA-10001932,"Chromcraft 48"" x 96"" Racetrack Double Pedestal Table",Furniture,Tables,5098.176,-404.00640000000004,22,6,0.31666666666666665,-0.07924528301886792,0.00221929918628631,High Revenue / Low Profit
FUR-TA-10001950,Balt Solid Wood Round Tables,Furniture,Tables,6518.754,-1201.0581,19,4,0.2,-0.18424657534246575,0.0028376943926221115,High Revenue / Low Profit
FUR-TA-10002041,"Bevis Round Conference Table Top, X-Base",Furniture,Tables,2671.421,-519.941,20,6,0.26666666666666666,-0.1946308724832215,0.0011629026639190486,High Revenue / Low Profit
FUR-TA-10002228,"Bevis Traditional Conference Table Top, Plinth Base",Furniture,Tables,2033.496,-456.7032,9,3,0.3333333333333333,-0.2245901639344262,0.0008852060066416824,High Revenue / Low Profit
FUR-TA-10002356,Bevis Boat-Shaped Conference Table,Furniture,Tables,2542.467,-445.587,15,6,0.31666666666666665,-0.17525773195876287,0.0011067673897997626,High Revenue / Low Profit
FUR-TA-10002530,"Iceberg OfficeWorks 42"" Round Tables",Furniture,Tables,3457.442,-392.54799999999994,30,7,0.19999999999999998,-0.11353711790393012,0.0015050673451116852,High Revenue / Low Profit
FUR-TA-10002533,BPI Conference Tables,Furniture,Tables,2241.8675,-795.9725,26,5,0.37,-0.3550488599348534,0.0009759127026041711,High Revenue / Low Profit
FUR-TA-10002607,KI Conference Tables,Furniture,Tables,2140.878,-479.2164,44,8,0.325,-0.223841059602649,0.0009319507218539066,High Revenue / Low Profit
FUR-TA-10002622,"Bush Andora Conference Table, Maple/Graphite Gray Finish",Furniture,Tables,1436.232,-143.6232,12,4,0.3,-0.1,0.0006252095865106184,High Revenue / Low Profit
FUR-TA-10002645,Hon Rectangular Conference Tables,Furniture,Tables,3481.515,-295.815,20,4,0.325,-0.08496732026143791,0.001515546620309613,High Revenue / Low Profit
FUR-TA-10002774,Laminate Occasional Tables,Furniture,Tables,2096.168,-206.5342,18,3,0.2333333333333333,-0.09852941176470588,0.0009124879048348667,High Revenue / Low Profit
FUR-TA-10002855,Bevis Round Conference Table Top & Single Column Base,Furniture,Tables,2297.538,100.97460000000001,19,5,0.22000000000000003,0.043949044585987265,0.0010001467610890396,High Revenue / High Profit
FUR-TA-10002903,"Bevis Round Bullnose 29"" High Table Top",Furniture,Tables,4544.925,-192.18540000000002,24,5,0.26,-0.04228571428571429,0.001978462170437487,High Revenue / Low Profit
FUR-TA-10002958,"Bevis Oval Conference Table, Walnut",Furniture,Tables,6942.068,-856.0144,36,8,0.275,-0.12330827067669173,0.003021968222270912,High Revenue / Low Profit
FUR-TA-10003008,"Lesro Round Back Collection Coffee Table, End Table",Furniture,Tables,2847.7799999999997,-328.59,20,8,0.2875,-0.11538461538461539,0.00123967392195217,High Revenue / Low Profit
FUR-TA-10003238,"Chromcraft Bull-Nose Wood 48"" x 96"" Rectangular Conference Tables",Furniture,Tables,4297.644,-611.5877999999999,11,6,0.3333333333333333,-0.14230769230769227,0.0018708176869822151,High Revenue / Low Profit
FUR-TA-10003392,Global Adaptabilities Conference Tables,Furniture,Tables,3540.348,354.0348,14,4,0.15000000000000002,0.1,0.0015411573542322516,High Revenue / High Profit
FUR-TA-10003469,Balt Split Level Computer Training Table,Furniture,Tables,1040.625,-357.97499999999997,12,5,0.38,-0.344,0.00045299695729005647,High Revenue / Low Profit
FUR-TA-10003473,Bretford Rectangular Conference Table Tops,Furniture,Tables,12995.2915,-327.2331,46,12,0.24583333333333335,-0.025180897250361794,0.005657011419673113,High Revenue / Low Profit
FUR-TA-10003569,Bretford CR8500 Series Meeting Room Furniture,Furniture,Tables,6776.562000000001,461.127,21,6,0.18333333333333335,0.0680473372781065,0.002949921409621545,High Revenue / High Profit
FUR-TA-10003715,Hon 2111 Invitation Series Corner Table,Furniture,Tables,3140.55,-401.9904,18,4,0.2,-0.128,0.001367120330779375,High Revenue / Low Profit
FUR-TA-10003748,Bevis 36 x 72 Conference Tables,Furniture,Tables,4332.252,448.164,40,8,0.1625,0.10344827586206895,0.001885882978223435,High Revenue / High Profit
FUR-TA-10003837,Anderson Hickey Conga Table Tops & Accessories,Furniture,Tables,51.782,-17.514499999999998,5,2,0.30000000000000004,-0.338235294117647,2.2541346250948903e-05,Low Revenue / Low Profit
FUR-TA-10003954,Hon 94000 Series Round Tables,Furniture,Tables,7404.5,-681.2139999999999,30,5,0.16,-0.092,0.0032232706020461003,High Revenue / Low Profit
FUR-TA-10004086,KI Adjustable-Height Table,Furniture,Tables,1788.384,-22.354800000000004,27,7,0.2571428571428572,-0.012500000000000002,0.0007785057157633349,High Revenue / Low Profit
FUR-TA-10004147,Hon 4060 Series Tables,Furniture,Tables,1231.56,96.2856,13,4,0.2,0.07818181818181819,0.0005361133287400763,High Revenue / High Profit
FUR-TA-10004152,"Barricks 18"" x 48"" Non-Folding Utility Table with Bottom Storage Shelf",Furniture,Tables,1088.64,-104.832,16,5,0.32,-0.09629629629629628,0.00047389848176263987,High Revenue / Low Profit
FUR-TA-10004154,"Riverside Furniture Oval Coffee Table, Oval End Table, End Table with Drawer",Furniture,Tables,4446.175,-1147.4,25,5,0.3,-0.25806451612903225,0.00193547507178774,High Revenue / Low Profit
FUR-TA-10004175,"Hon 30"" x 60"" Table with Locking Drawer",Furniture,Tables,1296.028,-177.3512,6,3,0.3333333333333333,-0.1368421052631579,0.0005641770479881968,High Revenue / Low Profit
FUR-TA-10004256,Bretford Just In Time Height-Adjustable Multi-Task Work Tables,Furniture,Tables,5634.9,-964.194,17,4,0.225,-0.1711111111111111,0.0024529417942426323,High Revenue / Low Profit
FUR-TA-10004289,BoxOffice By Design Rectangular and Half-Moon Meeting Room Tables,Furniture,Tables,1706.25,-1148.4375,15,3,0.48333333333333334,-0.6730769230769231,0.0007427517678089214,High Revenue / Low Profit
FUR-TA-10004442,Riverside Furniture Stanwyck Manor Table Series,Furniture,Tables,917.9200000000001,-415.9325,5,3,0.3666666666666667,-0.45312499999999994,0.0003995819503045657,High Revenue / Low Profit
FUR-TA-10004534,Bevis 44 x 96 Conference Tables,Furniture,Tables,3253.2200000000003,-164.72000000000003,20,5,0.18,-0.05063291139240507,0.0014161669779172686,High Revenue / Low Profit
FUR-TA-10004575,Hon 5100 Series Wood Tables,Furniture,Tables,5965.09,-238.60360000000003,26,7,0.21428571428571427,-0.04,0.002596677592755645,High Revenue / Low Profit
FUR-TA-10004607,Hon 2111 Invitation Series Straight Table,Furniture,Tables,2040.054,-115.30739999999999,18,7,0.2714285714285714,-0.056521739130434775,0.000888060785304417,High Revenue / Low Profit
FUR-TA-10004619,Hon Non-Folding Utility Tables,Furniture,Tables,3775.647,541.654,29,5,0.2,0.14345991561181434,0.0016435859246138906,High Revenue / High Profit
FUR-TA-10004767,Safco Drafting Table,Furniture,Tables,638.8199999999999,34.0704,12,4,0.2,0.05333333333333334,0.00027808626186766013,High Revenue / Low Profit
FUR-TA-10004915,"Office Impressions End Table, 20-1/2""H x 24""W x 20""D",Furniture,Tables,5801.816,-66.82720000000002,23,5,0.18,-0.011518324607329846,0.0025256023973638593,High Revenue / Low Profit
OFF-AP-10000026,Tripp Lite Isotel 6 Outlet Surge Protector with Fax/Modem Protection,Office Supplies,Appliances,1243.788,74.99310000000001,27,6,0.19999999999999998,0.06029411764705883,0.0005414363286619914,High Revenue / High Profit
OFF-AP-10000027,Hoover Commercial SteamVac,Office Supplies,Appliances,168.392,35.308,14,4,0.2,0.20967741935483872,7.330312421091862e-05,Low Revenue / Low Profit
OFF-AP-10000055,Belkin F9S820V06 8 Outlet Surge,Office Supplies,Appliances,266.336,-120.17599999999999,17,4,0.4,-0.4512195121951219,0.00011593936107320552,Low Revenue / Low Profit
OFF-AP-10000124,Acco 6 Outlet Guardian Basic Surge Suppressor,Office Supplies,Appliances,38.272,-3.6608,7,2,0.4,-0.09565217391304348,1.666027584327211e-05,Low Revenue / Low Profit
OFF-AP-10000159,Belkin F9M820V08 8 Outlet Surge,Office Supplies,Appliances,558.74,101.003,15,3,0.13333333333333333,0.18076923076923077,0.00024322644556516146,High Revenue / High Profit
OFF-AP-10000179,Honeywell Enviracaire Portable HEPA Air Cleaner for up to 10 x 16 Room,Office Supplies,Appliances,1320.166,417.0244,12,3,0.10000000000000002,0.31588785046728973,0.0005746846184915648,High Revenue / High Profit
OFF-AP-10000240,Belkin F9G930V10-GRY 9 Outlet Surge,Office Supplies,Appliances,770.112,162.57920000000001,16,5,0.16,0.21111111111111114,0.0003352392963580156,High Revenue / High Profit
OFF-AP-10000252,Harmony HEPA Quiet Air Purifiers,Office Supplies,Appliances,128.7,37.44,12,4,0.1,0.2909090909090909,5.6024704771872925e-05,Low Revenue / Low Profit
OFF-AP-10000275,"Sanyo Counter Height Refrigerator with Crisper, 3.6 Cubic Foot, Stainless Steel/Black",Office Supplies,Appliances,5906.52,1653.8256000000001,18,3,0.0,0.28,0.0025711813459919418,High Revenue / High Profit
OFF-AP-10000326,Belkin 7 Outlet SurgeMaster Surge Protector with Phone Protection,Office Supplies,Appliances,157.92,17.766,5,1,0.2,0.1125,6.874453284828416e-05,Low Revenue / Low Profit
OFF-AP-10000358,Fellowes Basic Home/Office Series Surge Protectors,Office Supplies,Appliances,436.12800000000004,58.2802,41,9,0.13333333333333333,0.13363095238095238,0.00018985192263206991,High Revenue / High Profit
OFF-AP-10000390,Euro Pro Shark Stick Mini Vacuum,Office Supplies,Appliances,170.744,-325.6332,11,3,0.6,-1.907142857142857,7.432697895546753e-05,Low Revenue / Low Profit
OFF-AP-10000576,"Belkin 325VA UPS Surge Protector, 6'",Office Supplies,Appliances,1379.172,199.61700000000002,13,4,0.1,0.14473684210526316,0.000600370661457914,High Revenue / High Profit
OFF-AP-10000576,Belkin 7 Outlet SurgeMaster II,Office Supplies,Appliances,631.68,176.8704,16,3,0.0,0.28,0.00027497813139313665,High Revenue / High Profit
OFF-AP-10000595,Disposable Triple-Filter Dust Bags,Office Supplies,Appliances,43.7,11.362,10,4,0.0,0.26,1.9023151503736186e-05,Low Revenue / Low Profit
OFF-AP-10000692,Fellowes Mighty 8 Compact Surge Protector,Office Supplies,Appliances,344.59000000000003,67.2964,19,6,0.10000000000000002,0.1952941176470588,0.00015000429694902637,High Revenue / High Profit
OFF-AP-10000696,Holmes Odor Grabber,Office Supplies,Appliances,357.616,67.774,30,8,0.225,0.18951612903225806,0.00015567467615927046,High Revenue / High Profit
OFF-AP-10000804,Hoover Portapower Portable Vacuum,Office Supplies,Appliances,61.824,1.3439999999999994,18,4,0.30000000000000004,0.0217391304347826,2.6912753285285717e-05,Low Revenue / Low Profit
OFF-AP-10000828,Avanti 4.4 Cu. Ft. Refrigerator,Office Supplies,Appliances,3511.012,383.6776,24,7,0.14285714285714285,0.1092783505154639,0.0015283870299184392,High Revenue / High Profit
OFF-AP-10000891,Kensington 7 Outlet MasterPiece HOMEOFFICE Power Control Center,Office Supplies,Appliances,2491.28,563.816,21,5,0.2,0.2263157894736842,0.0010844850544216907,High Revenue / High Profit
OFF-AP-10000938,Avanti 1.7 Cu. Ft. Refrigerator,Office Supplies,Appliances,2221.56,476.6256,24,4,0.1,0.21454545454545457,0.0009670725962160219,High Revenue / High Profit
OFF-AP-10001005,Honeywell Quietcare HEPA Air Cleaner,Office Supplies,Appliances,1761.76,549.7635,23,6,0.05000000000000001,0.31205357142857143,0.0007669159586549717,High Revenue / High Profit
OFF-AP-10001058,Sanyo 2.5 Cubic Foot Mid-Size Office Refrigerators,Office Supplies,Appliances,4476.96,956.9502,17,4,0.1,0.21375,0.0019488761637566762,High Revenue / High Profit
OFF-AP-10001124,Belkin 8 Outlet SurgeMaster II Gold Surge Protector with Phone Protection,Office Supplies,Appliances,647.84,168.4384,8,1,0.0,0.26,0.0002820127796379966,High Revenue / High Profit
OFF-AP-10001154,Bionaire Personal Warm Mist Humidifier/Vaporizer,Office Supplies,Appliances,515.79,201.1581,11,3,0.0,0.39,0.00022452977835496764,High Revenue / High Profit
OFF-AP-10001205,Belkin 5 Outlet SurgeMaster Power Centers,Office Supplies,Appliances,1776.048,207.024,40,10,0.14,0.11656441717791412,0.0007731357021031498,High Revenue / High Profit
OFF-AP-10001242,APC 7 Outlet Network SurgeArrest Surge Protector,Office Supplies,Appliances,1207.2,80.47999999999998,20,8,0.225,0.06666666666666664,0.0005255091188858198,High Revenue / High Profit
OFF-AP-10001271,Eureka The Boss Cordless Rechargeable Stick Vac,Office Supplies,Appliances,948.228,241.1354,19,6,0.03333333333333333,0.25430107526881723,0.000412775398262809,High Revenue / High Profit
OFF-AP-10001293,Belkin 8 Outlet Surge Protector,Office Supplies,Appliances,1073.676,188.508,30,7,0.14285714285714285,0.17557251908396948,0.0004673844671378822,High Revenue / High Profit
OFF-AP-10001303,"Holmes Cool Mist Humidifier for the Whole House with 8-Gallon Output per Day, Extended Life Filter",Office Supplies,Appliances,147.26,48.754999999999995,9,4,0.2,0.3310810810810811,6.410410275606843e-05,Low Revenue / High Profit
OFF-AP-10001366,Staple holder,Office Supplies,Appliances,186.66,50.398199999999996,17,4,0.0,0.26999999999999996,8.125541097682829e-05,Low Revenue / High Profit
OFF-AP-10001391,Kensington 6 Outlet MasterPiece HOMEOFFICE Power Control Center,Office Supplies,Appliances,812.1600000000001,235.52639999999997,9,2,0.0,0.2899999999999999,0.0003535433117911758,High Revenue / High Profit
OFF-AP-10001394,Harmony Air Purifier,Office Supplies,Appliances,1946.7,374.22,13,5,0.22000000000000003,0.19223300970873788,0.0008474226323186095,High Revenue / High Profit
OFF-AP-10001469,Fellowes 8 Outlet Superior Workstation Surge Protector,Office Supplies,Appliances,759.1220000000001,166.84,20,5,0.08,0.21978021978021978,0.0003304552131766412,High Revenue / High Profit
OFF-AP-10001492,"Acco Six-Outlet Power Strip, 4' Cord Length",Office Supplies,Appliances,343.076,81.5452,41,9,0.022222222222222223,0.23768844221105526,0.00014934523398846215,High Revenue / High Profit
OFF-AP-10001563,Belkin Premiere Surge Master II 8-outlet surge protector,Office Supplies,Appliances,952.168,55.38120000000001,26,7,0.27142857142857146,0.05816326530612245,0.00041449052908488506,High Revenue / High Profit
OFF-AP-10001564,Hoover Commercial Lightweight Upright Vacuum with E-Z Empty Dirt Cup,Office Supplies,Appliances,1023.3520000000001,-9.303200000000004,6,3,0.26666666666666666,-0.009090909090909094,0.0004454778063535797,High Revenue / Low Profit
OFF-AP-10001626,"Commercial WindTunnel Clean Air Upright Vacuum, Replacement Belts, Filtration Bags",Office Supplies,Appliances,50.57,1.6338000000000008,17,7,0.2285714285714286,0.03230769230769232,2.2013747632584413e-05,Low Revenue / Low Profit
OFF-AP-10001634,Hoover Commercial Lightweight Upright Vacuum,Office Supplies,Appliances,18.096,-2.5056000000000003,8,2,0.5,-0.13846153846153847,7.877413034590617e-06,Low Revenue / Low Profit
OFF-AP-10001947,Acco 6 Outlet Guardian Premium Plus Surge Suppressor,Office Supplies,Appliances,289.456,-113.76719999999999,31,6,0.4000000000000001,-0.39303797468354423,0.0001260037835621387,High Revenue / Low Profit
OFF-AP-10001962,Black & Decker Filter for Double Action Dustbuster Cordless Vac BLDV7210,Office Supplies,Appliances,229.88600000000002,53.696,28,6,0.03333333333333333,0.2335766423357664,0.00010007222440704571,Low Revenue / High Profit
OFF-AP-10002082,Holmes HEPA Air Purifier,Office Supplies,Appliances,239.58,41.382,14,6,0.23333333333333336,0.1727272727272727,0.00010429214272917884,Low Revenue / Low Profit
OFF-AP-10002118,"1.7 Cubic Foot Compact ""Cube"" Office Refrigerators",Office Supplies,Appliances,2706.08,578.6848,14,6,0.06666666666666667,0.21384615384615385,0.0011779901560922293,High Revenue / High Profit
OFF-AP-10002191,Belkin 8 Outlet SurgeMaster II Gold Surge Protector,Office Supplies,Appliances,737.754,89.97,15,5,0.22000000000000003,0.12195121951219512,0.000321153457997423,High Revenue / High Profit
OFF-AP-10002203,Eureka Disposable Bags for Sanitaire Vibra Groomer I Upright Vac,Office Supplies,Appliances,1.624,-4.466,2,1,0.8,-2.75,7.069473236171068e-07,Low Revenue / Low Profit
OFF-AP-10002222,Staple holder,Office Supplies,Appliances,107.508,25.229699999999998,13,4,0.05,0.23467741935483868,4.679956457353935e-05,Low Revenue / Low Profit
OFF-AP-10002287,"Eureka Sanitaire  Multi-Pro Heavy-Duty Upright, Disposable Bags",Office Supplies,Appliances,83.904,12.7604,22,5,0.12000000000000002,0.15208333333333335,3.6524450887173475e-05,Low Revenue / Low Profit
OFF-AP-10002311,"Holmes Replacement Filter for HEPA Air Cleaner, Very Large Room, HEPA Filter",Office Supplies,Appliances,1383.0810000000001,381.2074,26,10,0.21000000000000002,0.27562189054726366,0.000602072297595857,High Revenue / High Profit
OFF-AP-10002350,Belkin F9H710-06 7 Outlet SurgeMaster Surge Protector,Office Supplies,Appliances,516.216,122.8368,29,8,0.07500000000000001,0.23795620437956203,0.00022471522143369975,High Revenue / High Profit
OFF-AP-10002403,Acco Smartsocket Color-Coded Six-Outlet AC Adapter Model Surge Protectors,Office Supplies,Appliances,448.902,-7.041599999999996,14,4,0.30000000000000004,-0.015686274509803914,0.00019541260311968376,High Revenue / Low Profit
OFF-AP-10002439,Tripp Lite Isotel 8 Ultra 8 Outlet Metal Surge,Office Supplies,Appliances,823.2520000000001,-17.03280000000001,16,3,0.3333333333333333,-0.020689655172413803,0.00035837179683647193,High Revenue / Low Profit
OFF-AP-10002457,"Eureka The Boss Plus 12-Amp Hard Box Upright Vacuum, Red",Office Supplies,Appliances,1674.4,146.51000000000002,20,6,0.21666666666666667,0.08750000000000001,0.000728887068143155,High Revenue / High Profit
OFF-AP-10002472,3M Office Air Cleaner,Office Supplies,Appliances,259.8,90.93,10,2,0.0,0.35000000000000003,0.00011309415928308149,Low Revenue / High Profit
OFF-AP-10002495,"Acco Smartsocket Table Surge Protector, 6 Color-Coded Adapter Outlets",Office Supplies,Appliances,452.96500000000003,105.48499999999999,8,3,0.10000000000000002,0.23287671232876708,0.00019718127736590072,High Revenue / High Profit
OFF-AP-10002518,Kensington 7 Outlet MasterPiece Power Center,Office Supplies,Appliances,2883.276,229.59420000000003,21,5,0.2,0.07962962962962965,0.0012551257705969438,High Revenue / High Profit
OFF-AP-10002534,3.6 Cubic Foot Counter Height Office Refrigerator,Office Supplies,Appliances,2946.2,-872.0751999999999,18,5,0.52,-0.296,0.0012825173675127585,High Revenue / Low Profit
OFF-AP-10002578,"Fellowes Premier Superior Surge Suppressor, 10-Outlet, With Phone and Remote",Office Supplies,Appliances,929.48,169.2632,21,7,0.14285714285714285,0.18210526315789474,0.00040461416154903226,High Revenue / High Profit
OFF-AP-10002651,Hoover Upright Vacuum With Dirt Cup,Office Supplies,Appliances,6832.908,460.35269999999986,31,6,0.16666666666666666,0.06737288135593218,0.0029744495216267965,High Revenue / High Profit
OFF-AP-10002670,Belkin 8-Outlet Premiere SurgeMaster II Surge Protectors,Office Supplies,Appliances,277.92,83.376,4,2,0.0,0.3,0.00012098201981506547,Low Revenue / High Profit
OFF-AP-10002684,"Acco 7-Outlet Masterpiece Power Center, Wihtout Fax/Phone Line Protection",Office Supplies,Appliances,3039.5,401.21400000000006,31,7,0.2857142857142857,0.132,0.001323132013629431,High Revenue / High Profit
OFF-AP-10002734,Holmes Harmony HEPA Air Purifier for 17 x 20 Room,Office Supplies,Appliances,675.12,290.3016,3,1,0.0,0.43,0.00029388810167511154,High Revenue / High Profit
OFF-AP-10002765,Fellowes Advanced Computer Series Surge Protectors,Office Supplies,Appliances,386.75399999999996,100.662,15,6,0.03333333333333333,0.26027397260273977,0.00016835880861958773,High Revenue / High Profit
OFF-AP-10002867,Fellowes Command Center 5-outlet power strip,Office Supplies,Appliances,664.832,-78.016,15,4,0.25,-0.11734693877551021,0.0002894096077924928,High Revenue / Low Profit
OFF-AP-10002892,Belkin F5C206VTEL 6 Outlet Surge,Office Supplies,Appliances,464.196,110.304,22,7,0.05714285714285715,0.2376237623762376,0.00020207027083360006,High Revenue / High Profit
OFF-AP-10002906,Hoover Replacement Belt for Commercial Guardsman Heavy-Duty Upright Vacuum,Office Supplies,Appliances,9.768,0.4439999999999999,6,4,0.3,0.04545454545454544,4.252131439095997e-06,Low Revenue / Low Profit
OFF-AP-10002945,Honeywell Enviracaire Portable HEPA Air Cleaner for 17' x 22' Room,Office Supplies,Appliances,11304.44,3247.02,40,8,0.05,0.28723404255319146,0.004920962809723009,High Revenue / High Profit
OFF-AP-10002998,Holmes 99% HEPA Air Purifier,Office Supplies,Appliances,333.564,86.8566,17,4,0.1,0.2603896103896104,0.00014520454252156195,High Revenue / High Profit
OFF-AP-10003040,Fellowes 8 Outlet Superior Workstation Surge Protector w/o Phone/Fax/Modem Protection,Office Supplies,Appliances,665.6759999999999,43.706,25,5,0.2,0.06565656565656566,0.0002897770114508258,High Revenue / Low Profit
OFF-AP-10003057,Honeywell Enviracaire Portable HEPA Air Cleaner for 16' x 20' Room,Office Supplies,Appliances,3855.1800000000003,1503.5202,14,3,0.0,0.38999999999999996,0.001678207625038299,High Revenue / High Profit
OFF-AP-10003099,"Eureka Hand Vacuum, Bagless",Office Supplies,Appliances,197.72,55.3616,4,1,0.0,0.28,8.606996602559996e-05,Low Revenue / High Profit
OFF-AP-10003217,Eureka Sanitaire  Commercial Upright,Office Supplies,Appliances,1524.5320000000002,53.0272,12,3,0.3333333333333333,0.03478260869565217,0.0006636476706703418,High Revenue / High Profit
OFF-AP-10003266,"Holmes Replacement Filter for HEPA Air Cleaner, Large Room",Office Supplies,Appliances,151.062,47.9844,12,4,0.15000000000000002,0.3176470588235294,6.575916046813263e-05,Low Revenue / High Profit
OFF-AP-10003278,Belkin 7-Outlet SurgeMaster Home Series,Office Supplies,Appliances,106.172,2.794,10,5,0.24000000000000005,0.026315789473684213,4.621798721864252e-05,Low Revenue / Low Profit
OFF-AP-10003281,Acco 6 Outlet Guardian Standard Surge Suppressor,Office Supplies,Appliances,149.916,22.971,15,5,0.2,0.1532258064516129,6.526029246759986e-05,Low Revenue / Low Profit
OFF-AP-10003287,Tripp Lite TLP810NET Broadband Surge for Modem/Fax,Office Supplies,Appliances,937.848,130.4832,22,6,0.23333333333333336,0.13913043478260873,0.0004082568556401825,High Revenue / High Profit
OFF-AP-10003590,Hoover WindTunnel Plus Canister Vacuum,Office Supplies,Appliances,3051.3,697.44,9,3,0.06666666666666667,0.22857142857142856,0.0013282686998478312,High Revenue / High Profit
OFF-AP-10003622,"Bravo II Megaboss 12-Amp Hard Body Upright, Replacement Belts, 2 Belts per Pack",Office Supplies,Appliances,87.75,20.8325,29,5,0.12000000000000002,0.2374074074074074,3.8198662344458816e-05,Low Revenue / Low Profit
OFF-AP-10003779,Kensington 7 Outlet MasterPiece Power Center with Fax/Phone Line Protection,Office Supplies,Appliances,1473.108,311.22,8,4,0.07500000000000001,0.21126760563380284,0.0006412621662555104,High Revenue / High Profit
OFF-AP-10003842,Euro-Pro Shark Turbo Vacuum,Office Supplies,Appliances,693.952,143.74720000000002,24,6,0.05000000000000001,0.20714285714285718,0.00030208590462976504,High Revenue / High Profit
OFF-AP-10003849,Hoover Shoulder Vac Commercial Portable Vacuum,Office Supplies,Appliances,5009.48,715.64,16,6,0.18333333333333335,0.14285714285714288,0.002180688718419596,High Revenue / High Profit
OFF-AP-10003860,Fellowes Advanced 8 Outlet Surge Suppressor with Phone/Fax Protection,Office Supplies,Appliances,244.288,41.64,10,3,0.13333333333333333,0.17045454545454544,0.00010634159346784223,Low Revenue / Low Profit
OFF-AP-10003884,"Fellowes Smart Surge Ten-Outlet Protector, Platinum",Office Supplies,Appliances,180.66,50.5848,3,1,0.0,0.28,7.864353662848923e-05,Low Revenue / High Profit
OFF-AP-10003914,"Sanitaire Vibra Groomer IR Commercial Upright Vacuum, Replacement Belts",Office Supplies,Appliances,13.0,1.3,5,1,0.2,0.1,5.659061088067973e-06,Low Revenue / Low Profit
OFF-AP-10003971,Belkin 6 Outlet Metallic Surge Strip,Office Supplies,Appliances,262.449,28.749599999999997,29,9,0.16666666666666666,0.10954356846473028,0.00011424730180787319,Low Revenue / Low Profit
OFF-AP-10004036,Bionaire 99.97% HEPA Air Cleaner,Office Supplies,Appliances,199.72799999999998,17.52,16,4,0.25,0.08771929824561404,8.694407330751076e-05,Low Revenue / Low Profit
OFF-AP-10004052,"Hoover Replacement Belts For Soft Guard & Commercial Ltweight Upright Vacs, 2/Pk",Office Supplies,Appliances,56.09,3.4759999999999995,18,5,0.2,0.06197183098591548,2.4416672033056355e-05,Low Revenue / Low Profit
OFF-AP-10004136,Kensington 6 Outlet SmartSocket Surge Protector,Office Supplies,Appliances,147.528,-36.882000000000005,6,2,0.4,-0.25000000000000006,6.422076647696091e-05,Low Revenue / Low Profit
OFF-AP-10004233,Honeywell Enviracaire Portable Air Cleaner for up to 8 x 10 Room,Office Supplies,Appliances,299.20799999999997,-177.22320000000002,9,2,0.45,-0.5923076923076924,0.00013024895000297244,High Revenue / Low Profit
OFF-AP-10004249,Staple holder,Office Supplies,Appliances,234.61200000000002,42.3738,22,5,0.2,0.18061224489795918,0.0001021295107687541,Low Revenue / Low Profit
OFF-AP-10004336,"Conquest 14 Commercial Heavy-Duty Upright Vacuum, Collection System, Accessory Kit",Office Supplies,Appliances,546.816,61.5168,12,4,0.2,0.1125,0.00023803578061022898,High Revenue / High Profit
OFF-AP-10004487,Kensington 4 Outlet MasterPiece Compact Power Control Center,Office Supplies,Appliances,2488.392,380.5776,36,7,0.17142857142857146,0.15294117647058825,0.0010832278722353568,High Revenue / High Profit
OFF-AP-10004532,Kensington 6 Outlet Guardian Standard Surge Protector,Office Supplies,Appliances,409.6,110.592,20,6,0.0,0.26999999999999996,0.00017830395551328014,High Revenue / High Profit
OFF-AP-10004540,"Eureka The Boss Lite 10-Amp Upright Vacuum, Blue",Office Supplies,Appliances,1042.08,291.7824,13,4,0.0,0.28,0.00045363033681952865,High Revenue / High Profit
OFF-AP-10004655,"Holmes Visible Mist Ultrasonic Humidifier with 2.3-Gallon Output per Day, Replacement Filter",Office Supplies,Appliances,47.544000000000004,10.188,5,2,0.4,0.21428571428571427,2.0696492336238747e-05,Low Revenue / Low Profit
OFF-AP-10004708,Fellowes Superior 10 Outlet Split Surge Protector,Office Supplies,Appliances,867.768,57.09,30,9,0.2666666666666667,0.06578947368421052,0.0003777501632515822,High Revenue / High Profit
OFF-AP-10004785,"Holmes Replacement Filter for HEPA Air Cleaner, Medium Room",Office Supplies,Appliances,203.94,87.6942,18,4,0.0,0.43,8.87776091000448e-05,Low Revenue / High Profit
OFF-AP-10004859,Acco 6 Outlet Guardian Premium Surge Suppressor,Office Supplies,Appliances,432.432,60.424,35,8,0.1625,0.13973063973063973,0.00018824300803349305,High Revenue / High Profit
OFF-AP-10004868,Hoover Commercial Soft Guard Upright Vacuum And Disposable Filtration Bags,Office Supplies,Appliances,91.68599999999999,-10.4118,18,4,0.25,-0.1135593220338983,3.991205191696924e-05,Low Revenue / Low Profit
OFF-AP-10004980,3M Replacement Filter for Office Air Cleaner for 20' x 33' Room,Office Supplies,Appliances,303.36,-20.476799999999997,14,4,0.25,-0.06749999999999999,0.0001320563670520231,High Revenue / Low Profit
OFF-AR-10000034,"BIC Brite Liner Grip Highlighters, Assorted, 5/Pack",Office Supplies,Art,118.72,43.7144,29,6,0.06666666666666667,0.3682142857142857,5.168028710580229e-05,Low Revenue / Low Profit
OFF-AR-10000122,Newell 314,Office Supplies,Art,118.296,17.856,24,7,0.08571428571428573,0.1509433962264151,5.1495714651852996e-05,Low Revenue / Low Profit
OFF-AR-10000127,Newell 321,Office Supplies,Art,65.6,14.3664,22,4,0.1,0.21900000000000003,2.855649287517377e-05,Low Revenue / Low Profit
OFF-AR-10000203,Newell 336,Office Supplies,Art,68.48,13.781600000000001,18,4,0.1,0.20125,2.9810192562376523e-05,Low Revenue / Low Profit
OFF-AR-10000246,Newell 318,Office Supplies,Art,61.716,14.4004,23,5,0.04,0.2333333333333333,2.6865739547015615e-05,Low Revenue / Low Profit
OFF-AR-10000255,Newell 328,Office Supplies,Art,75.92,19.7392,13,3,0.0,0.26,3.304891675431696e-05,Low Revenue / Low Profit
OFF-AR-10000315,"Dixon Ticonderoga Maple Cedar Pencil, #2",Office Supplies,Art,23.332,4.912000000000001,8,3,0.06666666666666667,0.2105263157894737,1.0156708715907841e-05,Low Revenue / Low Profit
OFF-AR-10000369,Design Ebony Sketching Pencil,Office Supplies,Art,13.622,2.3074,11,3,0.06666666666666667,0.16938775510204082,5.929825395512456e-06,Low Revenue / Low Profit
OFF-AR-10000380,"Hunt PowerHouse Electric Pencil Sharpener, Blue",Office Supplies,Art,1617.9479999999999,448.164,44,10,0.06000000000000001,0.27699530516431925,0.0007043128130244154,High Revenue / High Profit
OFF-AR-10000390,Newell Chalk Holder,Office Supplies,Art,83.426,36.5918,21,7,0.05714285714285715,0.4386138613861386,3.631637156408913e-05,Low Revenue / Low Profit
OFF-AR-10000411,Boston 16701 Slimline Battery Pencil Sharpener,Office Supplies,Art,86.076,19.128,6,2,0.1,0.22222222222222224,3.7469949401272215e-05,Low Revenue / Low Profit
OFF-AR-10000422,Pencil and Crayon Sharpener,Office Supplies,Art,29.346,3.7668,16,4,0.15000000000000002,0.12835820895522387,1.2774677437726363e-05,Low Revenue / Low Profit
OFF-AR-10000462,Sanford Pocket Accent Highlighters,Office Supplies,Art,22.4,9.632,14,3,0.0,0.43,9.750997567132506e-06,Low Revenue / Low Profit
OFF-AR-10000475,"Hunt BOSTON Vista Battery-Operated Pencil Sharpener, Black",Office Supplies,Art,83.952,15.857600000000001,8,4,0.15000000000000002,0.1888888888888889,3.654534588196019e-05,Low Revenue / Low Profit
OFF-AR-10000538,"Boston Model 1800 Electric Pencil Sharpener, Gray",Office Supplies,Art,405.36,109.785,15,3,0.06666666666666667,0.2708333333333333,0.00017645823097378719,High Revenue / High Profit
OFF-AR-10000588,Newell 345,Office Supplies,Art,476.16,94.4384,26,9,0.06666666666666668,0.19833333333333333,0.00020727834828418817,High Revenue / High Profit
OFF-AR-10000614,Barrel Sharpener,Office Supplies,Art,67.83000000000001,17.6358,19,4,0.0,0.25999999999999995,2.9527239507973127e-05,Low Revenue / Low Profit
OFF-AR-10000634,Newell 320,Office Supplies,Art,81.32,9.4588,23,7,0.17142857142857146,0.11631578947368422,3.5399603667822115e-05,Low Revenue / Low Profit
OFF-AR-10000657,"Binney & Smith inkTank Desk Highlighter, Chisel Tip, Yellow, 12/Box",Office Supplies,Art,45.15,13.459,22,5,0.08,0.2980952380952381,1.965435447125146e-05,Low Revenue / Low Profit
OFF-AR-10000658,Newell 324,Office Supplies,Art,263.34000000000003,72.072,23,7,0.028571428571428574,0.27368421052631575,0.00011463516514860154,Low Revenue / High Profit
OFF-AR-10000716,DIXON Ticonderoga Erasable Checking Pencils,Office Supplies,Art,94.86,26.784,20,7,0.1142857142857143,0.2823529411764706,4.1293733447240604e-05,Low Revenue / Low Profit
OFF-AR-10000799,Col-Erase Pencils with Erasers,Office Supplies,Art,37.696,7.478400000000001,7,2,0.1,0.19838709677419358,1.640953590583156e-05,Low Revenue / Low Profit
OFF-AR-10000817,Manco Dry-Lighter Erasable Highlighter,Office Supplies,Art,88.16,27.968,30,7,0.028571428571428574,0.31724137931034485,3.837714042492865e-05,Low Revenue / Low Profit
OFF-AR-10000823,Newell 307,Office Supplies,Art,19.292,3.5672,12,3,0.06666666666666667,0.18490566037735848,8.398046654692872e-06,Low Revenue / Low Profit
OFF-AR-10000896,Newell 329,Office Supplies,Art,24.272,4.8544,8,2,0.1,0.2,1.0565902363814294e-05,Low Revenue / Low Profit
OFF-AR-10000914,Boston 16765 Mini Stand Up Battery Pencil Sharpener,Office Supplies,Art,102.608,16.324,10,4,0.1,0.1590909090909091,4.466653385572912e-05,Low Revenue / Low Profit
OFF-AR-10000937,"Dixon Ticonderoga Core-Lock Colored Pencils, 48-Color Set",Office Supplies,Art,431.28999999999996,165.206,13,2,0.1,0.38305084745762713,0.00018774588128252584,High Revenue / High Profit
OFF-AR-10000940,Newell 343,Office Supplies,Art,65.268,13.7592,24,7,0.05714285714285715,0.2108108108108108,2.8411969161232342e-05,Low Revenue / Low Profit
OFF-AR-10001022,SANFORD Liquid Accent Tank-Style Highlighters,Office Supplies,Art,14.2,4.402,5,3,0.0,0.31,6.181435957735785e-06,Low Revenue / Low Profit
OFF-AR-10001026,"Sanford Uni-Blazer View Highlighters, Chisel Tip, Yellow",Office Supplies,Art,30.799999999999997,13.552,14,3,0.0,0.44,1.3407621654807196e-05,Low Revenue / Low Profit
OFF-AR-10001044,"BOSTON Ranger #55 Pencil Sharpener, Black",Office Supplies,Art,618.562,120.3337,27,9,0.08888888888888889,0.1945378151260504,0.00026926770344288473,High Revenue / High Profit
OFF-AR-10001118,"Binney & Smith Crayola Metallic Crayons, 16-Color Pack",Office Supplies,Art,16.176000000000002,6.739999999999999,5,2,0.1,0.4166666666666666,7.041613243122118e-06,Low Revenue / Low Profit
OFF-AR-10001130,"Quartet Alpha White Chalk, 12/Pack",Office Supplies,Art,15.469999999999999,6.0996,8,2,0.1,0.3942857142857143,6.734282694800887e-06,Low Revenue / Low Profit
OFF-AR-10001149,"Avery Hi-Liter Comfort Grip Fluorescent Highlighter, Yellow Ink",Office Supplies,Art,7.8,3.042,4,2,0.0,0.38999999999999996,3.3954366528407836e-06,Low Revenue / Low Profit
OFF-AR-10001149,"Sanford Colorific Colored Pencils, 12/Box",Office Supplies,Art,73.152,20.735999999999997,26,5,0.04,0.2834645669291338,3.184397205494987e-05,Low Revenue / Low Profit
OFF-AR-10001166,Staples in misc. colors,Office Supplies,Art,60.64,23.6496,8,3,0.0,0.39,2.6397343413880142e-05,Low Revenue / Low Profit
OFF-AR-10001177,Newell 349,Office Supplies,Art,42.64,10.0368,14,3,0.06666666666666667,0.23538461538461536,1.856172036886295e-05,Low Revenue / Low Profit
OFF-AR-10001216,Newell 339,Office Supplies,Art,26.688000000000002,6.116,10,3,0.06666666666666667,0.22916666666666663,1.161761710141216e-05,Low Revenue / Low Profit
OFF-AR-10001221,"Dixon Ticonderoga Erasable Colored Pencil Set, 12-Color",Office Supplies,Art,75.348,20.0928,14,2,0.1,0.26666666666666666,3.279991806644197e-05,Low Revenue / Low Profit
OFF-AR-10001227,Newell 338,Office Supplies,Art,23.52,6.3504000000000005,8,2,0.0,0.27,1.0238547445489132e-05,Low Revenue / Low Profit
OFF-AR-10001231,"Sanford EarthWrite Recycled Pencils, Medium Soft, #2",Office Supplies,Art,29.4,8.232,14,3,0.0,0.27999999999999997,1.2798184306861414e-05,Low Revenue / Low Profit
OFF-AR-10001246,Newell 317,Office Supplies,Art,79.96799999999999,13.1712,32,7,0.1142857142857143,0.1647058823529412,3.4811061314663046e-05,Low Revenue / Low Profit
OFF-AR-10001315,Newell 310,Office Supplies,Art,38.72,7.48,25,7,0.1142857142857143,0.1931818181818182,1.685529579461476e-05,Low Revenue / Low Profit
OFF-AR-10001374,"BIC Brite Liner Highlighters, Chisel Tip",Office Supplies,Art,123.12,30.5856,21,6,0.10000000000000002,0.24842105263157893,5.3595661627917605e-05,Low Revenue / Low Profit
OFF-AR-10001419,Newell 325,Office Supplies,Art,128.03,29.736,34,6,0.10000000000000002,0.23225806451612904,5.5733045469641734e-05,Low Revenue / Low Profit
OFF-AR-10001427,Newell 330,Office Supplies,Art,59.800000000000004,11.1228,11,4,0.05,0.18599999999999997,2.6031681005112675e-05,Low Revenue / Low Profit
OFF-AR-10001446,Newell 309,Office Supplies,Art,196.35000000000002,34.65,20,5,0.12000000000000002,0.1764705882352941,8.54735880493959e-05,Low Revenue / Low Profit
OFF-AR-10001468,"Sanford Prismacolor Professional Thick Lead Art Pencils, 36-Color Set",Office Supplies,Art,209.664,49.7952,7,3,0.20000000000000004,0.23750000000000002,9.126933722836026e-05,Low Revenue / High Profit
OFF-AR-10001473,Newell 313,Office Supplies,Art,28.208,4.264,10,3,0.13333333333333333,0.15116279069767444,1.2279291936324721e-05,Low Revenue / Low Profit
OFF-AR-10001545,Newell 326,Office Supplies,Art,36.608,7.8671999999999995,23,6,0.06666666666666667,0.21490384615384617,1.593591602399941e-05,Low Revenue / Low Profit
OFF-AR-10001547,Newell 311,Office Supplies,Art,61.438,13.039,30,8,0.07500000000000001,0.21223021582733811,2.674472270220924e-05,Low Revenue / Low Profit
OFF-AR-10001573,American Pencil,Office Supplies,Art,48.93,14.189699999999998,21,6,0.0,0.29,2.129983531070507e-05,Low Revenue / Low Profit
OFF-AR-10001615,Newell 34,Office Supplies,Art,460.288,93.248,25,7,0.05714285714285715,0.20258620689655174,0.00020036907000804856,High Revenue / High Profit
OFF-AR-10001662,Rogers Handheld Barrel Pencil Sharpener,Office Supplies,Art,75.62400000000001,15.618,30,7,0.05714285714285715,0.20652173913043476,3.292006428646557e-05,Low Revenue / Low Profit
OFF-AR-10001683,Lumber Crayons,Office Supplies,Art,171.39,55.357,19,6,0.13333333333333333,0.32298850574712645,7.460819076030537e-05,Low Revenue / High Profit
OFF-AR-10001725,Boston Home & Office Model 2000 Electric Pencil Sharpeners,Office Supplies,Art,297.99,70.477,13,6,0.03333333333333333,0.2365079365079365,0.00012971873951025964,High Revenue / High Profit
OFF-AR-10001761,Avery Hi-Liter Smear-Safe Highlighters,Office Supplies,Art,123.80799999999999,34.1056,24,6,0.10000000000000002,0.2754716981132076,5.389515655319381e-05,Low Revenue / Low Profit
OFF-AR-10001770,Economy #2 Pencils,Office Supplies,Art,34.58,8.9908,13,4,0.0,0.26,1.5053102494260806e-05,Low Revenue / Low Profit
OFF-AR-10001860,BIC Liqua Brite Liner,Office Supplies,Art,173.5,53.576800000000006,27,6,0.06666666666666667,0.3088,7.552669990613794e-05,Low Revenue / High Profit
OFF-AR-10001868,Prang Dustless Chalk Sticks,Office Supplies,Art,38.976,18.816,24,8,0.07500000000000001,0.48275862068965514,1.6966735766810562e-05,Low Revenue / Low Profit
OFF-AR-10001897,Model L Table or Wall-Mount Pencil Sharpener,Office Supplies,Art,402.976,92.10879999999999,24,5,0.08,0.22857142857142854,0.0001754204462327138,High Revenue / High Profit
OFF-AR-10001915,Peel-Off China Markers,Office Supplies,Art,287.97,109.4286,31,7,0.08571428571428573,0.37999999999999995,0.0001253569093485334,Low Revenue / High Profit
OFF-AR-10001919,"OIC #2 Pencils, Medium Soft",Office Supplies,Art,30.832,8.1404,17,7,0.05714285714285715,0.2640243902439024,1.3421551651331671e-05,Low Revenue / Low Profit
OFF-AR-10001940,"Sanford Colorific Eraseable Coloring Pencils, 12 Count",Office Supplies,Art,45.919999999999995,17.875999999999998,15,4,0.05,0.3892857142857143,1.9989545012621637e-05,Low Revenue / Low Profit
OFF-AR-10001953,Boston 1645 Deluxe Heavier-Duty Electric Pencil Sharpener,Office Supplies,Art,1073.112,206.26620000000003,27,7,0.1142857142857143,0.19221311475409836,0.00046713895094913836,High Revenue / High Profit
OFF-AR-10001954,Newell 331,Office Supplies,Art,75.306,14.6211,17,4,0.1,0.19415584415584416,3.2781634946003595e-05,Low Revenue / Low Profit
OFF-AR-10001955,Newell 319,Office Supplies,Art,511.872,123.00800000000001,28,8,0.1,0.24031007751937986,0.00022282422440550226,High Revenue / High Profit
OFF-AR-10001958,Stanley Bostitch Contemporary Electric Pencil Sharpeners,Office Supplies,Art,275.076,42.7896,19,7,0.14285714285714285,0.15555555555555553,0.00011974399137395275,Low Revenue / Low Profit
OFF-AR-10001972,Newell 323,Office Supplies,Art,21.168,3.7632000000000003,14,3,0.06666666666666667,0.1777777777777778,9.214692700940218e-06,Low Revenue / Low Profit
OFF-AR-10001988,Bulldog Table or Wall-Mount Pencil Sharpener,Office Supplies,Art,77.87,22.582299999999996,13,3,0.0,0.2899999999999999,3.389777591752716e-05,Low Revenue / Low Profit
OFF-AR-10002053,"Premium Writing Pencils, Soft, #2 by Central Association for the Blind",Office Supplies,Art,81.652,19.4296,29,7,0.08571428571428573,0.23795620437956205,3.554412738176355e-05,Low Revenue / Low Profit
OFF-AR-10002067,Newell 334,Office Supplies,Art,531.712,135.30880000000002,27,6,0.03333333333333333,0.25447761194029855,0.00023146082225067676,High Revenue / High Profit
OFF-AR-10002135,Boston Heavy-Duty Trimline Electric Pencil Sharpeners,Office Supplies,Art,1166.44,310.89,25,5,0.04,0.2665289256198347,0.0005077657858127698,High Revenue / High Profit
OFF-AR-10002221,12 Colored Short Pencils,Office Supplies,Art,18.2,3.016,8,3,0.13333333333333333,0.16571428571428573,7.922685523295161e-06,Low Revenue / Low Profit
OFF-AR-10002240,Panasonic KP-150 Electric Pencil Sharpener,Office Supplies,Art,573.648,126.8064,16,4,0.05,0.22105263157894736,0.0002497160826960013,High Revenue / High Profit
OFF-AR-10002255,Newell 346,Office Supplies,Art,31.104,8.6112,11,5,0.04,0.27685185185185185,1.353995662178971e-05,Low Revenue / Low Profit
OFF-AR-10002257,"Eldon Spacemaker Box, Quick-Snap Lid, Clear",Office Supplies,Art,50.768,9.2852,18,6,0.16666666666666666,0.18289473684210525,2.2099939486079603e-05,Low Revenue / Low Profit
OFF-AR-10002280,Staples in misc. colors,Office Supplies,Art,54.348,22.3215,9,2,0.1,0.41071428571428575,2.3658357847255245e-05,Low Revenue / Low Profit
OFF-AR-10002335,DIXON Oriole Pencils,Office Supplies,Art,44.891999999999996,8.6172,19,6,0.10000000000000002,0.19195402298850578,1.9542043874272878e-05,Low Revenue / Low Profit
OFF-AR-10002375,Newell 351,Office Supplies,Art,82.656,22.107200000000002,26,7,0.028571428571428574,0.26746031746031745,3.598118102271895e-05,Low Revenue / Low Profit
OFF-AR-10002399,"Dixon Prang Watercolor Pencils, 10-Color Set with Brush",Office Supplies,Art,110.76,42.8982,27,7,0.05714285714285715,0.3873076923076923,4.821520047033913e-05,Low Revenue / Low Profit
OFF-AR-10002445,SANFORD Major Accent Highlighters,Office Supplies,Art,209.56799999999998,77.88,30,7,0.028571428571428574,0.37162162162162166,9.122754723878684e-05,Low Revenue / High Profit
OFF-AR-10002467,Dixon Ticonderoga Pencils,Office Supplies,Art,37.548,9.267800000000001,13,3,0.06666666666666667,0.24682539682539684,1.6345109671905865e-05,Low Revenue / Low Profit
OFF-AR-10002578,Newell 335,Office Supplies,Art,34.56,10.0224,12,4,0.0,0.29,1.5044396246433011e-05,Low Revenue / Low Profit
OFF-AR-10002656,Sanford Liquid Accent Highlighters,Office Supplies,Art,149.632,48.630399999999995,24,5,0.08,0.32499999999999996,6.513666374844514e-05,Low Revenue / High Profit
OFF-AR-10002671,"Hunt BOSTON Model 1606 High-Volume Electric Pencil Sharpener, Beige",Office Supplies,Art,1113.024,111.3024,8,1,0.2,0.10000000000000002,0.00048451313911428975,High Revenue / High Profit
OFF-AR-10002704,Boston 1900 Electric Pencil Sharpener,Office Supplies,Art,14.98,4.494,1,1,0.0,0.3,6.520979623019864e-06,Low Revenue / Low Profit
OFF-AR-10002766,Prang Drawing Pencil Set,Office Supplies,Art,56.156,11.5092,22,4,0.05,0.20495049504950497,2.4445402650888083e-05,Low Revenue / Low Profit
OFF-AR-10002804,Faber Castell Col-Erase Pencils,Office Supplies,Art,37.164,14.083200000000001,8,5,0.08,0.37894736842105264,1.6177949713612167e-05,Low Revenue / Low Profit
OFF-AR-10002818,Panasonic KP-310 Heavy-Duty Electric Pencil Sharpener,Office Supplies,Art,197.82,59.346000000000004,9,2,0.0,0.30000000000000004,8.611349726473894e-05,Low Revenue / High Profit
OFF-AR-10002833,Newell 322,Office Supplies,Art,30.576,6.6612,18,6,0.06666666666666667,0.21785714285714286,1.3310111679135872e-05,Low Revenue / Low Profit
OFF-AR-10002952,Stanley Contemporary Battery Pencil Sharpeners,Office Supplies,Art,293.7,63.012,24,4,0.05,0.21454545454545457,0.0001278512493511972,High Revenue / High Profit
OFF-AR-10002956,Boston 16801 Nautilus Battery Pencil Sharpener,Office Supplies,Art,444.60200000000003,69.9918,23,6,0.10000000000000002,0.1574257425742574,0.00019354075983670746,High Revenue / High Profit
OFF-AR-10002987,Prismacolor Color Pencil Set,Office Supplies,Art,436.48,155.54559999999998,24,7,0.08571428571428573,0.3563636363636363,0.00019000515259383913,High Revenue / High Profit
OFF-AR-10003045,Prang Colored Pencils,Office Supplies,Art,90.55199999999999,38.808,32,7,0.05714285714285715,0.4285714285714286,3.941840766513316e-05,Low Revenue / Low Profit
OFF-AR-10003056,Newell 341,Office Supplies,Art,96.72800000000001,26.8356,23,7,0.028571428571428574,0.27743362831858404,4.2106896994356836e-05,Low Revenue / Low Profit
OFF-AR-10003087,Staples in misc. colors,Office Supplies,Art,24.92,5.696,15,3,0.06666666666666667,0.22857142857142854,1.0847984793434915e-05,Low Revenue / Low Profit
OFF-AR-10003156,50 Colored Long Pencils,Office Supplies,Art,138.176,32.9184,14,5,0.04,0.23823529411764707,6.0149724992683085e-05,Low Revenue / Low Profit
OFF-AR-10003158,Fluorescent Highlighters by Dixon,Office Supplies,Art,90.744,22.4472,26,5,0.12000000000000002,0.24736842105263157,3.9501987644280006e-05,Low Revenue / Low Profit
OFF-AR-10003179,Dixon Ticonderoga Core-Lock Colored Pencils,Office Supplies,Art,229.572,58.6684,28,7,0.1142857142857143,0.25555555555555554,9.993553631614929e-05,Low Revenue / High Profit
OFF-AR-10003183,Avery Fluorescent Highlighter Four-Color Set,Office Supplies,Art,65.464,9.352,24,8,0.17500000000000002,0.14285714285714288,2.849729038994475e-05,Low Revenue / Low Profit
OFF-AR-10003190,Newell 32,Office Supplies,Art,47.232,11.9808,17,6,0.03333333333333333,0.25365853658536586,2.0560674870125115e-05,Low Revenue / Low Profit
OFF-AR-10003217,Newell 316,Office Supplies,Art,46.944,8.2152,11,2,0.1,0.175,2.043530490140484e-05,Low Revenue / Low Profit
OFF-AR-10003251,Prang Drawing Pencil Set,Office Supplies,Art,43.924,15.568000000000001,17,7,0.08571428571428573,0.3544303797468355,1.912066147940751e-05,Low Revenue / Low Profit
OFF-AR-10003338,"Eberhard Faber 3 1/2"" Golf Pencils",Office Supplies,Art,139.872,28.272000000000002,20,7,0.05714285714285715,0.20212765957446807,6.088801480848027e-05,Low Revenue / Low Profit
OFF-AR-10003373,"Boston School Pro Electric Pencil Sharpener, 1670",Office Supplies,Art,873.636,149.9432,32,7,0.1142857142857143,0.17163120567375886,0.0003803045763642578,High Revenue / High Profit
OFF-AR-10003394,Newell 332,Office Supplies,Art,67.032,15.5232,24,5,0.04,0.23157894736842105,2.9179860219644024e-05,Low Revenue / Low Profit
OFF-AR-10003405,"Dixon My First Ticonderoga Pencil, #2",Office Supplies,Art,95.94,17.0235,19,4,0.15000000000000002,0.1774390243902439,4.176387082994164e-05,Low Revenue / Low Profit
OFF-AR-10003469,Nontoxic Chalk,Office Supplies,Art,42.944,18.233600000000003,27,8,0.07500000000000001,0.4245901639344263,1.8694055335845465e-05,Low Revenue / Low Profit
OFF-AR-10003477,4009 Highlighters,Office Supplies,Art,8.04,2.7336,6,1,0.0,0.34,3.499911626774346e-06,Low Revenue / Low Profit
OFF-AR-10003478,"Avery Hi-Liter EverBold Pen Style Fluorescent Highlighters, 4/Pack",Office Supplies,Art,219.78,68.376,31,6,0.10000000000000002,0.3111111111111111,9.567295737965993e-05,Low Revenue / High Profit
OFF-AR-10003481,Newell 348,Office Supplies,Art,65.6,9.7088,24,6,0.16666666666666666,0.14800000000000002,2.855649287517377e-05,Low Revenue / Low Profit
OFF-AR-10003504,Newell 347,Office Supplies,Art,127.54400000000001,30.3024,32,7,0.08571428571428573,0.23758389261744964,5.552148364742627e-05,Low Revenue / Low Profit
OFF-AR-10003514,4009 Highlighters by Sanford,Office Supplies,Art,171.14,53.8096,44,8,0.05,0.31441860465116284,7.44993626624579e-05,Low Revenue / High Profit
OFF-AR-10003560,Zebra Zazzle Fluorescent Highlighters,Office Supplies,Art,100.928,20.671999999999997,20,6,0.16666666666666666,0.2048192771084337,4.3935209038194176e-05,Low Revenue / Low Profit
OFF-AR-10003582,"Boston Electric Pencil Sharpener, Model 1818, Charcoal Black",Office Supplies,Art,523.59,118.22999999999999,20,8,0.07500000000000001,0.2258064516129032,0.00022792521500780846,High Revenue / High Profit
OFF-AR-10003602,"Quartet Omega Colored Chalk, 12/Pack",Office Supplies,Art,80.592,34.164,15,7,0.08571428571428573,0.4239130434782609,3.508269624689031e-05,Low Revenue / Low Profit
OFF-AR-10003631,Staples in misc. colors,Office Supplies,Art,123.904,26.619999999999997,30,4,0.1,0.21484374999999997,5.3936946542767235e-05,Low Revenue / Low Profit
OFF-AR-10003651,Newell 350,Office Supplies,Art,62.32,15.744,20,6,0.06666666666666667,0.25263157894736843,2.7128668231415082e-05,Low Revenue / Low Profit
OFF-AR-10003696,Panasonic KP-350BK Electric Pencil Sharpener with Auto Stop,Office Supplies,Art,124.488,26.2808,4,3,0.06666666666666667,0.2111111111111111,5.419116897933891e-05,Low Revenue / Low Profit
OFF-AR-10003723,Avery Hi-Liter Fluorescent Desk Style Markers,Office Supplies,Art,20.279999999999998,7.5036000000000005,6,2,0.0,0.37000000000000005,8.828135297386036e-06,Low Revenue / Low Profit
OFF-AR-10003727,Berol Giant Pencil Sharpener,Office Supplies,Art,254.85000000000002,49.780699999999996,17,4,0.1,0.1953333333333333,0.00011093936294570176,Low Revenue / High Profit
OFF-AR-10003732,Newell 333,Office Supplies,Art,86.73599999999999,18.848399999999998,33,11,0.05454545454545456,0.2173076923076923,3.775725557958951e-05,Low Revenue / Low Profit
OFF-AR-10003752,Deluxe Chalkboard Eraser Cleaner,Office Supplies,Art,182.49,76.461,17,5,0.08,0.41898734177215186,7.944015830473264e-05,Low Revenue / High Profit
OFF-AR-10003759,"Crayola Anti Dust Chalk, 12/Pack",Office Supplies,Art,59.696,24.660999999999998,35,7,0.08571428571428573,0.41310975609756095,2.598640851640813e-05,Low Revenue / Low Profit
OFF-AR-10003770,Newell 340,Office Supplies,Art,25.92,7.5168,9,2,0.0,0.29,1.1283297184824759e-05,Low Revenue / Low Profit
OFF-AR-10003772,Boston 16750 Black Compact Battery Pencil Sharpener,Office Supplies,Art,43.75,13.125,5,2,0.0,0.3,1.9044917123305677e-05,Low Revenue / Low Profit
OFF-AR-10003811,Newell 327,Office Supplies,Art,39.78,10.7406,18,4,0.0,0.27,1.7316726929487997e-05,Low Revenue / Low Profit
OFF-AR-10003829,Newell 35,Office Supplies,Art,93.152,23.288,30,9,0.06666666666666668,0.25,4.055021988274675e-05,Low Revenue / Low Profit
OFF-AR-10003856,Newell 344,Office Supplies,Art,45.592,8.5624,18,6,0.06666666666666667,0.1878048780487805,1.984676254824577e-05,Low Revenue / Low Profit
OFF-AR-10003876,"Avery Hi-Liter GlideStik Fluorescent Highlighter, Yellow Ink",Office Supplies,Art,26.08,9.6496,9,2,0.1,0.37,1.1352947167447132e-05,Low Revenue / Low Profit
OFF-AR-10003896,"Stride Job 150 Highlighters, Chisel Tip, Assorted Colors",Office Supplies,Art,17.94,6.4584,3,1,0.0,0.36,7.809504301533803e-06,Low Revenue / Low Profit
OFF-AR-10003903,Sanford 52201 APSCO Electric Pencil Sharpener,Office Supplies,Art,565.3860000000001,140.9368,14,4,0.05,0.24927536231884057,0.0002461195317183384,High Revenue / High Profit
OFF-AR-10003958,Newell 337,Office Supplies,Art,10.496,1.1808,4,2,0.2,0.1125,4.569038860027804e-06,Low Revenue / Low Profit
OFF-AR-10003986,Avery Hi-Liter Pen Style Six-Color Fluorescent Set,Office Supplies,Art,7.7,3.157,2,1,0.0,0.41,3.3519054137017995e-06,Low Revenue / Low Profit
OFF-AR-10004010,Hunt Boston Vacuum Mount KS Pencil Sharpener,Office Supplies,Art,671.808,153.95600000000002,20,5,0.08,0.22916666666666669,0.00029244634703482836,High Revenue / High Profit
OFF-AR-10004022,Panasonic KP-380BK Classic Electric Pencil Sharpener,Office Supplies,Art,705.208,111.538,22,6,0.10000000000000002,0.15816326530612246,0.00030698578090724915,High Revenue / High Profit
OFF-AR-10004027,"Binney & Smith inkTank Erasable Desk Highlighter, Chisel Tip, Yellow, 12/Box",Office Supplies,Art,17.64,5.7456000000000005,8,3,0.13333333333333333,0.32571428571428573,7.678910584116849e-06,Low Revenue / Low Profit
OFF-AR-10004042,"BOSTON Model 1800 Electric Pencil Sharpeners, Putty/Woodgrain",Office Supplies,Art,496.248,113.274,30,6,0.06666666666666667,0.2282608695652174,0.00021602290360242732,High Revenue / High Profit
OFF-AR-10004062,Staples in misc. colors,Office Supplies,Art,157.2,39.3,15,3,0.0,0.25,6.843110792648347e-05,Low Revenue / Low Profit
OFF-AR-10004078,Newell 312,Office Supplies,Art,234.768,34.456,49,11,0.16363636363636364,0.14676616915422888,0.0001021974195018109,Low Revenue / Low Profit
OFF-AR-10004165,"Binney & Smith inkTank Erasable Pocket Highlighter, Chisel Tip, Yellow",Office Supplies,Art,25.992,10.6704,12,3,0.06666666666666667,0.4105263157894737,1.1314639677004827e-05,Low Revenue / Low Profit
OFF-AR-10004260,Boston 1799 Powerhouse Electric Pencil Sharpener,Office Supplies,Art,389.70000000000005,109.116,15,3,0.0,0.27999999999999997,0.00016964123892462224,High Revenue / High Profit
OFF-AR-10004269,Newell 31,Office Supplies,Art,94.99000000000001,23.6236,24,5,0.04,0.248695652173913,4.135032405812129e-05,Low Revenue / Low Profit
OFF-AR-10004272,Newell 308,Office Supplies,Art,8.4,2.1,5,2,0.0,0.25,3.65662408767469e-06,Low Revenue / Low Profit
OFF-AR-10004344,Bulldog Vacuum Base Pencil Sharpener,Office Supplies,Art,330.924,59.5903,31,6,0.10000000000000002,0.18007246376811595,0.00014405531780829273,High Revenue / High Profit
OFF-AR-10004441,BIC Brite Liner Highlighters,Office Supplies,Art,86.112,30.8844,23,7,0.08571428571428573,0.35865384615384616,3.748562064736225e-05,Low Revenue / Low Profit
OFF-AR-10004456,Panasonic KP-4ABK Battery-Operated Pencil Sharpener,Office Supplies,Art,234.24,67.92960000000001,16,4,0.0,0.29000000000000004,0.00010196757455915708,Low Revenue / High Profit
OFF-AR-10004511,"Sanford Colorific Scented Colored Pencils, 12/Pack",Office Supplies,Art,47.080000000000005,14.5948,11,2,0.0,0.30999999999999994,2.049450738663386e-05,Low Revenue / Low Profit
OFF-AR-10004582,BIC Brite Liner Grip Highlighters,Office Supplies,Art,24.272,8.938,17,5,0.08,0.3682432432432433,1.0565902363814294e-05,Low Revenue / Low Profit
OFF-AR-10004587,"Boston 1827 Commercial Additional Cutter, Drive Gear & Gear Rack for 1606",Office Supplies,Art,59.489999999999995,17.847,3,2,0.0,0.30000000000000004,2.589673416378182e-05,Low Revenue / Low Profit
OFF-AR-10004602,Boston KS Multi-Size Manual Pencil Sharpener,Office Supplies,Art,533.3679999999999,119.548,25,7,0.05714285714285715,0.2241379310344828,0.00023218169957081833,High Revenue / High Profit
OFF-AR-10004648,Boston 19500 Mighty Mite Electric Pencil Sharpener,Office Supplies,Art,342.55,92.4885,17,4,0.0,0.27,0.00014911625967059107,High Revenue / High Profit
OFF-AR-10004685,"Binney & Smith Crayola Metallic Colored Pencils, 8-Color Set",Office Supplies,Art,88.896,26.854,20,7,0.05714285714285715,0.3020833333333333,3.8697530344991575e-05,Low Revenue / Low Profit
OFF-AR-10004691,Boston 1730 StandUp Electric Pencil Sharpener,Office Supplies,Art,171.04,44.4704,8,3,0.0,0.26,7.445583142331892e-05,Low Revenue / High Profit
OFF-AR-10004707,Staples in misc. colors,Office Supplies,Art,9.92,3.472,4,2,0.0,0.35,4.318298922587253e-06,Low Revenue / Low Profit
OFF-AR-10004752,Blackstonian Pencils,Office Supplies,Art,49.128,12.6024,19,4,0.05,0.25652173913043474,2.138602716420026e-05,Low Revenue / Low Profit
OFF-AR-10004757,Crayola Colored Pencils,Office Supplies,Art,120.70400000000001,32.8,40,11,0.10909090909090911,0.2717391304347826,5.254394689031974e-05,Low Revenue / Low Profit
OFF-AR-10004790,Staples in misc. colors,Office Supplies,Art,47.88,2.9925,5,2,0.2,0.0625,2.0842757299745735e-05,Low Revenue / Low Profit
OFF-AR-10004817,Colorific Watercolor Pencils,Office Supplies,Art,51.6,11.3004,11,3,0.06666666666666667,0.219,2.2462119395715953e-05,Low Revenue / Low Profit
OFF-AR-10004930,Turquoise Lead Holder with Pocket Clip,Office Supplies,Art,37.52,10.586,6,3,0.06666666666666667,0.28214285714285714,1.633292092494695e-05,Low Revenue / Low Profit
OFF-AR-10004956,Newell 33,Office Supplies,Art,47.988,8.37,10,3,0.13333333333333333,0.17441860465116277,2.0889771038015837e-05,Low Revenue / Low Profit
OFF-AR-10004974,Newell 342,Office Supplies,Art,9.84,2.8536,3,1,0.0,0.29000000000000004,4.283473931276065e-06,Low Revenue / Low Profit
OFF-AR-10004999,Newell 315,Office Supplies,Art,145.912,33.787,25,6,0.03333333333333333,0.2315573770491803,6.351730165247493e-05,Low Revenue / Low Profit
OFF-BI-10000014,Heavy-Duty E-Z-D Binders,Office Supplies,Binders,176.74200000000002,9.055299999999997,29,8,0.5,0.05123456790123455,7.693798267902383e-05,Low Revenue / Low Profit
OFF-BI-10000042,"Pressboard Data Binder, Crimson, 12"" X 8 1/2""",Office Supplies,Binders,33.108000000000004,7.1556,9,3,0.3666666666666667,0.21612903225806449,1.4412322654134959e-05,Low Revenue / Low Profit
OFF-BI-10000050,"Angle-D Binders with Locking Rings, Label Holders",Office Supplies,Binders,197.82999999999998,35.332,42,10,0.32999999999999996,0.1785977859778598,8.611785038865285e-05,Low Revenue / Low Profit
OFF-BI-10000069,"GBC Prepunched Paper, 19-Hole, for Binding Systems, 24-lb",Office Supplies,Binders,433.789,125.7838,38,7,0.33749999999999997,0.28996539792387543,0.00018883372694860907,High Revenue / High Profit
OFF-BI-10000088,GBC Imprintable Covers,Office Supplies,Binders,241.56,39.967200000000005,36,8,0.3625,0.16545454545454547,0.00010515406126413073,Low Revenue / Low Profit
OFF-BI-10000136,Avery Non-Stick Heavy Duty View Round Locking Ring Binders,Office Supplies,Binders,68.172,30.8568,12,3,0.06666666666666667,0.45263157894736844,2.9676116345828447e-05,Low Revenue / Low Profit
OFF-BI-10000138,Acco Translucent Poly Ring Binders,Office Supplies,Binders,91.728,16.2864,31,8,0.3125,0.17755102040816328,3.993033503740761e-05,Low Revenue / Low Profit
OFF-BI-10000145,Zipper Ring Binder Pockets,Office Supplies,Binders,81.744,11.7312,44,13,0.37692307692307686,0.1435114503816794,3.558417612177141e-05,Low Revenue / Low Profit
OFF-BI-10000174,"Wilson Jones Clip & Carry Folder Binder Tool for Ring Binders, Clear",Office Supplies,Binders,191.98,50.228,47,9,0.2888888888888889,0.26163141993957706,8.357127289902226e-05,Low Revenue / High Profit
OFF-BI-10000201,"Avery Triangle Shaped Sheet Lifters, Black, 2/Pack",Office Supplies,Binders,25.83,-4.919999999999999,25,6,0.6166666666666667,-0.19047619047619044,1.124411906959967e-05,Low Revenue / Low Profit
OFF-BI-10000216,"Mead 1st Gear 2"" Zipper Binder, Asst. Colors",Office Supplies,Binders,54.474000000000004,-3.891,9,3,0.5333333333333333,-0.07142857142857142,2.3713207208570365e-05,Low Revenue / Low Profit
OFF-BI-10000279,"Acco Recycled 2"" Capacity Laser Printer Hanging Data Binders",Office Supplies,Binders,85.255,8.669999999999998,10,4,0.475,0.10169491525423727,3.711255792794115e-05,Low Revenue / Low Profit
OFF-BI-10000285,XtraLife ClearVue Slant-D Ring Binders by Cardinal,Office Supplies,Binders,72.912,-13.328,22,5,0.5,-0.18279569892473116,3.173949708101631e-05,Low Revenue / Low Profit
OFF-BI-10000301,GBC Instant Report Kit,Office Supplies,Binders,164.985,3.2349999999999994,50,13,0.49230769230769234,0.019607843137254898,7.182001489345343e-05,Low Revenue / Low Profit
OFF-BI-10000309,"GBC Twin Loop Wire Binding Elements, 9/16"" Spine, Black",Office Supplies,Binders,269.394,-2.2830000000000013,35,9,0.3888888888888889,-0.008474576271186446,0.00011727054636607565,Low Revenue / Low Profit
OFF-BI-10000315,Poly Designer Cover & Back,Office Supplies,Binders,451.962,106.344,35,7,0.37142857142857144,0.23529411764705882,0.0001967446590373367,High Revenue / High Profit
OFF-BI-10000320,GBC Plastic Binding Combs,Office Supplies,Binders,172.692,59.778000000000006,30,10,0.26,0.34615384615384615,7.517496749389496e-05,Low Revenue / High Profit
OFF-BI-10000343,"Pressboard Covers with Storage Hooks, 9 1/2"" x 11"", Light Blue",Office Supplies,Binders,102.619,-11.882200000000001,44,12,0.45,-0.11578947368421054,4.467132229203441e-05,Low Revenue / Low Profit
OFF-BI-10000404,Avery Printable Repositionable Plastic Tabs,Office Supplies,Binders,115.24000000000001,42.312000000000005,16,6,0.23333333333333336,0.36716417910447763,5.016539998376563e-05,Low Revenue / Low Profit
OFF-BI-10000474,Avery Recycled Flexi-View Covers for Binding Systems,Office Supplies,Binders,197.169,-69.5702,32,7,0.5285714285714286,-0.35284552845528455,8.583010889794417e-05,Low Revenue / Low Profit
OFF-BI-10000494,Acco Economy Flexible Poly Round Ring Binder,Office Supplies,Binders,11.484,-5.742,6,4,0.6,-0.5,4.999127502720969e-06,Low Revenue / Low Profit
OFF-BI-10000545,GBC Ibimaster 500 Manual ProClick Binding System,Office Supplies,Binders,19024.5,760.9799999999996,48,9,0.5222222222222223,0.03999999999999998,0.008281600589996089,High Revenue / High Profit
OFF-BI-10000546,Avery Durable Binders,Office Supplies,Binders,87.264,13.824,50,12,0.3333333333333333,0.15841584158415842,3.798710052224335e-05,Low Revenue / Low Profit
OFF-BI-10000591,Avery Binder Labels,Office Supplies,Binders,26.063,9.8806,8,4,0.22499999999999998,0.37910447761194027,1.1345546856793505e-05,Low Revenue / Low Profit
OFF-BI-10000605,"Acco Pressboard Covers with Storage Hooks, 9 1/2"" x 11"", Executive Red",Office Supplies,Binders,91.44,34.8996,28,9,0.15555555555555556,0.38166666666666665,3.980496506868734e-05,Low Revenue / Low Profit
OFF-BI-10000632,Satellite Sectional Post Binders,Office Supplies,Binders,1219.821,329.0478,38,11,0.3727272727272727,0.26975088967971533,0.000531003196577551,High Revenue / High Profit
OFF-BI-10000666,Surelock Post Binders,Office Supplies,Binders,653.984,210.864,29,8,0.2625,0.32242990654205606,0.0002846873389706958,High Revenue / High Profit
OFF-BI-10000756,Storex DuraTech Recycled Plastic Frosted Binders,Office Supplies,Binders,94.128,11.447999999999999,39,8,0.5,0.1216216216216216,4.097508477674324e-05,Low Revenue / Low Profit
OFF-BI-10000773,Insertable Tab Post Binder Dividers,Office Supplies,Binders,66.566,-39.699,25,8,0.575,-0.5963855421686747,2.897700464525636e-05,Low Revenue / Low Profit
OFF-BI-10000778,GBC VeloBinder Electric Binding Machine,Office Supplies,Binders,496.018,-411.332,15,4,0.725,-0.8292682926829269,0.00021592278175240766,High Revenue / Low Profit
OFF-BI-10000822,"Acco PRESSTEX Data Binder with Storage Hooks, Light Blue, 9 1/2"" X 11""",Office Supplies,Binders,67.25,19.6908,17,5,0.26,0.2928,2.9274758320967013e-05,Low Revenue / Low Profit
OFF-BI-10000829,Avery Non-Stick Binders,Office Supplies,Binders,141.884,57.022999999999996,35,7,0.1142857142857143,0.4018987341772152,6.176386333995662e-05,Low Revenue / High Profit
OFF-BI-10000831,Storex Flexible Poly Binders with Double Pockets,Office Supplies,Binders,10.824,-2.0064,9,3,0.4666666666666666,-0.1853658536585366,4.711821324403672e-06,Low Revenue / Low Profit
OFF-BI-10000848,Angle-D Ring Binders,Office Supplies,Binders,39.384,-1.9691999999999992,14,6,0.5333333333333333,-0.04999999999999998,1.7144343222497617e-05,Low Revenue / Low Profit
OFF-BI-10000948,"GBC Laser Imprintable Binding System Covers, Desert Sand",Office Supplies,Binders,146.981,18.408299999999997,17,6,0.35000000000000003,0.12524271844660192,6.398265059887066e-05,Low Revenue / Low Profit
OFF-BI-10000962,"Acco Flexible ACCOHIDE Square Ring Data Binder, Dark Blue, 11 1/2"" X 14"" 7/8""",Office Supplies,Binders,410.004,111.2868,36,10,0.29,0.2714285714285714,0.00017847982171940164,High Revenue / High Profit
OFF-BI-10000977,Ibico Plastic Spiral Binding Combs,Office Supplies,Binders,1100.48,328.928,47,13,0.33076923076923076,0.29889502762430936,0.00047905258047669557,High Revenue / High Profit
OFF-BI-10001031,Pressboard Data Binders by Wilson Jones,Office Supplies,Binders,99.324,22.9086,27,8,0.325,0.2306451612903226,4.323696796240487e-05,Low Revenue / Low Profit
OFF-BI-10001036,Cardinal EasyOpen D-Ring Binders,Office Supplies,Binders,209.30599999999998,26.506000000000004,40,8,0.25,0.12663755458515286,9.11134953922427e-05,Low Revenue / Low Profit
OFF-BI-10001071,GBC ProClick Punch Binding System,Office Supplies,Binders,1573.908,562.3842,31,7,0.24285714285714285,0.3573170731707317,0.0006851416553076067,High Revenue / High Profit
OFF-BI-10001072,"GBC Clear Cover, 8-1/2 x 11, unpunched, 25 covers per pack",Office Supplies,Binders,136.44,13.644000000000002,15,4,0.375,0.10000000000000002,5.939402268123032e-05,Low Revenue / Low Profit
OFF-BI-10001078,"Acco PRESSTEX Data Binder with Storage Hooks, Dark Blue, 14 7/8"" X 11""",Office Supplies,Binders,175.388,73.8674,37,7,0.1142857142857143,0.42116564417177915,7.634856970108197e-05,Low Revenue / High Profit
OFF-BI-10001097,Avery Hole Reinforcements,Office Supplies,Binders,116.501,14.827399999999999,32,9,0.41111111111111115,0.12727272727272726,5.0714328909308226e-05,Low Revenue / Low Profit
OFF-BI-10001098,Acco D-Ring Binder w/DublLock,Office Supplies,Binders,235.18,-102.8378,31,9,0.6222222222222222,-0.43727272727272726,0.00010237676820706352,Low Revenue / Low Profit
OFF-BI-10001107,"GBC White Gloss Covers, Plain Front",Office Supplies,Binders,269.328,31.421600000000005,31,7,0.5,0.1166666666666667,0.00011724181574824391,Low Revenue / Low Profit
OFF-BI-10001116,"Wilson Jones 1"" Hanging DublLock Ring Binders",Office Supplies,Binders,117.744,-8.5536,46,10,0.5,-0.0726457399103139,5.12554222118058e-05,Low Revenue / Low Profit
OFF-BI-10001120,Ibico EPK-21 Electric Binding System,Office Supplies,Binders,15875.916000000001,3345.2823,13,3,0.3333333333333333,0.2107142857142857,0.006910982959464288,High Revenue / High Profit
OFF-BI-10001132,"Acco PRESSTEX Data Binder with Storage Hooks, Dark Blue, 9 1/2"" X 11""",Office Supplies,Binders,62.946,-0.16139999999999866,23,4,0.55,-0.002564102564102543,2.7401173788425122e-05,Low Revenue / Low Profit
OFF-BI-10001153,Ibico Recycled Grain-Textured Covers,Office Supplies,Binders,141.614,3.4540000000000006,8,4,0.39999999999999997,0.02439024390243903,6.164632899428137e-05,Low Revenue / Low Profit
OFF-BI-10001191,Canvas Sectional Post Binders,Office Supplies,Binders,422.63599999999997,59.06720000000001,28,6,0.3333333333333333,0.13975903614457835,0.0001839786878474381,High Revenue / High Profit
OFF-BI-10001196,"Avery Flip-Chart Easel Binder, Black",Office Supplies,Binders,239.466,37.8222,17,4,0.425,0.15794392523364487,0.0001042425171165604,Low Revenue / Low Profit
OFF-BI-10001249,Avery Heavy-Duty EZD View Binder with Locking Rings,Office Supplies,Binders,170.984,29.730800000000002,41,10,0.35,0.17388059701492536,7.44314539294011e-05,Low Revenue / Low Profit
OFF-BI-10001267,"Universal Recycled Hanging Pressboard Report Binders, Letter Size",Office Supplies,Binders,72.806,8.638000000000002,20,5,0.48,0.1186440677966102,3.169335396752898e-05,Low Revenue / Low Profit
OFF-BI-10001294,Fellowes Binding Cases,Office Supplies,Binders,271.44,71.955,31,5,0.27999999999999997,0.2650862068965517,0.00011816119551885926,Low Revenue / High Profit
OFF-BI-10001308,GBC Standard Plastic Binding Systems' Combs,Office Supplies,Binders,108.644,5.023999999999999,30,8,0.425,0.04624277456647398,4.729407945015822e-05,Low Revenue / Low Profit
OFF-BI-10001359,GBC DocuBind TL300 Electric Binding System,Office Supplies,Binders,19823.479,2233.5051000000003,37,11,0.3,0.11266968325791857,0.008629406049156354,High Revenue / High Profit
OFF-BI-10001460,Plastic Binding Combs,Office Supplies,Binders,269.67,84.9915,23,5,0.26,0.3151685393258427,0.00011739069258609926,Low Revenue / High Profit
OFF-BI-10001510,Deluxe Heavy-Duty Vinyl Round Ring Binder,Office Supplies,Binders,504.24,88.242,33,7,0.32857142857142857,0.17500000000000002,0.00021950192023441497,High Revenue / High Profit
OFF-BI-10001524,GBC Premium Transparent Covers with Diagonal Lined Pattern,Office Supplies,Binders,780.456,49.51280000000001,67,14,0.39999999999999997,0.06344086021505378,0.00033974216773455213,High Revenue / High Profit
OFF-BI-10001525,"Acco Pressboard Covers with Storage Hooks, 14 7/8"" x 11"", Executive Red",Office Supplies,Binders,63.627,-13.906500000000001,37,8,0.5625,-0.218562874251497,2.769762152696161e-05,Low Revenue / Low Profit
OFF-BI-10001543,GBC VeloBinder Manual Binding System,Office Supplies,Binders,842.166,280.72200000000004,30,8,0.275,0.33333333333333337,0.00036660529540721946,High Revenue / High Profit
OFF-BI-10001553,SpineVue Locking Slant-D Ring Binders by Cardinal,Office Supplies,Binders,110.59400000000001,6.032400000000001,22,8,0.3875,0.05454545454545455,4.814293861336842e-05,Low Revenue / Low Profit
OFF-BI-10001575,GBC Linen Binding Covers,Office Supplies,Binders,207.566,-82.4068,18,6,0.5499999999999999,-0.3970149253731343,9.035605183122437e-05,Low Revenue / Low Profit
OFF-BI-10001597,"Wilson Jones Ledger-Size, Piano-Hinge Binder, 2"", Blue",Office Supplies,Binders,1217.106,215.5548,47,12,0.3666666666666667,0.1771043771043771,0.0005298213234349276,High Revenue / High Profit
OFF-BI-10001617,GBC Wire Binding Combs,Office Supplies,Binders,184.052,41.5668,26,7,0.37142857142857144,0.2258426966292135,8.012011626008358e-05,Low Revenue / Low Profit
OFF-BI-10001628,"Acco Data Flex Cable Posts For Top & Bottom Load Binders, 6"" Capacity",Office Supplies,Binders,287.868,64.1445,39,10,0.29,0.22282608695652173,0.00012531250748461163,Low Revenue / High Profit
OFF-BI-10001634,Wilson Jones Active Use Binders,Office Supplies,Binders,115.024,37.0552,21,6,0.3,0.3221518987341772,5.0071372507225426e-05,Low Revenue / Low Profit
OFF-BI-10001636,Ibico Plastic and Wire Spiral Binding Combs,Office Supplies,Binders,208.221,21.580800000000004,41,9,0.35555555555555557,0.10364372469635628,9.064118144758472e-05,Low Revenue / Low Profit
OFF-BI-10001658,GBC Standard Therm-A-Bind Covers,Office Supplies,Binders,466.004,8.472800000000007,34,12,0.48333333333333334,0.018181818181818195,0.0002028573156372329,High Revenue / Low Profit
OFF-BI-10001670,Vinyl Sectional Post Binders,Office Supplies,Binders,901.03,147.02999999999997,40,11,0.41818181818181815,0.1631799163179916,0.0003922295240139912,High Revenue / High Profit
OFF-BI-10001679,GBC Instant Index System for Binding Systems,Office Supplies,Binders,71.928,-12.432,19,5,0.48,-0.17283950617283952,3.1311149687888704e-05,Low Revenue / Low Profit
OFF-BI-10001718,GBC DocuBind P50 Personal Binding Machine,Office Supplies,Binders,2264.892,569.422,50,10,0.33999999999999997,0.2514124293785311,0.0009859355527597265,High Revenue / High Profit
OFF-BI-10001721,Trimflex Flexible Post Binders,Office Supplies,Binders,346.356,112.8864,21,4,0.3,0.3259259259259259,0.00015077305863222084,High Revenue / High Profit
OFF-BI-10001757,Pressboard Hanging Data Binders for Unburst Sheets,Office Supplies,Binders,112.66799999999999,-10.135200000000001,48,10,0.43999999999999995,-0.08995633187772928,4.904577651311095e-05,Low Revenue / Low Profit
OFF-BI-10001758,Wilson Jones 14 Line Acrylic Coated Pressboard Data Binders,Office Supplies,Binders,100.392,35.297399999999996,23,4,0.175,0.35159574468085103,4.3701881596409224e-05,Low Revenue / Low Profit
OFF-BI-10001759,"Acco Pressboard Covers with Storage Hooks, 14 7/8"" x 11"", Dark Blue",Office Supplies,Binders,59.817,13.1826,24,5,0.3,0.22038216560509555,2.60390813157663e-05,Low Revenue / Low Profit
OFF-BI-10001765,Wilson Jones Heavy-Duty Casebound Ring Binders with Metal Hinges,Office Supplies,Binders,554.24,157.95839999999998,22,6,0.3,0.285,0.00024126753980390717,High Revenue / High Profit
OFF-BI-10001787,Wilson Jones Four-Pocket Poly Binders,Office Supplies,Binders,62.13,5.4282,17,4,0.425,0.08736842105263158,2.7045958877051012e-05,Low Revenue / Low Profit
OFF-BI-10001890,Avery Poly Binder Pockets,Office Supplies,Binders,78.044,14.749600000000001,34,8,0.25,0.1889908256880734,3.397352027362899e-05,Low Revenue / Low Profit
OFF-BI-10001900,"DXL Angle-View Binders with Locking Rings, Black",Office Supplies,Binders,124.592,42.0498,26,4,0.2,0.33749999999999997,5.423644146804345e-05,Low Revenue / Low Profit
OFF-BI-10001922,Storex Dura Pro Binders,Office Supplies,Binders,153.252,49.361399999999996,33,5,0.32,0.3220930232558139,6.671249460527638e-05,Low Revenue / High Profit
OFF-BI-10001982,Wilson Jones Custom Binder Spines & Labels,Office Supplies,Binders,41.344,-19.6928,22,7,0.6285714285714284,-0.47631578947368414,1.7997555509621712e-05,Low Revenue / Low Profit
OFF-BI-10001989,Premium Transparent Presentation Covers by GBC,Office Supplies,Binders,753.182,284.0692,43,10,0.21000000000000002,0.37715877437325906,0.00032786945757178553,High Revenue / High Profit
OFF-BI-10002003,Ibico Presentation Index for Binding Systems,Office Supplies,Binders,72.038,15.0842,27,7,0.2714285714285714,0.20939226519337018,3.135903405094159e-05,Low Revenue / Low Profit
OFF-BI-10002012,Wilson Jones Easy Flow II Sheet Lifters,Office Supplies,Binders,51.480000000000004,5.6160000000000005,49,12,0.38333333333333336,0.1090909090909091,2.2409881908749172e-05,Low Revenue / Low Profit
OFF-BI-10002026,Avery Arch Ring Binders,Office Supplies,Binders,1318.87,87.15000000000003,40,10,0.39,0.06607929515418505,0.0005741204536323236,High Revenue / High Profit
OFF-BI-10002026,Ibico Recycled Linen-Style Covers,Office Supplies,Binders,749.952,262.4832,24,4,0.3,0.35000000000000003,0.00032646339854759633,High Revenue / High Profit
OFF-BI-10002049,UniKeep View Case Binders,Office Supplies,Binders,28.851,-5.4768,13,5,0.5,-0.18983050847457628,1.255919780398839e-05,Low Revenue / Low Profit
OFF-BI-10002071,Fellowes Black Plastic Comb Bindings,Office Supplies,Binders,102.256,-4.415600000000001,34,9,0.4111111111111111,-0.043181818181818196,4.4513303893959895e-05,Low Revenue / Low Profit
OFF-BI-10002072,Cardinal Slant-D Ring Binders,Office Supplies,Binders,119.922,46.057,17,5,0.18,0.3840579710144928,5.2203532600252876e-05,Low Revenue / High Profit
OFF-BI-10002082,GBC Twin Loop Wire Binding Elements,Office Supplies,Binders,1041.664,259.584,47,10,0.37,0.24920127795527158,0.0004534492468647105,High Revenue / High Profit
OFF-BI-10002103,"Cardinal Slant-D Ring Binder, Heavy Gauge Vinyl",Office Supplies,Binders,179.014,5.3877999999999995,37,10,0.41,0.030097087378640773,7.792701243226155e-05,Low Revenue / Low Profit
OFF-BI-10002133,"Wilson Jones Elliptical Ring 3 1/2"" Capacity Binders, 800 sheets",Office Supplies,Binders,834.6,-82.17599999999999,42,8,0.5125,-0.09846153846153845,0.00036331172185396387,High Revenue / Low Profit
OFF-BI-10002160,Acco Hanging Data Binders,Office Supplies,Binders,41.910000000000004,8.2296,17,7,0.32857142857142857,0.19636363636363632,1.8243942323148367e-05,Low Revenue / Low Profit
OFF-BI-10002194,Cardinal Hold-It CD Pocket,Office Supplies,Binders,38.304,-12.4488,12,4,0.5,-0.325,1.6674205839796586e-05,Low Revenue / Low Profit
OFF-BI-10002215,"Wilson Jones Hanging View Binder, White, 1""",Office Supplies,Binders,143.42,55.238,23,7,0.1142857142857143,0.38514851485148516,6.243250317313143e-05,Low Revenue / High Profit
OFF-BI-10002225,"Square Ring Data Binders, Rigid 75 Pt. Covers, 11"" x 14-7/8""",Office Supplies,Binders,334.368,98.2464,22,7,0.2571428571428572,0.2938271604938271,0.00014555453368423938,High Revenue / High Profit
OFF-BI-10002309,Avery Heavy-Duty EZD  Binder With Locking Rings,Office Supplies,Binders,110.48400000000001,29.239199999999997,28,6,0.21666666666666665,0.2646464646464646,4.8095054250315536e-05,Low Revenue / Low Profit
OFF-BI-10002353,GBC VeloBind Cover Sets,Office Supplies,Binders,342.768,18.527999999999995,42,11,0.4636363636363636,0.05405405405405404,0.00014921115777191406,High Revenue / Low Profit
OFF-BI-10002393,Binder Posts,Office Supplies,Binders,57.4,7.8064,16,6,0.45,0.136,2.498693126577705e-05,Low Revenue / Low Profit
OFF-BI-10002412,Wilson Jones Snap Scratch Pad Binder Tool for Ring Binders,Office Supplies,Binders,100.92,30.739999999999995,22,5,0.2,0.30459770114942525,4.393172653906306e-05,Low Revenue / Low Profit
OFF-BI-10002414,GBC ProClick Spines for 32-Hole Punch,Office Supplies,Binders,66.40899999999999,-13.2818,12,5,0.44000000000000006,-0.20000000000000004,2.890866059980815e-05,Low Revenue / Low Profit
OFF-BI-10002429,"Premier Elliptical Ring Binder, Black",Office Supplies,Binders,526.612,-201.51279999999997,46,9,0.6444444444444444,-0.38265895953757223,0.00022924072905458853,High Revenue / Low Profit
OFF-BI-10002432,Wilson Jones Standard D-Ring Binders,Office Supplies,Binders,96.646,26.9192,26,8,0.32499999999999996,0.27853403141361255,4.207120137826287e-05,Low Revenue / Low Profit
OFF-BI-10002437,Recycled Premium Regency Composition Covers,Office Supplies,Binders,110.01599999999999,39.880799999999994,9,3,0.20000000000000004,0.3625,4.789132805114508e-05,Low Revenue / Low Profit
OFF-BI-10002498,Clear Mylar Reinforcing Strips,Office Supplies,Binders,377.538,90.27269999999999,29,7,0.41428571428571426,0.23910891089108907,0.00016434696962053894,High Revenue / High Profit
OFF-BI-10002557,Presstex Flexible Ring Binders,Office Supplies,Binders,92.82,24.569999999999997,30,8,0.35,0.2647058823529412,4.040569616880532e-05,Low Revenue / Low Profit
OFF-BI-10002571,"Avery Framed View Binder, EZD Ring (Locking), Navy, 1 1/2""",Office Supplies,Binders,99.80000000000001,-0.698599999999999,19,6,0.45,-0.006999999999999989,4.344417666070644e-05,Low Revenue / Low Profit
OFF-BI-10002609,Avery Hidden Tab Dividers for Binding Systems,Office Supplies,Binders,31.588,-7.032800000000001,24,7,0.6142857142857142,-0.22264150943396227,1.3750647819222394e-05,Low Revenue / Low Profit
OFF-BI-10002706,Avery Premier Heavy-Duty Binder with Round Locking Rings,Office Supplies,Binders,191.352,29.416800000000002,21,7,0.3428571428571429,0.1537313432835821,8.329789671722944e-05,Low Revenue / Low Profit
OFF-BI-10002735,GBC Prestige Therm-A-Bind Covers,Office Supplies,Binders,1073.903,364.7153,39,10,0.16999999999999998,0.33961661341853033,0.0004674832830507277,High Revenue / High Profit
OFF-BI-10002764,Recycled Pressboard Report Cover with Reinforced Top Hinge,Office Supplies,Binders,69.768,13.759799999999998,34,8,0.3625,0.1972222222222222,3.0370874922486642e-05,Low Revenue / Low Profit
OFF-BI-10002794,"Avery Trapezoid Ring Binder, 3"" Capacity, Black, 1040 sheets",Office Supplies,Binders,545.034,85.2384,22,7,0.5,0.15639097744360902,0.00023726005392877227,High Revenue / High Profit
OFF-BI-10002799,"SlimView Poly Binder, 3/8""",Office Supplies,Binders,117.58599999999998,5.697999999999999,40,7,0.4571428571428572,0.04845814977973568,5.1186642853966194e-05,Low Revenue / Low Profit
OFF-BI-10002813,Avery Reinforcements for Hole-Punch Pages,Office Supplies,Binders,28.512,-16.137,41,8,0.575,-0.5659722222222222,1.2411626903307234e-05,Low Revenue / Low Profit
OFF-BI-10002824,Recycled Easel Ring Binders,Office Supplies,Binders,308.844,21.634000000000004,35,9,0.3888888888888889,0.07004830917874398,0.000134443620206405,High Revenue / Low Profit
OFF-BI-10002827,Avery Durable Poly Binders,Office Supplies,Binders,82.95,-15.5946,33,6,0.5333333333333333,-0.188,3.6109162865787564e-05,Low Revenue / Low Profit
OFF-BI-10002852,Ibico Standard Transparent Covers,Office Supplies,Binders,390.576,104.81280000000001,34,10,0.32999999999999996,0.2683544303797468,0.00017002257257947974,High Revenue / High Profit
OFF-BI-10002854,"Performers Binder/Pad Holder, Black",Office Supplies,Binders,611.054,106.514,36,8,0.3625,0.1743119266055046,0.00026599937800832977,High Revenue / High Profit
OFF-BI-10002867,GBC Recycled Regency Composition Covers,Office Supplies,Binders,1291.248,451.9368,26,6,0.2333333333333333,0.35,0.0005620962547573533,High Revenue / High Profit
OFF-BI-10002897,"Black Avery Memo-Size 3-Ring Binder, 5 1/2"" x 8 1/2""",Office Supplies,Binders,45.507999999999996,15.560799999999999,16,4,0.27499999999999997,0.3419354838709677,1.981019630736902e-05,Low Revenue / Low Profit
OFF-BI-10002931,"Avery Trapezoid Extra Heavy Duty 4"" Binders",Office Supplies,Binders,314.54999999999995,0.0,15,4,0.44999999999999996,0.0,0.00013692751271167543,High Revenue / Low Profit
OFF-BI-10002949,Prestige Round Ring Binders,Office Supplies,Binders,85.728,18.0576,21,8,0.375,0.21063829787234045,3.731846068906855e-05,Low Revenue / Low Profit
OFF-BI-10002954,Newell 3-Hole Punched Plastic Slotted Magazine Holders for Binders,Office Supplies,Binders,51.184000000000005,3.6559999999999993,20,6,0.43333333333333335,0.07142857142857141,2.228102944089778e-05,Low Revenue / Low Profit
OFF-BI-10002976,ACCOHIDE Binder by Acco,Office Supplies,Binders,65.25399999999999,19.287100000000002,21,4,0.22499999999999998,0.29556962025316463,2.840587478775288e-05,Low Revenue / Low Profit
OFF-BI-10002982,Avery Self-Adhesive Photo Pockets for Polaroid Photos,Office Supplies,Binders,143.01,-2.1791999999999967,41,11,0.5363636363636364,-0.015238095238095216,6.22540250926616e-05,Low Revenue / Low Profit
OFF-BI-10003007,"Premium Transparent Presentation Covers, No Pattern/Clear, 8 1/2"" x 11""",Office Supplies,Binders,698.04,90.7452,29,7,0.2857142857142857,0.13,0.0003038654616857667,High Revenue / High Profit
OFF-BI-10003091,GBC DocuBind TL200 Manual Binding Machine,Office Supplies,Binders,4322.814,1592.4978,23,6,0.21666666666666667,0.3683937823834197,0.0018817744998734975,High Revenue / High Profit
OFF-BI-10003094,Self-Adhesive Ring Binder Labels,Office Supplies,Binders,22.88,2.3584000000000005,11,4,0.425,0.10307692307692311,9.959947514999631e-06,Low Revenue / Low Profit
OFF-BI-10003166,GBC Plasticlear Binding Covers,Office Supplies,Binders,68.88,-68.4208,23,7,0.7285714285714285,-0.9933333333333334,2.9984317518932455e-05,Low Revenue / Low Profit
OFF-BI-10003196,Accohide Poly Flexible Ring Binders,Office Supplies,Binders,43.758,-19.822000000000003,34,8,0.5375,-0.45299145299145305,1.9048399622436797e-05,Low Revenue / Low Profit
OFF-BI-10003274,"Avery Durable Slant Ring Binders, No Labels",Office Supplies,Binders,89.55,13.611600000000001,36,9,0.36666666666666664,0.15200000000000002,3.898222464896053e-05,Low Revenue / Low Profit
OFF-BI-10003291,Wilson Jones Leather-Like Binders with DublLock Round Rings,Office Supplies,Binders,238.329,25.4916,46,12,0.35000000000000003,0.10695970695970695,0.00010374756692755015,Low Revenue / Low Profit
OFF-BI-10003305,Avery Hanging File Binders,Office Supplies,Binders,105.846,21.8868,26,6,0.25,0.20677966101694917,4.6076075379049435e-05,Low Revenue / Low Profit
OFF-BI-10003314,Tuff Stuff Recycled Round Ring Binders,Office Supplies,Binders,80.494,23.955399999999997,23,9,0.2777777777777778,0.29760479041916166,3.504003563253411e-05,Low Revenue / Low Profit
OFF-BI-10003350,Acco Expandable Hanging Binders,Office Supplies,Binders,38.918,1.0208000000000004,11,4,0.35,0.026229508196721322,1.694148764810995e-05,Low Revenue / Low Profit
OFF-BI-10003355,Cardinal Holdit Business Card Pockets,Office Supplies,Binders,87.648,22.908,25,8,0.2375,0.2613636363636364,3.815426048053705e-05,Low Revenue / Low Profit
OFF-BI-10003364,Binding Machine Supplies,Office Supplies,Binders,667.9929999999999,182.6042,32,9,0.18888888888888888,0.27336244541484717,0.0002907856302616761,High Revenue / High Profit
OFF-BI-10003429,"Cardinal HOLDit! Binder Insert Strips,Extra Strips",Office Supplies,Binders,136.728,4.367700000000001,41,9,0.4555555555555555,0.03194444444444445,5.95193926499506e-05,Low Revenue / Low Profit
OFF-BI-10003460,Acco 3-Hole Punch,Office Supplies,Binders,137.53199999999998,55.538399999999996,36,9,0.23333333333333334,0.40382165605095544,5.986938381262803e-05,Low Revenue / High Profit
OFF-BI-10003476,Avery Metallic Poly Binders,Office Supplies,Binders,135.80100000000002,43.4334,31,6,0.3,0.31983122362869193,5.911585806313222e-05,Low Revenue / Low Profit
OFF-BI-10003527,Fellowes PB500 Electric Punch Plastic Comb Binding Machine with Manual Bind,Office Supplies,Binders,27453.384000000002,7753.039,31,10,0.24,0.2824074074074074,0.011950798240783683,High Revenue / High Profit
OFF-BI-10003529,Avery Round Ring Poly Binders,Office Supplies,Binders,36.919999999999995,12.2972,17,6,0.3,0.3330769230769231,1.607173349011304e-05,Low Revenue / Low Profit
OFF-BI-10003638,GBC Durable Plastic Covers,Office Supplies,Binders,369.585,14.318999999999997,34,8,0.35,0.038743455497382194,0.0001608849301718155,High Revenue / Low Profit
OFF-BI-10003650,GBC DocuBind 300 Electric Binding Machine,Office Supplies,Binders,6785.142,494.4212000000001,23,8,0.4125,0.07286821705426358,0.0029536563899396693,High Revenue / High Profit
OFF-BI-10003655,Durable Pressboard Binders,Office Supplies,Binders,37.239999999999995,15.085999999999999,11,2,0.1,0.40510204081632656,1.6211033455357792e-05,Low Revenue / Low Profit
OFF-BI-10003656,Fellowes PB200 Plastic Comb Binding Machine,Office Supplies,Binders,4181.754,693.5591999999999,38,9,0.3222222222222222,0.16585365853658535,0.0018203693339440459,High Revenue / High Profit
OFF-BI-10003669,3M Organizer Strips,Office Supplies,Binders,83.16,10.151999999999997,26,7,0.3857142857142857,0.12207792207792205,3.620057846797943e-05,Low Revenue / Low Profit
OFF-BI-10003676,"GBC Standard Recycled Report Covers, Clear Plastic Sheets",Office Supplies,Binders,258.72,-27.1656,51,12,0.4916666666666667,-0.105,0.00011262402190038046,Low Revenue / Low Profit
OFF-BI-10003684,Wilson Jones Legal Size Ring Binders,Office Supplies,Binders,532.158,48.37800000000001,44,9,0.4222222222222222,0.09090909090909093,0.00023165497157723663,High Revenue / High Profit
OFF-BI-10003694,"Avery 3 1/2"" Diskette Storage Pages, 10/Pack",Office Supplies,Binders,137.808,-14.4072,27,6,0.3833333333333333,-0.10454545454545455,5.9989530032651623e-05,Low Revenue / Low Profit
OFF-BI-10003707,Aluminum Screw Posts,Office Supplies,Binders,354.032,41.202,41,11,0.43636363636363634,0.11637931034482758,0.00015411451654852927,High Revenue / Low Profit
OFF-BI-10003708,"Acco Four Pocket Poly Ring Binder with Label Holder, Smoke, 1""",Office Supplies,Binders,122.18,7.449999999999999,28,6,0.4000000000000001,0.06097560975609755,5.318646798001115e-05,Low Revenue / Low Profit
OFF-BI-10003712,"Acco Pressboard Covers with Storage Hooks, 14 7/8"" x 11"", Light Blue",Office Supplies,Binders,131.097,18.412499999999998,45,11,0.4636363636363636,0.14044943820224717,5.706814857403439e-05,Low Revenue / Low Profit
OFF-BI-10003718,GBC Therma-A-Bind 250T Electric Binding System,Office Supplies,Binders,1180.704,413.2464,12,2,0.2,0.35000000000000003,0.0005139750817635544,High Revenue / High Profit
OFF-BI-10003719,Large Capacity Hanging Post Binders,Office Supplies,Binders,276.945,-19.461000000000006,22,5,0.45999999999999996,-0.07027027027027029,0.00012055759023346036,Low Revenue / Low Profit
OFF-BI-10003727,Avery Durable Slant Ring Binders With Label Holder,Office Supplies,Binders,90.706,12.456400000000002,36,9,0.4888888888888888,0.1373271889400922,3.948544577340719e-05,Low Revenue / Low Profit
OFF-BI-10003784,Computer Printout Index Tabs,Office Supplies,Binders,11.088000000000001,-2.016,15,4,0.5,-0.1818181818181818,4.826743795730591e-06,Low Revenue / Low Profit
OFF-BI-10003876,"Green Canvas Binder for 8-1/2"" x 14"" Sheets",Office Supplies,Binders,569.24,162.64000000000001,19,5,0.25999999999999995,0.28571428571428575,0.00024779722567475483,High Revenue / High Profit
OFF-BI-10003910,DXL Angle-View Binders with Locking Rings by Samsill,Office Supplies,Binders,215.109,66.6915,35,10,0.24,0.3100358422939068,9.363961319947797e-05,Low Revenue / High Profit
OFF-BI-10003925,Fellowes PB300 Plastic Comb Binding Machine,Office Supplies,Binders,8070.192,2518.0551,27,6,0.2333333333333333,0.31201923076923077,0.003513054578495188,High Revenue / High Profit
OFF-BI-10003963,Cardinal Holdit Data Disk Pockets,Office Supplies,Binders,100.464,38.7296,16,3,0.13333333333333333,0.38550724637681155,4.3733224088589294e-05,Low Revenue / Low Profit
OFF-BI-10003981,"Avery Durable Plastic 1"" Binders",Office Supplies,Binders,116.224,37.5004,34,7,0.32857142857142857,0.32265625,5.059374737689324e-05,Low Revenue / Low Profit
OFF-BI-10003982,Wilson Jones Century Plastic Molded Ring Binders,Office Supplies,Binders,583.6370000000001,55.2482,48,10,0.37,0.09466192170818503,0.00025406441817359446,High Revenue / High Profit
OFF-BI-10003984,Lock-Up Easel 'Spel-Binder',Office Supplies,Binders,704.691,39.3714,44,7,0.4857142857142857,0.055870445344129556,0.0003067607244009006,High Revenue / Low Profit
OFF-BI-10004001,GBC Recycled VeloBinder Covers,Office Supplies,Binders,487.34400000000005,100.8768,42,8,0.35,0.206993006993007,0.00021214688206949218,High Revenue / High Profit
OFF-BI-10004002,Wilson Jones International Size A4 Ring Binders,Office Supplies,Binders,174.73000000000002,12.802000000000005,18,7,0.37142857142857144,0.07326732673267329,7.606213414754746e-05,Low Revenue / Low Profit
OFF-BI-10004022,Acco Suede Grain Vinyl Round Ring Binder,Office Supplies,Binders,38.641999999999996,-4.892799999999999,29,8,0.5375,-0.12661870503597122,1.6821341428086352e-05,Low Revenue / Low Profit
OFF-BI-10004040,Wilson Jones Impact Binders,Office Supplies,Binders,134.68,23.724400000000003,42,9,0.3888888888888889,0.17615384615384616,5.86278728723842e-05,Low Revenue / Low Profit
OFF-BI-10004094,GBC Standard Plastic Binding Systems Combs,Office Supplies,Binders,55.755,-2.9205000000000014,13,5,0.5,-0.0523809523809524,2.4270842381940756e-05,Low Revenue / Low Profit
OFF-BI-10004099,GBC VeloBinder Strips,Office Supplies,Binders,52.992,-23.808,20,4,0.55,-0.4492753623188406,2.3068074244530615e-05,Low Revenue / Low Profit
OFF-BI-10004139,Fellowes Presentation Covers for Comb Binding Machines,Office Supplies,Binders,133.86,21.825000000000003,14,2,0.4,0.16304347826086957,5.827091671144453e-05,Low Revenue / Low Profit
OFF-BI-10004140,Avery Non-Stick Binders,Office Supplies,Binders,75.432,-13.47,36,13,0.46153846153846156,-0.17857142857142858,3.283648430731872e-05,Low Revenue / Low Profit
OFF-BI-10004141,Insertable Tab Indexes For Data Binders,Office Supplies,Binders,17.49,-4.8336,13,5,0.6,-0.27636363636363637,7.6136137254083715e-06,Low Revenue / Low Profit
OFF-BI-10004182,Economy Binders,Office Supplies,Binders,29.952,9.7968,19,4,0.30000000000000004,0.3270833333333333,1.303847674690861e-05,Low Revenue / Low Profit
OFF-BI-10004187,3-ring staple pack,Office Supplies,Binders,42.111999999999995,16.6944,26,6,0.10000000000000002,0.3964285714285715,1.833187542620911e-05,Low Revenue / Low Profit
OFF-BI-10004209,"Fellowes Twister Kit, Gray/Clear, 3/pkg",Office Supplies,Binders,182.508,-3.2159999999999975,42,10,0.43,-0.017621145374449323,7.944799392777766e-05,Low Revenue / Low Profit
OFF-BI-10004224,Catalog Binders with Expanding Posts,Office Supplies,Binders,1089.936,-242.20800000000003,36,8,0.5125,-0.22222222222222227,0.000474462646621881,High Revenue / Low Profit
OFF-BI-10004230,GBC Recycled Grain Textured Covers,Office Supplies,Binders,466.29,107.07400000000001,20,5,0.4,0.22962962962962966,0.00020298181498117039,High Revenue / High Profit
OFF-BI-10004233,"GBC Pre-Punched Binding Paper, Plastic, White, 8-1/2"" x 11""",Office Supplies,Binders,310.206,52.447199999999995,31,8,0.2875,0.1690721649484536,0.00013503651568347796,High Revenue / High Profit
OFF-BI-10004236,"XtraLife ClearVue Slant-D Ring Binder, White, 3""",Office Supplies,Binders,386.084,76.92320000000001,39,10,0.3,0.19923954372623576,0.00016806714931735656,High Revenue / High Profit
OFF-BI-10004308,Avery Legal 4-Ring Binder,Office Supplies,Binders,258.054,90.214,16,4,0.325,0.34959349593495936,0.00011233410384771481,Low Revenue / High Profit
OFF-BI-10004318,Ibico EB-19 Dual Function Manual Binding System,Office Supplies,Binders,3234.913,1086.3772,23,8,0.2375,0.3358288770053476,0.0014081977139680946,High Revenue / High Profit
OFF-BI-10004330,"GBC Velobind Prepunched Cover Sets, Regency Series",Office Supplies,Binders,661.942,-9.24499999999999,33,7,0.41428571428571426,-0.01396648044692736,0.0002881515549813762,High Revenue / Low Profit
OFF-BI-10004352,Wilson Jones DublLock D-Ring Binders,Office Supplies,Binders,35.775,15.525,6,2,0.35,0.4339622641509434,1.557330080197167e-05,Low Revenue / Low Profit
OFF-BI-10004364,Storex Dura Pro Binders,Office Supplies,Binders,125.334,1.1879999999999988,38,12,0.4666666666666666,0.00947867298578198,5.455944326245471e-05,Low Revenue / Low Profit
OFF-BI-10004390,GBC DocuBind 200 Manual Binding Machine,Office Supplies,Binders,4209.799999999999,1052.45,15,4,0.325,0.25000000000000006,0.0018325781052729651,High Revenue / High Profit
OFF-BI-10004410,"C-Line Peel & Stick Add-On Filing Pockets, 8-3/4 x 5-1/8, 10/Pack",Office Supplies,Binders,85.995,15.0969,21,4,0.39999999999999997,0.17555555555555555,3.743468909756964e-05,Low Revenue / Low Profit
OFF-BI-10004465,Avery Durable Slant Ring Binders,Office Supplies,Binders,51.480000000000004,-23.76,19,5,0.6199999999999999,-0.4615384615384615,2.2409881908749172e-05,Low Revenue / Low Profit
OFF-BI-10004492,Tuf-Vin Binders,Office Supplies,Binders,669.496,234.3236,26,7,0.2714285714285714,0.35000000000000003,0.00029143990478593503,High Revenue / High Profit
OFF-BI-10004506,Wilson Jones data.warehouse D-Ring Binders with DublLock,Office Supplies,Binders,66.663,15.307799999999999,12,5,0.4,0.22962962962962963,2.9019229947221174e-05,Low Revenue / Low Profit
OFF-BI-10004519,GBC DocuBind P100 Manual Binding Machine,Office Supplies,Binders,2954.444,489.6410000000001,27,8,0.25,0.1657303370786517,0.0012861060828673763,High Revenue / High Profit
OFF-BI-10004528,Cardinal Poly Pocket Divider Pockets for Ring Binders,Office Supplies,Binders,40.32,12.6,15,4,0.2,0.3125,1.755179562083851e-05,Low Revenue / Low Profit
OFF-BI-10004584,GBC ProClick 150 Presentation Binding System,Office Supplies,Binders,3222.996,-461.33079999999995,22,5,0.5,-0.14313725490196078,0.0014030100961999019,High Revenue / Low Profit
OFF-BI-10004593,Ibico Laser Imprintable Binding System Covers,Office Supplies,Binders,1100.4,138.336,34,8,0.3625,0.12571428571428572,0.0004790177554853844,High Revenue / High Profit
OFF-BI-10004600,Ibico Ibimaster 300 Manual Binding System,Office Supplies,Binders,7985.383,2318.337,28,8,0.16249999999999998,0.2903225806451613,0.003476136169893807,High Revenue / High Profit
OFF-BI-10004632,GBC Binding covers,Office Supplies,Binders,137.26999999999998,58.9225,11,3,0.06666666666666667,0.429245283018868,5.975533196608389e-05,Low Revenue / High Profit
OFF-BI-10004632,Ibico Hi-Tech Manual Binding System,Office Supplies,Binders,5398.323,-304.99,34,11,0.4272727272727273,-0.05649717514124294,0.0023499568946247973,High Revenue / Low Profit
OFF-BI-10004654,Avery Binding System Hidden Tab Executive Style Index Sets,Office Supplies,Binders,91.743,16.733,26,8,0.3625,0.18238993710691825,3.993686472327846e-05,Low Revenue / Low Profit
OFF-BI-10004654,VariCap6 Expandable Binder,Office Supplies,Binders,122.83,31.14,10,3,0.3,0.2535211267605634,5.3469421034414546e-05,Low Revenue / Low Profit
OFF-BI-10004656,Peel & Stick Add-On Corner Pockets,Office Supplies,Binders,38.016,4.32,30,7,0.39999999999999997,0.11363636363636365,1.6548835871076312e-05,Low Revenue / Low Profit
OFF-BI-10004716,Wilson Jones Hanging Recycled Pressboard Data Binders,Office Supplies,Binders,32.647999999999996,1.7807999999999993,4,2,0.44999999999999996,0.05454545454545453,1.4212078954095627e-05,Low Revenue / Low Profit
OFF-BI-10004728,Wilson Jones Turn Tabs Binder Tool for Ring Binders,Office Supplies,Binders,212.08,58.5148,59,13,0.2692307692307692,0.2759090909090909,9.232105196595813e-05,Low Revenue / High Profit
OFF-BI-10004738,Flexible Leather- Look Classic Collection Ring Binder,Office Supplies,Binders,142.05,18.940000000000005,13,6,0.3833333333333333,0.13333333333333336,6.183612519692735e-05,Low Revenue / Low Profit
OFF-BI-10004781,GBC Wire Binding Strips,Office Supplies,Binders,212.65800000000002,-18.409200000000002,14,5,0.5,-0.08656716417910448,9.257266252818147e-05,Low Revenue / Low Profit
OFF-BI-10004817,GBC Personal VeloBind Strips,Office Supplies,Binders,156.938,-11.2612,27,7,0.42857142857142855,-0.0717557251908397,6.831705607993935e-05,Low Revenue / Low Profit
OFF-BI-10004826,JM Magazine Binder,Office Supplies,Binders,204.72400000000002,50.1904,18,6,0.21666666666666667,0.2451612903225806,8.911889401489445e-05,Low Revenue / High Profit
OFF-BI-10004828,GBC Poly Designer Binding Covers,Office Supplies,Binders,256.122,102.4488,18,6,0.21666666666666665,0.4,0.00011149308030754964,Low Revenue / High Profit
OFF-BI-10004876,Wilson Jones Suede Grain Vinyl Binders,Office Supplies,Binders,16.402,5.0596000000000005,8,3,0.2333333333333333,0.30847457627118646,7.139993843576223e-06,Low Revenue / Low Profit
OFF-BI-10004965,Ibico Covers for Plastic or Wire Binding Elements,Office Supplies,Binders,184.0,57.5,20,7,0.2285714285714286,0.3125,8.009748001573131e-05,Low Revenue / High Profit
OFF-BI-10004967,Round Ring Binders,Office Supplies,Binders,29.952,-0.9152000000000005,28,6,0.4666666666666666,-0.03055555555555557,1.303847674690861e-05,Low Revenue / Low Profit
OFF-BI-10004970,"ACCOHIDE 3-Ring Binder, Blue, 1""",Office Supplies,Binders,147.028,50.7164,44,13,0.16153846153846155,0.34494382022471914,6.400311028126599e-05,Low Revenue / High Profit
OFF-BI-10004995,GBC DocuBind P400 Electric Binding System,Office Supplies,Binders,17965.068,-1878.1662000000003,27,6,0.45,-0.10454545454545457,0.007820416712561163,High Revenue / Low Profit
OFF-EN-10000056,Cameo Buff Policy Envelopes,Office Supplies,Envelopes,1555.75,632.2568,28,8,0.1,0.4064,0.0006772372529047499,High Revenue / High Profit
OFF-EN-10000461,"#10- 4 1/8"" x 9 1/2"" Recycled Envelopes",Office Supplies,Envelopes,211.508,86.43860000000001,27,8,0.07500000000000001,0.40867768595041326,9.207205327808314e-05,Low Revenue / High Profit
OFF-EN-10000483,"White Envelopes, White Envelopes with Clear Poly Window",Office Supplies,Envelopes,320.25,139.07999999999998,22,5,0.08,0.4342857142857142,0.00013940879334259755,High Revenue / High Profit
OFF-EN-10000781,"#10- 4 1/8"" x 9 1/2"" Recycled Envelopes",Office Supplies,Envelopes,75.164,28.842,10,2,0.1,0.3837209302325581,3.271982058642624e-05,Low Revenue / Low Profit
OFF-EN-10000927,Jet-Pak Recycled Peel 'N' Seal Padded Mailers,Office Supplies,Envelopes,552.706,177.6555,19,4,0.15000000000000002,0.3214285714285714,0.00024059977059551516,High Revenue / High Profit
OFF-EN-10001028,Staple envelope,Office Supplies,Envelopes,100.63199999999999,42.4092,9,2,0.1,0.42142857142857143,4.3806356570342785e-05,Low Revenue / Low Profit
OFF-EN-10001099,Staple envelope,Office Supplies,Envelopes,160.392,65.3304,18,5,0.12000000000000002,0.4073170731707317,6.982062507979987e-05,Low Revenue / High Profit
OFF-EN-10001137,"#10 Gummed Flap White Envelopes, 100/Box",Office Supplies,Envelopes,41.3,16.7678,11,4,0.1,0.4060000000000001,1.797840176440056e-05,Low Revenue / Low Profit
OFF-EN-10001141,"Manila Recycled Extra-Heavyweight Clasp Envelopes, 6"" x 9""",Office Supplies,Envelopes,125.172,52.3746,13,4,0.15000000000000002,0.41842105263157897,5.448892265504956e-05,Low Revenue / High Profit
OFF-EN-10001219,"#10- 4 1/8"" x 9 1/2"" Security-Tint Envelopes",Office Supplies,Envelopes,146.688,64.86359999999999,21,8,0.07500000000000001,0.44218749999999996,6.385510406819344e-05,Low Revenue / High Profit
OFF-EN-10001335,"White Business Envelopes with Contemporary Seam, Recycled White Business Envelopes",Office Supplies,Envelopes,336.952,150.97199999999998,34,6,0.10000000000000002,0.448051948051948,0.00014667938090359074,High Revenue / High Profit
OFF-EN-10001415,Staple envelope,Office Supplies,Envelopes,54.684,23.994,11,5,0.12000000000000002,0.4387755102040817,2.380462281076223e-05,Low Revenue / Low Profit
OFF-EN-10001434,"Strathmore #10 Envelopes, Ultimate White",Office Supplies,Envelopes,632.52,309.9348,12,4,0.0,0.49,0.00027534379380190414,High Revenue / High Profit
OFF-EN-10001453,"Tyvek Interoffice Envelopes, 9 1/2"" x 12 1/2"", 100/Box",Office Supplies,Envelopes,939.092,421.9816,16,5,0.04,0.4493506493506494,0.00040879838425507143,High Revenue / High Profit
OFF-EN-10001509,Poly String Tie Envelopes,Office Supplies,Envelopes,68.136,30.293999999999997,35,11,0.07272727272727274,0.44461077844311375,2.9660445099738412e-05,Low Revenue / Low Profit
OFF-EN-10001532,Brown Kraft Recycled Envelopes,Office Supplies,Envelopes,244.512,117.16199999999999,15,5,0.04,0.47916666666666663,0.00010643910344351355,Low Revenue / High Profit
OFF-EN-10001535,Grip Seal Envelopes,Office Supplies,Envelopes,7.072,2.3868,2,1,0.2,0.3375,3.078529231908977e-06,Low Revenue / Low Profit
OFF-EN-10001539,Staple envelope,Office Supplies,Envelopes,196.056,88.8476,26,7,0.028571428571428574,0.4531746031746032,8.534560620632727e-05,Low Revenue / High Profit
OFF-EN-10001749,Jiffy Padded Mailers with Self-Seal Closure,Office Supplies,Envelopes,29.808,10.8054,2,1,0.2,0.36250000000000004,1.297579176254847e-05,Low Revenue / Low Profit
OFF-EN-10001990,Staple envelope,Office Supplies,Envelopes,130.64,61.400800000000004,23,6,0.0,0.4700000000000001,5.686921081116922e-05,Low Revenue / High Profit
OFF-EN-10002230,Airmail Envelopes,Office Supplies,Envelopes,1359.6660000000002,514.4909,19,6,0.13333333333333333,0.37839506172839504,0.0005918794579514638,High Revenue / High Profit
OFF-EN-10002312,#10 Self-Seal White Envelopes,Office Supplies,Envelopes,108.682,52.123,10,4,0.05,0.47959183673469385,4.7310621321031035e-05,Low Revenue / High Profit
OFF-EN-10002500,Globe Weis Peel & Seel First Class Envelopes,Office Supplies,Envelopes,375.73199999999997,164.862,30,7,0.028571428571428574,0.4387755102040817,0.00016356079544168888,High Revenue / High Profit
OFF-EN-10002504,"Tyvek  Top-Opening Peel & Seel Envelopes, Plain White",Office Supplies,Envelopes,570.78,225.0504,24,7,0.1142857142857143,0.3942857142857143,0.0002484676067574952,High Revenue / High Profit
OFF-EN-10002592,"Peel & Seel Recycled Catalog Envelopes, Brown",Office Supplies,Envelopes,176.01600000000002,77.586,17,4,0.1,0.44078947368421045,7.66219458828748e-05,Low Revenue / High Profit
OFF-EN-10002600,"Redi-Strip #10 Envelopes, 4 1/8 x 9 1/2",Office Supplies,Envelopes,93.22,39.53,35,7,0.1142857142857143,0.42405063291139244,4.057982112536126e-05,Low Revenue / Low Profit
OFF-EN-10002621,Staple envelope,Office Supplies,Envelopes,78.24,34.23,9,5,0.12000000000000002,0.4375,3.40588415023414e-05,Low Revenue / Low Profit
OFF-EN-10002831,"Tyvek  Top-Opening Peel & Seel  Envelopes, Gray",Office Supplies,Envelopes,610.98,274.941,17,3,0.0,0.44999999999999996,0.00026596716489136693,High Revenue / High Profit
OFF-EN-10002973,Ampad #10 Peel & Seel Holiday Envelopes,Office Supplies,Envelopes,53.760000000000005,25.8048,12,3,0.0,0.48,2.3402394161118018e-05,Low Revenue / Low Profit
OFF-EN-10002986,"#10-4 1/8"" x 9 1/2"" Premium Diagonal Seam Envelopes",Office Supplies,Envelopes,176.288,63.747,13,2,0.1,0.36160714285714285,7.674035085333284e-05,Low Revenue / High Profit
OFF-EN-10003001,Ames Color-File Green Diamond Border X-ray Mailers,Office Supplies,Envelopes,1360.476,559.3068000000001,18,4,0.05,0.41111111111111115,0.0005922320609884895,High Revenue / High Profit
OFF-EN-10003040,Quality Park Security Envelopes,Office Supplies,Envelopes,240.764,88.19290000000001,11,4,0.15000000000000002,0.36630434782608695,0.00010480755260058442,Low Revenue / High Profit
OFF-EN-10003055,"Blue String-Tie & Button Interoffice Envelopes, 10 x 13",Office Supplies,Envelopes,783.608,299.85,22,7,0.08571428571428573,0.38265306122448983,0.0003411142723922129,High Revenue / High Profit
OFF-EN-10003068,#6 3/4 Gummed Flap White Envelopes,Office Supplies,Envelopes,71.28,24.948,9,4,0.2,0.35,3.1029067258268085e-05,Low Revenue / Low Profit
OFF-EN-10003072,Peel & Seel Envelopes,Office Supplies,Envelopes,62.856,26.5392,18,4,0.1,0.4222222222222222,2.7361995673200038e-05,Low Revenue / Low Profit
OFF-EN-10003134,Staple envelope,Office Supplies,Envelopes,247.61599999999999,107.45599999999999,24,7,0.1142857142857143,0.43396226415094336,0.00010779031310638762,Low Revenue / High Profit
OFF-EN-10003160,Pastel Pink Envelopes,Office Supplies,Envelopes,65.52,31.4496,9,3,0.0,0.48000000000000004,2.852166788386258e-05,Low Revenue / Low Profit
OFF-EN-10003286,Staple envelope,Office Supplies,Envelopes,284.832,131.238,35,7,0.028571428571428574,0.46075581395348836,0.00012399089906435206,Low Revenue / High Profit
OFF-EN-10003296,Tyvek Side-Opening Peel & Seel Expanding Envelopes,Office Supplies,Envelopes,1266.72,570.024,14,5,0.0,0.45,0.0005514189124213433,High Revenue / High Profit
OFF-EN-10003448,"Peel & Seel Recycled Catalog Envelopes, Brown",Office Supplies,Envelopes,88.008,35.898,9,2,0.1,0.4078947368421053,3.8310972941437395e-05,Low Revenue / Low Profit
OFF-EN-10003567,"Inter-Office Recycled Envelopes, Brown Kraft, Button-String,10"" x 13"" , 100/Box",Office Supplies,Envelopes,197.82,81.326,10,3,0.06666666666666667,0.4111111111111111,8.611349726473894e-05,Low Revenue / High Profit
OFF-EN-10003798,"Recycled Interoffice Envelopes with Re-Use-A-Seal Closure, 10 x 13",Office Supplies,Envelopes,68.28,23.0445,5,2,0.2,0.33749999999999997,2.9723130084098553e-05,Low Revenue / Low Profit
OFF-EN-10003845,Colored Envelopes,Office Supplies,Envelopes,50.922,19.0404,16,5,0.12000000000000002,0.37391304347826093,2.2166977594353637e-05,Low Revenue / Low Profit
OFF-EN-10003862,Laser & Ink Jet Business Envelopes,Office Supplies,Envelopes,198.462,83.226,20,5,0.04,0.41935483870967744,8.639296782001122e-05,Low Revenue / High Profit
OFF-EN-10004007,Park Ridge Embossed Executive Business Envelopes,Office Supplies,Envelopes,62.28,29.2716,4,1,0.0,0.47,2.711125573575949e-05,Low Revenue / Low Profit
OFF-EN-10004030,Convenience Packs of Business Envelopes,Office Supplies,Envelopes,58.644,24.109199999999998,18,6,0.10000000000000002,0.4111111111111111,2.5528459880666012e-05,Low Revenue / Low Profit
OFF-EN-10004147,Wausau Papers Astrobrights Colored Envelopes,Office Supplies,Envelopes,50.232,22.7838,9,3,0.06666666666666667,0.45357142857142857,2.1866612044294647e-05,Low Revenue / Low Profit
OFF-EN-10004206,Multimedia Mailers,Office Supplies,Envelopes,325.86,149.8956,2,1,0.0,0.45999999999999996,0.0001418508958582946,High Revenue / High Profit
OFF-EN-10004386,"Recycled Interoffice Envelopes with String and Button Closure, 10 x 13",Office Supplies,Envelopes,259.092,115.152,12,5,0.08,0.4444444444444445,0.00011278595810997746,Low Revenue / High Profit
OFF-EN-10004459,Security-Tint Envelopes,Office Supplies,Envelopes,163.496,73.8788,23,9,0.06666666666666668,0.45186915887850465,7.117183474267395e-05,Low Revenue / High Profit
OFF-EN-10004483,"#10 White Business Envelopes,4 1/8 x 9 1/2",Office Supplies,Envelopes,488.904,223.1408,32,7,0.05714285714285715,0.45641025641025645,0.00021282596940006032,High Revenue / High Profit
OFF-EN-10004773,Staple envelope,Office Supplies,Envelopes,433.72,196.72299999999998,15,4,0.1,0.4535714285714285,0.00018880369039360318,High Revenue / High Profit
OFF-EN-10004846,Letter or Legal Size Expandable Poly String Tie Envelopes,Office Supplies,Envelopes,36.708,15.0024,16,4,0.1,0.40869565217391307,1.5979447263138395e-05,Low Revenue / Low Profit
OFF-EN-10004955,Fashion Color Clasp Envelopes,Office Supplies,Envelopes,77.904,36.5175,15,3,0.06666666666666667,0.46875,3.391257653883441e-05,Low Revenue / Low Profit
OFF-FA-10000053,Revere Boxed Rubber Bands by Revere,Office Supplies,Fasteners,48.006,-5.707800000000001,29,6,0.10000000000000002,-0.11889763779527561,2.0897606661060854e-05,Low Revenue / Low Profit
OFF-FA-10000089,Acco Glide Clips,Office Supplies,Fasteners,19.6,9.604,5,1,0.0,0.48999999999999994,8.532122871240943e-06,Low Revenue / Low Profit
OFF-FA-10000134,"Advantus Push Pins, Aluminum Head",Office Supplies,Fasteners,139.44,43.2264,24,5,0.0,0.31,6.069995985539986e-05,Low Revenue / Low Profit
OFF-FA-10000254,Sterling Rubber Bands by Alliance,Office Supplies,Fasteners,19.782,-3.768,5,2,0.1,-0.19047619047619047,8.611349726473895e-06,Low Revenue / Low Profit
OFF-FA-10000304,Advantus Push Pins,Office Supplies,Fasteners,54.936,20.2086,27,7,0.05714285714285715,0.3678571428571429,2.3914321533392473e-05,Low Revenue / Low Profit
OFF-FA-10000490,"OIC Binder Clips, Mini, 1/4"" Capacity, Black",Office Supplies,Fasteners,15.623999999999999,7.0804,13,5,0.04,0.45317460317460323,6.801320803074923e-06,Low Revenue / Low Profit
OFF-FA-10000585,OIC Bulk Pack Metal Binder Clips,Office Supplies,Fasteners,92.136,35.598,30,8,0.125,0.38636363636363635,4.010794249309467e-05,Low Revenue / Low Profit
OFF-FA-10000611,Binder Clips by OIC,Office Supplies,Fasteners,36.112,15.3328,27,7,0.1142857142857143,0.4245901639344262,1.572000107787005e-05,Low Revenue / Low Profit
OFF-FA-10000621,"OIC Colored Binder Clips, Assorted Sizes",Office Supplies,Fasteners,139.62,59.284800000000004,44,7,0.08571428571428573,0.4246153846153846,6.0778316085850026e-05,Low Revenue / High Profit
OFF-FA-10000624,OIC Binder Clips,Office Supplies,Fasteners,128.164,60.144,38,7,0.028571428571428574,0.46927374301675984,5.579137733008797e-05,Low Revenue / High Profit
OFF-FA-10000735,Staples,Office Supplies,Fasteners,54.312,23.798000000000002,19,5,0.04,0.43817204301075274,2.364268660116521e-05,Low Revenue / Low Profit
OFF-FA-10000840,OIC Thumb-Tacks,Office Supplies,Fasteners,12.996,5.1414,13,3,0.13333333333333333,0.3956140350877193,5.6573198385024136e-06,Low Revenue / Low Profit
OFF-FA-10000936,Acco Hot Clips Clips to Go,Office Supplies,Fasteners,67.116,25.497500000000002,23,6,0.13333333333333333,0.37990196078431376,2.9216426460520773e-05,Low Revenue / Low Profit
OFF-FA-10000992,"Acco Clips to Go Binder Clips, 24 Clips in Two Sizes",Office Supplies,Fasteners,66.03,30.2815,19,5,0.04,0.4586021505376344,2.8743677203471403e-05,Low Revenue / Low Profit
OFF-FA-10001135,"Brites Rubber Bands, 1 1/2 oz. Box",Office Supplies,Fasteners,13.068000000000001,-0.5147999999999999,7,3,0.06666666666666667,-0.039393939393939384,5.688662330682483e-06,Low Revenue / Low Profit
OFF-FA-10001229,Staples,Office Supplies,Fasteners,29.868000000000002,10.7682,9,3,0.13333333333333333,0.36052631578947364,1.3001910506031863e-05,Low Revenue / Low Profit
OFF-FA-10001332,"Acco Banker's Clasps, 5 3/4""-Long",Office Supplies,Fasteners,40.896,18.0,15,5,0.08,0.4401408450704225,1.7802535558279063e-05,Low Revenue / Low Profit
OFF-FA-10001561,Stockwell Push Pins,Office Supplies,Fasteners,69.76,20.0996,34,8,0.07500000000000001,0.28812499999999996,3.0367392423355522e-05,Low Revenue / Low Profit
OFF-FA-10001754,Stockwell Gold Paper Clips,Office Supplies,Fasteners,8.096,3.404,5,2,0.1,0.4204545454545454,3.5242891206921773e-06,Low Revenue / Low Profit
OFF-FA-10001843,Staples,Office Supplies,Fasteners,50.388,21.5878,22,4,0.05,0.42843137254901964,2.1934520777351463e-05,Low Revenue / Low Profit
OFF-FA-10001883,"Alliance Super-Size Bands, Assorted Sizes",Office Supplies,Fasteners,197.61200000000002,-10.3474,27,4,0.05,-0.052362204724409445,8.602295228732987e-05,Low Revenue / Low Profit
OFF-FA-10002280,Advantus Plastic Paper Clips,Office Supplies,Fasteners,225.0,102.8,47,10,0.06000000000000001,0.4568888888888889,9.794528806271492e-05,Low Revenue / High Profit
OFF-FA-10002676,Colored Push Pins,Office Supplies,Fasteners,24.978,7.602,15,5,0.08,0.30434782608695654,1.0873232912135526e-05,Low Revenue / Low Profit
OFF-FA-10002701,Alliance Rubber Bands,Office Supplies,Fasteners,13.440000000000001,0.5376000000000001,8,2,0.0,0.04,5.8505985402795045e-06,Low Revenue / Low Profit
OFF-FA-10002763,Advantus Map Pennant Flags and Round Head Tacks,Office Supplies,Fasteners,87.69,20.54,25,6,0.06666666666666667,0.23423423423423423,3.8172543600975424e-05,Low Revenue / Low Profit
OFF-FA-10002780,Staples,Office Supplies,Fasteners,92.976,33.4356,37,5,0.12000000000000002,0.3596153846153846,4.047360490186214e-05,Low Revenue / Low Profit
OFF-FA-10002815,Staples,Office Supplies,Fasteners,50.616,20.0244,13,3,0.13333333333333333,0.3956140350877193,2.2033772002588345e-05,Low Revenue / Low Profit
OFF-FA-10002975,Staples,Office Supplies,Fasteners,77.112,28.1232,24,4,0.1,0.3647058823529412,3.356780912485365e-05,Low Revenue / Low Profit
OFF-FA-10002983,Advantus SlideClip Paper Clips,Office Supplies,Fasteners,46.376000000000005,19.778,15,3,0.06666666666666667,0.42647058823529405,2.018804746309541e-05,Low Revenue / Low Profit
OFF-FA-10002988,Ideal Clamps,Office Supplies,Fasteners,58.69199999999999,24.8637,33,8,0.1,0.4236301369863014,2.5549354875452723e-05,Low Revenue / Low Profit
OFF-FA-10003021,Staples,Office Supplies,Fasteners,34.592,7.707999999999999,22,6,0.13333333333333333,0.22282608695652173,1.5058326242957485e-05,Low Revenue / Low Profit
OFF-FA-10003059,Assorted Color Push Pins,Office Supplies,Fasteners,34.39,8.923300000000001,21,8,0.1,0.25947368421052636,1.4970393139896736e-05,Low Revenue / Low Profit
OFF-FA-10003112,Staples,Office Supplies,Fasteners,146.754,51.285000000000004,22,7,0.14285714285714285,0.34946236559139787,6.388383468602517e-05,Low Revenue / High Profit
OFF-FA-10003467,"Alliance Big Bands Rubber Bands, 12/Pack",Office Supplies,Fasteners,29.7,0.0,15,4,0.0,0.0,1.2928778024278369e-05,Low Revenue / Low Profit
OFF-FA-10003472,Bagged Rubber Bands,Office Supplies,Fasteners,25.704,0.3024,21,5,0.04,0.011764705882352941,1.1189269708284553e-05,Low Revenue / Low Profit
OFF-FA-10003485,Staples,Office Supplies,Fasteners,26.724,9.7464,12,2,0.1,0.36470588235294116,1.1633288347502193e-05,Low Revenue / Low Profit
OFF-FA-10003495,Staples,Office Supplies,Fasteners,192.128,85.728,35,7,0.05714285714285715,0.4462025316455696,8.363569913294795e-05,Low Revenue / High Profit
OFF-FA-10004076,Translucent Push Pins by OIC,Office Supplies,Fasteners,24.552,5.841,15,3,0.13333333333333333,0.23790322580645162,1.0687789833403451e-05,Low Revenue / Low Profit
OFF-FA-10004248,Advantus T-Pin Paper Clips,Office Supplies,Fasteners,64.042,20.0244,16,5,0.12000000000000002,0.31267605633802814,2.7878276169388393e-05,Low Revenue / Low Profit
OFF-FA-10004395,Plymouth Boxed Rubber Bands by Plymouth,Office Supplies,Fasteners,77.244,-3.297,18,5,0.08,-0.042682926829268296,3.3625270360517113e-05,Low Revenue / Low Profit
OFF-FA-10004838,"Super Bands, 12/Pack",Office Supplies,Fasteners,33.480000000000004,-2.604,20,4,0.1,-0.07777777777777777,1.457425886373198e-05,Low Revenue / Low Profit
OFF-FA-10004854,"Vinyl Coated Wire Paper Clips in Organizer Box, 800/Box",Office Supplies,Fasteners,296.184,119.7364,29,8,0.1,0.40426356589147283,0.0001289325653314096,High Revenue / High Profit
OFF-FA-10004968,Rubber Band Ball,Office Supplies,Fasteners,58.344,-0.29920000000000013,16,4,0.05,-0.005128205128205131,2.5397866163249063e-05,Low Revenue / Low Profit
OFF-LA-10000081,Avery 496,Office Supplies,Labels,50.25,22.950000000000003,14,4,0.1,0.4567164179104478,2.1874447667339665e-05,Low Revenue / Low Profit
OFF-LA-10000121,Avery 48,Office Supplies,Labels,90.72,39.69,15,3,0.06666666666666667,0.4375,3.949154014688665e-05,Low Revenue / Low Profit
OFF-LA-10000134,Avery 511,Office Supplies,Labels,56.672,24.64,20,6,0.10000000000000002,0.4347826086956522,2.467002384484524e-05,Low Revenue / Low Profit
OFF-LA-10000240,Self-Adhesive Address Labels for Typewriters by Universal,Office Supplies,Labels,153.51,64.4011,23,7,0.08571428571428573,0.4195238095238095,6.682480520225495e-05,Low Revenue / High Profit
OFF-LA-10000248,Avery 52,Office Supplies,Labels,68.634,31.475699999999996,19,6,0.03333333333333333,0.45860215053763437,2.9877230670650558e-05,Low Revenue / Low Profit
OFF-LA-10000262,Avery 494,Office Supplies,Labels,56.376,23.959799999999998,23,6,0.10000000000000002,0.425,2.454117137699385e-05,Low Revenue / Low Profit
OFF-LA-10000305,Avery 495,Office Supplies,Labels,97.02,42.588,16,4,0.05,0.438961038961039,4.2234008212642666e-05,Low Revenue / Low Profit
OFF-LA-10000407,Avery White Multi-Purpose Labels,Office Supplies,Labels,95.616,41.832,20,4,0.05,0.4375,4.162282961513133e-05,Low Revenue / Low Profit
OFF-LA-10000414,Avery 503,Office Supplies,Labels,155.25,74.52,15,4,0.0,0.48,6.758224876327329e-05,Low Revenue / High Profit
OFF-LA-10000443,Avery 501,Office Supplies,Labels,66.42,23.3946,22,8,0.17500000000000002,0.3522222222222222,2.8913449036113444e-05,Low Revenue / Low Profit
OFF-LA-10000452,Avery 488,Office Supplies,Labels,51.03,23.183999999999997,17,6,0.06666666666666667,0.45432098765432094,2.2213991332623743e-05,Low Revenue / Low Profit
OFF-LA-10000476,"Avery 05222 Permanent Self-Adhesive File Folder Labels for Typewriters, on Rolls, White, 250/Roll",Office Supplies,Labels,20.65,9.498999999999999,5,2,0.0,0.45999999999999996,8.98920088220028e-06,Low Revenue / Low Profit
OFF-LA-10000634,Avery 509,Office Supplies,Labels,32.364000000000004,14.041799999999999,13,4,0.05,0.4338709677419354,1.4088450234940914e-05,Low Revenue / Low Profit
OFF-LA-10000973,Avery 502,Office Supplies,Labels,17.64,6.1739999999999995,7,3,0.20000000000000004,0.35,7.678910584116849e-06,Low Revenue / Low Profit
OFF-LA-10001045,Permanent Self-Adhesive File Folder Labels for Typewriters by Universal,Office Supplies,Labels,44.37,19.000799999999998,18,6,0.03333333333333333,0.42823529411764705,1.9314810805967378e-05,Low Revenue / Low Profit
OFF-LA-10001074,Round Specialty Laser Printer Labels,Office Supplies,Labels,421.008,162.0129,39,6,0.13333333333333333,0.3848214285714286,0.00018326999927425545,High Revenue / High Profit
OFF-LA-10001158,"Avery Address/Shipping Labels for Typewriters, 4"" x 2""",Office Supplies,Labels,277.38,126.684,28,7,0.05714285714285715,0.45671641791044776,0.00012074695112371494,Low Revenue / High Profit
OFF-LA-10001175,Avery 514,Office Supplies,Labels,47.808,22.8384,17,4,0.05,0.47771084337349395,2.0811414807565664e-05,Low Revenue / Low Profit
OFF-LA-10001297,Avery 473,Office Supplies,Labels,248.4,119.232,24,6,0.0,0.48,0.00010813159802123727,Low Revenue / High Profit
OFF-LA-10001317,Avery 520,Office Supplies,Labels,46.620000000000005,22.05,15,5,0.04,0.4729729729729729,2.029426368659453e-05,Low Revenue / Low Profit
OFF-LA-10001404,Avery 517,Office Supplies,Labels,44.28,18.8559,13,4,0.05,0.4258333333333333,1.9275632690742297e-05,Low Revenue / Low Profit
OFF-LA-10001474,Avery 477,Office Supplies,Labels,573.9639999999999,244.23999999999998,20,4,0.05,0.425531914893617,0.0002498536414116804,High Revenue / High Profit
OFF-LA-10001569,Avery 499,Office Supplies,Labels,176.292,68.724,40,11,0.10909090909090911,0.3898305084745763,7.674209210289839e-05,Low Revenue / High Profit
OFF-LA-10001613,Avery File Folder Labels,Office Supplies,Labels,113.472,48.8448,44,13,0.1076923076923077,0.4304568527918782,4.939576767578838e-05,Low Revenue / High Profit
OFF-LA-10001641,Avery 518,Office Supplies,Labels,106.47,49.14,35,8,0.05,0.46153846153846156,4.63477103112767e-05,Low Revenue / High Profit
OFF-LA-10001771,Avery 513,Office Supplies,Labels,93.624,34.4616,22,5,0.08,0.3680851063829787,4.075568733148276e-05,Low Revenue / Low Profit
OFF-LA-10001934,Avery 516,Office Supplies,Labels,109.64999999999999,51.535500000000006,15,4,0.0,0.4700000000000001,4.7732003715896395e-05,Low Revenue / High Profit
OFF-LA-10001982,Smead Alpha-Z Color-Coded Name Labels First Letter Starter Set,Office Supplies,Labels,71.25,32.25,20,5,0.08,0.45263157894736844,3.101600788652639e-05,Low Revenue / Low Profit
OFF-LA-10002034,Avery 478,Office Supplies,Labels,88.38,43.3062,18,4,0.0,0.49,3.847290915103442e-05,Low Revenue / Low Profit
OFF-LA-10002043,Avery 489,Office Supplies,Labels,159.39,73.278,16,5,0.04,0.45974025974025984,6.938444206362724e-05,Low Revenue / High Profit
OFF-LA-10002195,Avery 481,Office Supplies,Labels,91.168,43.120000000000005,30,5,0.04,0.47297297297297297,3.9686560098229304e-05,Low Revenue / Low Profit
OFF-LA-10002271,Smead Alpha-Z Color-Coded Second Alphabetical Labels and Starter Set,Office Supplies,Labels,48.048,22.4224,16,5,0.04,0.4666666666666666,2.091588978149923e-05,Low Revenue / Low Profit
OFF-LA-10002312,Avery 490,Office Supplies,Labels,177.6,81.4,13,5,0.08,0.45833333333333337,7.73114807108363e-05,Low Revenue / High Profit
OFF-LA-10002368,Avery 479,Office Supplies,Labels,16.704,6.8382,7,3,0.06666666666666667,0.409375,7.271458185775955e-06,Low Revenue / Low Profit
OFF-LA-10002381,Avery 497,Office Supplies,Labels,24.023999999999997,11.211200000000002,8,2,0.1,0.4666666666666668,1.0457944890749613e-05,Low Revenue / Low Profit
OFF-LA-10002473,Avery 484,Office Supplies,Labels,9.216,3.3408,4,1,0.2,0.36250000000000004,4.011838999048803e-06,Low Revenue / Low Profit
OFF-LA-10002475,Avery 519,Office Supplies,Labels,121.34599999999999,51.6086,18,6,0.06666666666666667,0.4253012048192772,5.2823417445592015e-05,Low Revenue / High Profit
OFF-LA-10002762,Avery 485,Office Supplies,Labels,639.03,300.3441,51,8,0.0,0.4700000000000001,0.00027817767746985203,High Revenue / High Profit
OFF-LA-10002787,Avery 480,Office Supplies,Labels,89.25,42.45,24,6,0.03333333333333333,0.47563025210084037,3.885163093154358e-05,Low Revenue / Low Profit
OFF-LA-10002945,"Permanent Self-Adhesive File Folder Labels for Typewriters, 1 1/8 x 3 1/2, White",Office Supplies,Labels,153.72,55.062000000000005,29,6,0.13333333333333333,0.35819672131147545,6.691622080444682e-05,Low Revenue / High Profit
OFF-LA-10003077,Avery 500,Office Supplies,Labels,58.48,27.4856,8,2,0.0,0.47000000000000003,2.545706864847808e-05,Low Revenue / Low Profit
OFF-LA-10003121,Avery 506,Office Supplies,Labels,66.08,28.166600000000003,17,3,0.06666666666666667,0.4262500000000001,2.8765442823040894e-05,Low Revenue / Low Profit
OFF-LA-10003148,Avery 51,Office Supplies,Labels,95.75999999999999,41.328,16,5,0.04,0.4315789473684211,4.168551459949146e-05,Low Revenue / Low Profit
OFF-LA-10003190,Avery 474,Office Supplies,Labels,78.336,34.272,30,9,0.1111111111111111,0.4375,3.4100631491914826e-05,Low Revenue / Low Profit
OFF-LA-10003223,Avery 508,Office Supplies,Labels,87.398,39.8201,19,6,0.06666666666666667,0.45561797752808986,3.804543238268959e-05,Low Revenue / Low Profit
OFF-LA-10003388,Avery 5,Office Supplies,Labels,5.76,2.8224,2,1,0.0,0.49000000000000005,2.5073993744055017e-06,Low Revenue / Low Profit
OFF-LA-10003498,Avery 475,Office Supplies,Labels,266.4,133.2,18,4,0.0,0.5,0.00011596722106625445,Low Revenue / High Profit
OFF-LA-10003510,"Avery 4027 File Folder Labels for Dot Matrix Printers, 5000 Labels per Box, White",Office Supplies,Labels,1233.412,524.5054,43,11,0.09090909090909091,0.42524752475247524,0.0005369195272889304,High Revenue / High Profit
OFF-LA-10003537,Avery 515,Office Supplies,Labels,62.650000000000006,29.445500000000003,5,2,0.0,0.47,2.727232132057373e-05,Low Revenue / Low Profit
OFF-LA-10003663,Avery 498,Office Supplies,Labels,35.258,15.3459,13,3,0.06666666666666667,0.43524590163934423,1.534824429562312e-05,Low Revenue / Low Profit
OFF-LA-10003714,Avery 510,Office Supplies,Labels,21.75,8.100000000000001,7,3,0.13333333333333333,0.37241379310344835,9.468044512729108e-06,Low Revenue / Low Profit
OFF-LA-10003720,Avery 487,Office Supplies,Labels,84.87,35.9775,25,7,0.05714285714285715,0.4239130434782608,3.6944962657256065e-05,Low Revenue / Low Profit
OFF-LA-10003766,Self-Adhesive Removable Labels,Office Supplies,Labels,110.25,52.92,35,7,0.0,0.48000000000000004,4.799319115073031e-05,Low Revenue / High Profit
OFF-LA-10003923,Alphabetical Labels for Top Tab Filing,Office Supplies,Labels,518.0,244.2,37,9,0.06666666666666668,0.4714285714285714,0.0002254918187399392,High Revenue / High Profit
OFF-LA-10003930,"Dot Matrix Printer Tape Reel Labels, White, 5000/Box",Office Supplies,Labels,3322.878,1517.9064,36,8,0.05,0.45680473372781066,0.0014464899684767023,High Revenue / High Profit
OFF-LA-10004008,Avery 507,Office Supplies,Labels,24.192,8.64,10,2,0.1,0.35714285714285715,1.0531077372503108e-05,Low Revenue / Low Profit
OFF-LA-10004055,Color-Coded Legal Exhibit Labels,Office Supplies,Labels,14.73,7.2177,3,2,0.0,0.49,6.412151525172403e-06,Low Revenue / Low Profit
OFF-LA-10004093,Avery 486,Office Supplies,Labels,168.13,75.1468,24,9,0.044444444444444446,0.4469565217391304,7.318907236437448e-05,Low Revenue / High Profit
OFF-LA-10004178,Avery 491,Office Supplies,Labels,45.43,18.6676,12,3,0.13333333333333333,0.4109090909090909,1.9776241940840614e-05,Low Revenue / Low Profit
OFF-LA-10004272,Avery 482,Office Supplies,Labels,11.56,5.4332,4,2,0.0,0.47000000000000003,5.032211244466598e-06,Low Revenue / Low Profit
OFF-LA-10004345,Avery 493,Office Supplies,Labels,55.974000000000004,23.4207,13,4,0.1,0.4184210526315789,2.4366175795655133e-05,Low Revenue / Low Profit
OFF-LA-10004409,Avery 492,Office Supplies,Labels,53.568,22.464,20,5,0.08,0.41935483870967744,2.3318814181971164e-05,Low Revenue / Low Profit
OFF-LA-10004425,Staple-on labels,Office Supplies,Labels,53.754000000000005,21.5883,21,5,0.08,0.4016129032258064,2.339978228676968e-05,Low Revenue / Low Profit
OFF-LA-10004484,Avery 476,Office Supplies,Labels,137.11599999999999,54.5986,37,10,0.08,0.39819277108433737,5.968829385780985e-05,Low Revenue / High Profit
OFF-LA-10004544,Avery 505,Office Supplies,Labels,372.96000000000004,165.76000000000002,28,7,0.1142857142857143,0.4444444444444445,0.00016235410949275625,High Revenue / High Profit
OFF-LA-10004545,Avery 50,Office Supplies,Labels,235.564,102.74600000000001,20,5,0.04,0.4361702127659575,0.00010254392816535722,Low Revenue / High Profit
OFF-LA-10004559,Avery 49,Office Supplies,Labels,66.816,31.564799999999998,24,6,0.03333333333333333,0.4724137931034482,2.908583274310382e-05,Low Revenue / Low Profit
OFF-LA-10004677,Self-Adhesive Address Labels for Typewriters with Dispenser Box,Office Supplies,Labels,26.568,8.9667,9,2,0.2,0.33749999999999997,1.1565379614445378e-05,Low Revenue / Low Profit
OFF-LA-10004689,Avery 512,Office Supplies,Labels,84.388,35.373599999999996,32,5,0.08,0.41917808219178077,3.6735142084606165e-05,Low Revenue / Low Profit
OFF-LA-10004853,Avery 483,Office Supplies,Labels,83.664,32.569199999999995,19,6,0.10000000000000002,0.38928571428571423,3.6419975913239914e-05,Low Revenue / Low Profit
OFF-PA-10000007,"Telephone Message Books with Fax/Mobile Section, 4 1/4"" x 6""",Office Supplies,Paper,51.120000000000005,21.96,15,3,0.06666666666666667,0.4295774647887324,2.225316944784883e-05,Low Revenue / Low Profit
OFF-PA-10000019,Xerox 1931,Office Supplies,Paper,209.952,88.6464,36,8,0.07500000000000001,0.4222222222222222,9.139470719708053e-05,Low Revenue / High Profit
OFF-PA-10000029,Xerox 224,Office Supplies,Paper,95.904,38.6208,17,6,0.10000000000000002,0.40270270270270275,4.17481995838516e-05,Low Revenue / Low Profit
OFF-PA-10000048,Xerox 20,Office Supplies,Paper,6.48,3.1104,1,1,0.0,0.4799999999999999,2.8208242962061896e-06,Low Revenue / Low Profit
OFF-PA-10000061,Xerox 205,Office Supplies,Paper,150.336,69.4656,24,4,0.05,0.4620689655172413,6.54431236719836e-05,Low Revenue / High Profit
OFF-PA-10000062,Green Bar Computer Printout Paper,Office Supplies,Paper,857.376,380.8728,17,5,0.04,0.4442307692307692,0.0003732263968802589,High Revenue / High Profit
OFF-PA-10000069,"TOPS 4 x 6 Fluorescent Color Memo Sheets, 500 Sheets per Pack",Office Supplies,Paper,102.49199999999999,37.1059,13,3,0.13333333333333333,0.36203703703703705,4.4616037618327894e-05,Low Revenue / Low Profit
OFF-PA-10000100,Xerox 1945,Office Supplies,Paper,1696.986,756.2655,45,8,0.05,0.44565217391304346,0.0007387190338150859,High Revenue / High Profit
OFF-PA-10000130,Xerox 199,Office Supplies,Paper,57.352,19.688000000000002,16,4,0.15000000000000002,0.3432835820895523,2.4966036270990336e-05,Low Revenue / Low Profit
OFF-PA-10000141,"Ampad Evidence Wirebond Steno Books, 6"" x 9""",Office Supplies,Paper,27.468,11.2924,14,4,0.1,0.41111111111111115,1.1957160766696236e-05,Low Revenue / Low Profit
OFF-PA-10000143,Astroparche Fine Business Paper,Office Supplies,Paper,144.672,65.0496,29,6,0.06666666666666667,0.44963503649635034,6.297751428715152e-05,Low Revenue / High Profit
OFF-PA-10000157,Xerox 191,Office Supplies,Paper,767.232,354.2454,39,10,0.02,0.46171875000000007,0.0003339855966708128,High Revenue / High Profit
OFF-PA-10000167,Xerox 1925,Office Supplies,Paper,489.48400000000004,182.782,18,6,0.10000000000000002,0.37341772151898733,0.00021307845058706645,High Revenue / High Profit
OFF-PA-10000174,"Message Book, Wirebound, Four 5 1/2"" X 4"" Forms/Pg., 200 Dupl. Sets/Book",Office Supplies,Paper,152.144,54.0728,18,6,0.16666666666666666,0.3554054054054054,6.623016847561644e-05,Low Revenue / High Profit
OFF-PA-10000176,Xerox 1887,Office Supplies,Paper,512.1899999999999,216.25799999999998,30,8,0.1,0.4222222222222222,0.0002229626537459642,High Revenue / High Profit
OFF-PA-10000210,Xerox Blank Computer Paper,Office Supplies,Paper,99.9,46.953,5,1,0.0,0.47000000000000003,4.3487707899845424e-05,Low Revenue / High Profit
OFF-PA-10000213,Xerox 198,Office Supplies,Paper,75.696,33.4656,16,3,0.06666666666666667,0.4421052631578948,3.2951406778645636e-05,Low Revenue / Low Profit
OFF-PA-10000223,Xerox 2000,Office Supplies,Paper,84.24000000000001,37.0656,14,5,0.08,0.44,3.667071585068047e-05,Low Revenue / Low Profit
OFF-PA-10000232,Xerox 1975,Office Supplies,Paper,69.98400000000001,30.3264,12,5,0.08,0.4333333333333333,3.046490239902685e-05,Low Revenue / Low Profit
OFF-PA-10000241,"IBM Multi-Purpose Copy Paper, 8 1/2 x 11"", Case",Office Supplies,Paper,458.504,185.88,16,6,0.10000000000000002,0.4054054054054054,0.00019959247270180907,High Revenue / High Profit
OFF-PA-10000246,Riverleaf Stik-Withit Designer Note Cubes,Office Supplies,Paper,136.816,55.33,15,5,0.08,0.40441176470588236,5.9557700140392906e-05,Low Revenue / High Profit
OFF-PA-10000249,Easy-staple paper,Office Supplies,Paper,196.48,85.8372,17,6,0.06666666666666667,0.436875,8.553017866027656e-05,Low Revenue / High Profit
OFF-PA-10000289,Xerox 213,Office Supplies,Paper,111.456,50.803200000000004,18,6,0.06666666666666667,0.4558139534883721,4.851817789474646e-05,Low Revenue / High Profit
OFF-PA-10000295,Xerox 229,Office Supplies,Paper,85.536,34.992000000000004,15,3,0.13333333333333333,0.4090909090909091,3.72348807099217e-05,Low Revenue / Low Profit
OFF-PA-10000300,Xerox 1936,Office Supplies,Paper,155.844,60.5394,9,3,0.13333333333333333,0.38846153846153847,6.784082432375886e-05,Low Revenue / High Profit
OFF-PA-10000304,Xerox 1995,Office Supplies,Paper,121.82400000000001,47.6928,22,6,0.10000000000000002,0.3914893617021276,5.3031496768676366e-05,Low Revenue / High Profit
OFF-PA-10000308,Xerox 1901,Office Supplies,Paper,16.896,5.28,4,1,0.2,0.3125,7.355038164922806e-06,Low Revenue / Low Profit
OFF-PA-10000312,Xerox 1955,Office Supplies,Paper,182.72,59.384,10,2,0.2,0.325,7.95402801547523e-05,Low Revenue / High Profit
OFF-PA-10000327,Xerox 1971,Office Supplies,Paper,113.84800000000001,47.936,28,6,0.10000000000000002,0.42105263157894735,4.955944513495097e-05,Low Revenue / High Profit
OFF-PA-10000349,Easy-staple paper,Office Supplies,Paper,118.524,52.539,25,9,0.044444444444444446,0.4432773109243698,5.159496587708988e-05,Low Revenue / High Profit
OFF-PA-10000350,"Message Book, Standard Line ""While You Were Out"", 5 1/2"" X 4"", 200 Sets/Book",Office Supplies,Paper,51.36,24.139200000000002,6,2,0.0,0.47000000000000003,2.2357644421782392e-05,Low Revenue / Low Profit
OFF-PA-10000357,"White Dual Perf Computer Printout Paper, 2700 Sheets, 1 Part, Heavyweight, 20 lbs., 14 7/8 x 11",Office Supplies,Paper,909.9780000000001,408.2604,24,6,0.10000000000000002,0.4486486486486486,0.00039612469929214755,High Revenue / High Profit
OFF-PA-10000357,Xerox 1888,Office Supplies,Paper,1231.656,539.2656,24,6,0.06666666666666667,0.4378378378378378,0.0005361551187296498,High Revenue / High Profit
OFF-PA-10000380,"REDIFORM Incoming/Outgoing Call Register, 11"" X 8 1/2"", 100 Messages",Office Supplies,Paper,281.892,127.602,37,8,0.07500000000000001,0.45266272189349116,0.0001227110806336659,Low Revenue / High Profit
OFF-PA-10000418,Xerox 189,Office Supplies,Paper,1782.4499999999998,746.532,19,6,0.06666666666666667,0.41882352941176476,0.0007759225720328274,High Revenue / High Profit
OFF-PA-10000466,"Memo Book, 100 Message Capacity, 5 3/8 x 11",Office Supplies,Paper,76.836,36.396,12,3,0.06666666666666667,0.4736842105263158,3.3447662904830055e-05,Low Revenue / Low Profit
OFF-PA-10000474,Easy-staple paper,Office Supplies,Paper,1105.7279999999998,467.0992,34,12,0.08333333333333333,0.4224358974358975,0.0004813370999067094,High Revenue / High Profit
OFF-PA-10000477,Xerox 1952,Office Supplies,Paper,97.60799999999999,44.82,20,4,0.05,0.4591836734693878,4.248997189877989e-05,Low Revenue / High Profit
OFF-PA-10000477,Xerox 22,Office Supplies,Paper,75.168,31.3632,13,3,0.06666666666666667,0.4172413793103448,3.27215618359918e-05,Low Revenue / Low Profit
OFF-PA-10000482,"Snap-A-Way Black Print Carbonless Ruled Speed Letter, Triplicate",Office Supplies,Paper,1016.7919999999999,453.7624,28,6,0.03333333333333333,0.44626865671641797,0.0004426221570660623,High Revenue / High Profit
OFF-PA-10000483,Xerox 19,Office Supplies,Paper,415.132,159.54700000000003,15,4,0.1,0.3843283582089553,0.00018071210366244874,High Revenue / High Profit
OFF-PA-10000501,Petty Cash Envelope,Office Supplies,Paper,231.856,94.36,10,3,0.13333333333333333,0.4069767441860465,0.00010092978981808368,Low Revenue / High Profit
OFF-PA-10000520,Xerox 201,Office Supplies,Paper,110.16,46.1376,19,5,0.08,0.4188235294117647,4.795401303550522e-05,Low Revenue / High Profit
OFF-PA-10000528,Xerox 1981,Office Supplies,Paper,70.752,30.096,14,4,0.05,0.4253731343283582,3.079922231561424e-05,Low Revenue / Low Profit
OFF-PA-10000533,Southworth Parchment Paper & Envelopes,Office Supplies,Paper,83.712,30.738,15,6,0.13333333333333333,0.3671875,3.644087090802663e-05,Low Revenue / Low Profit
OFF-PA-10000551,Array Memo Cubes,Office Supplies,Paper,54.908,25.848200000000002,11,3,0.06666666666666667,0.4707547169811321,2.3902132786433558e-05,Low Revenue / Low Profit
OFF-PA-10000552,Xerox 200,Office Supplies,Paper,84.24000000000001,33.696,15,5,0.12000000000000002,0.3999999999999999,3.667071585068047e-05,Low Revenue / Low Profit
OFF-PA-10000556,Xerox 208,Office Supplies,Paper,54.432,24.105600000000003,9,2,0.1,0.4428571428571429,2.3694924088131994e-05,Low Revenue / Low Profit
OFF-PA-10000565,Easy-staple paper,Office Supplies,Paper,279.9,137.151,5,2,0.0,0.4900000000000001,0.00012184393835001734,Low Revenue / High Profit
OFF-PA-10000575,"Wirebound Message Books, Four 2 3/4 x 5 White Forms per Page",Office Supplies,Paper,218.094,95.2656,34,7,0.028571428571428574,0.4368098159509203,9.493902068777665e-05,Low Revenue / High Profit
OFF-PA-10000587,"Array Parchment Paper, Assorted Colors",Office Supplies,Paper,106.288,49.504000000000005,15,4,0.05,0.46575342465753433,4.6268483456043744e-05,Low Revenue / High Profit
OFF-PA-10000595,Xerox 1929,Office Supplies,Paper,351.736,154.3984,16,4,0.05,0.438961038961039,0.0001531150392978982,High Revenue / High Profit
OFF-PA-10000605,Xerox 1950,Office Supplies,Paper,49.708,23.177799999999998,9,3,0.06666666666666667,0.4662790697674418,2.1638508351206367e-05,Low Revenue / Low Profit
OFF-PA-10000659,"Adams Phone Message Book, Professional, 400 Message Capacity, 5 3/6 x 11",Office Supplies,Paper,94.928,43.1364,14,3,0.06666666666666667,0.4544117647058824,4.132333468985511e-05,Low Revenue / Low Profit
OFF-PA-10000659,"TOPS Carbonless Receipt Book, Four 2-3/4 x 7-1/4 Money Receipts per Page",Office Supplies,Paper,406.464,178.704,25,4,0.1,0.43965517241379315,0.00017693881585388157,High Revenue / High Profit
OFF-PA-10000673,"Post-it Important Message Note Pad, Neon Colors, 50 Sheets/Pad",Office Supplies,Paper,62.608000000000004,28.537599999999998,9,2,0.1,0.455813953488372,2.725403820013536e-05,Low Revenue / Low Profit
OFF-PA-10000675,Xerox 1919,Office Supplies,Paper,1565.818,729.622,40,9,0.044444444444444446,0.46596858638743455,0.0006816199780612628,High Revenue / High Profit
OFF-PA-10000682,Xerox 1924,Office Supplies,Paper,60.112,24.7384,12,4,0.15000000000000002,0.4115384615384615,2.6167498471226307e-05,Low Revenue / Low Profit
OFF-PA-10000697,"TOPS Voice Message Log Book, Flash Format",Office Supplies,Paper,49.504,20.372799999999998,12,3,0.13333333333333333,0.4115384615384615,2.1549704623362838e-05,Low Revenue / Low Profit
OFF-PA-10000726,"Black Print Carbonless Snap-Off Rapid Letter, 8 1/2"" x 7""",Office Supplies,Paper,160.336,65.1365,19,4,0.05,0.40624999999999994,6.979624758588205e-05,Low Revenue / High Profit
OFF-PA-10000740,Xerox 1982,Office Supplies,Paper,237.536,89.5328,12,3,0.06666666666666667,0.3769230769230769,0.000103402364201178,Low Revenue / High Profit
OFF-PA-10000743,Xerox 1977,Office Supplies,Paper,130.928,61.455999999999996,20,6,0.03333333333333333,0.4693877551020408,5.69945807798895e-05,Low Revenue / High Profit
OFF-PA-10000788,Xerox 210,Office Supplies,Paper,95.904,35.2512,18,6,0.16666666666666666,0.36756756756756753,4.17481995838516e-05,Low Revenue / Low Profit
OFF-PA-10000791,"Wirebound Message Books, Four 2 3/4 x 5 Forms per Page, 200 Sets per Book",Office Supplies,Paper,115.434,47.223,26,6,0.06666666666666667,0.4090909090909091,5.0249850587695255e-05,Low Revenue / High Profit
OFF-PA-10000806,Xerox 1934,Office Supplies,Paper,1097.2079999999999,526.212,20,5,0.04,0.4795918367346939,0.00047762823833206796,High Revenue / High Profit
OFF-PA-10000807,"TOPS ""Important Message"" Pads, Canary, 4-1/4 x 5-1/2, 50 Sheets per Pad",Office Supplies,Paper,70.19200000000001,31.629199999999997,17,3,0.06666666666666667,0.4506097560975609,3.055544737643594e-05,Low Revenue / Low Profit
OFF-PA-10000809,Xerox 206,Office Supplies,Paper,60.912000000000006,23.846400000000003,11,5,0.16,0.39148936170212767,2.6515748384338183e-05,Low Revenue / Low Profit
OFF-PA-10000859,Unpadded Memo Slips,Office Supplies,Paper,18.308,8.358,5,2,0.1,0.4565217391304348,7.969699261565265e-06,Low Revenue / Low Profit
OFF-PA-10000919,Xerox 1918,Office Supplies,Paper,155.04,75.9696,4,1,0.0,0.49000000000000005,6.749083316108142e-05,Low Revenue / High Profit
OFF-PA-10000955,Southworth 25% Cotton Granite Paper & Envelopes,Office Supplies,Paper,37.932,13.2108,7,3,0.13333333333333333,0.3482758620689655,1.6512269630199566e-05,Low Revenue / Low Profit
OFF-PA-10000994,Xerox 1915,Office Supplies,Paper,2789.0099999999998,1262.394,28,9,0.044444444444444446,0.45263157894736844,0.001214090612710189,High Revenue / High Profit
OFF-PA-10001001,"Snap-A-Way Black Print Carbonless Speed Message, No Reply Area, Duplicate",Office Supplies,Paper,93.248,31.4712,4,1,0.2,0.33749999999999997,4.059200987232018e-05,Low Revenue / Low Profit
OFF-PA-10001019,Xerox 1884,Office Supplies,Paper,543.456,204.5952,32,8,0.1,0.3764705882352941,0.0002365731309751591,High Revenue / High Profit
OFF-PA-10001033,Xerox 1893,Office Supplies,Paper,1434.65,619.3589,39,11,0.09090909090909091,0.43171428571428566,0.0006245209223074398,High Revenue / High Profit
OFF-PA-10001125,Xerox 1988,Office Supplies,Paper,1102.888,404.289,41,9,0.1111111111111111,0.3665730337078652,0.00048010081271516227,High Revenue / High Profit
OFF-PA-10001144,Xerox 1913,Office Supplies,Paper,865.4879999999999,375.0448,17,5,0.04,0.43333333333333335,0.00037675765099921333,High Revenue / High Profit
OFF-PA-10001166,Xerox 1932,Office Supplies,Paper,85.056,28.7064,3,1,0.2,0.33749999999999997,3.702593076205457e-05,Low Revenue / Low Profit
OFF-PA-10001166,Xerox 2,Office Supplies,Paper,137.376,53.135999999999996,25,9,0.15555555555555556,0.38679245283018865,5.980147507957122e-05,Low Revenue / High Profit
OFF-PA-10001184,Xerox 1903,Office Supplies,Paper,138.736,65.54079999999999,24,6,0.03333333333333333,0.4724137931034482,6.03934999318614e-05,Low Revenue / High Profit
OFF-PA-10001204,Xerox 1972,Office Supplies,Paper,46.464,17.424,10,5,0.12000000000000002,0.375,2.0226354953537712e-05,Low Revenue / Low Profit
OFF-PA-10001215,Xerox 1963,Office Supplies,Paper,77.088,27.72,17,3,0.13333333333333333,0.3595890410958904,3.3557361627460294e-05,Low Revenue / Low Profit
OFF-PA-10001243,Xerox 1983,Office Supplies,Paper,29.900000000000002,14.651,5,2,0.0,0.48999999999999994,1.3015840502556338e-05,Low Revenue / Low Profit
OFF-PA-10001246,Xerox 215,Office Supplies,Paper,45.36,21.7728,7,2,0.0,0.48,1.9745770073443324e-05,Low Revenue / Low Profit
OFF-PA-10001260,"TOPS Money Receipt Book, Consecutively Numbered in Red,",Office Supplies,Paper,88.11,39.6495,11,2,0.0,0.45000000000000007,3.835537480535916e-05,Low Revenue / Low Profit
OFF-PA-10001274,Loose Memo Sheets,Office Supplies,Paper,18.25,8.5775,5,2,0.0,0.47000000000000003,7.944451142864654e-06,Low Revenue / Low Profit
OFF-PA-10001281,Computer Printout Paper with Letter-Trim Fine Perforations,Office Supplies,Paper,191.6,91.968,4,1,0.0,0.48000000000000004,8.340585419029412e-05,Low Revenue / High Profit
OFF-PA-10001289,White Computer Printout Paper by Universal,Office Supplies,Paper,1279.08,547.6788,37,8,0.1,0.4281818181818182,0.0005567993735789217,High Revenue / High Profit
OFF-PA-10001293,Xerox 1946,Office Supplies,Paper,79.056,35.2512,13,3,0.06666666666666667,0.4459016393442623,3.441405641371551e-05,Low Revenue / Low Profit
OFF-PA-10001295,Computer Printout Paper with Letter-Trim Perforations,Office Supplies,Paper,405.95799999999997,169.2124,24,7,0.08571428571428573,0.4168224299065421,0.0001767185477838383,High Revenue / High Profit
OFF-PA-10001307,"Important Message Pads, 50 4-1/4 x 5-1/2 Forms per Pad",Office Supplies,Paper,54.599999999999994,22.47,15,4,0.1,0.4115384615384616,2.376805656988548e-05,Low Revenue / Low Profit
OFF-PA-10001357,Xerox 1886,Office Supplies,Paper,651.4399999999999,302.728,14,5,0.04,0.46470588235294125,0.000283579904247,High Revenue / High Profit
OFF-PA-10001363,Xerox 1933,Office Supplies,Paper,294.72,138.5184,24,5,0.0,0.47000000000000003,0.00012829526799041486,High Revenue / High Profit
OFF-PA-10001450,Rediform S.O.S. Phone Message Books,Office Supplies,Paper,19.92,9.7608,4,1,0.0,0.48999999999999994,8.671422836485695e-06,Low Revenue / Low Profit
OFF-PA-10001457,White GlueTop Scratch Pads,Office Supplies,Paper,186.49599999999998,72.7936,14,2,0.1,0.39032258064516134,8.118401974464034e-05,Low Revenue / High Profit
OFF-PA-10001461,HP Office Paper (20Lb. and 87 Bright),Office Supplies,Paper,86.84,38.2096,14,2,0.1,0.44,3.780252806829406e-05,Low Revenue / Low Profit
OFF-PA-10001471,Strathmore Photo Frame Cards,Office Supplies,Paper,116.96000000000001,53.8016,16,4,0.0,0.45999999999999996,5.091413729695617e-05,Low Revenue / High Profit
OFF-PA-10001497,Xerox 1914,Office Supplies,Paper,956.3040000000001,423.74159999999995,19,5,0.08,0.44310344827586196,0.00041629098113567345,High Revenue / High Profit
OFF-PA-10001509,"Recycled Desk Saver Line ""While You Were Out"" Book, 5 1/2"" X 4""",Office Supplies,Paper,268.5,123.51,30,5,0.0,0.46,0.00011688137708817313,Low Revenue / High Profit
OFF-PA-10001526,Xerox 1949,Office Supplies,Paper,114.54,43.4256,28,8,0.15000000000000002,0.3791304347826087,4.986068130979274e-05,Low Revenue / Low Profit
OFF-PA-10001534,Xerox 230,Office Supplies,Paper,127.008,56.2464,21,5,0.08,0.4428571428571429,5.5288156205641314e-05,Low Revenue / High Profit
OFF-PA-10001560,"Adams Telephone Message Books, 5 1/4 x 11",Office Supplies,Paper,80.936,32.918,15,5,0.16,0.4067164179104477,3.523244370952842e-05,Low Revenue / Low Profit
OFF-PA-10001569,Xerox 232,Office Supplies,Paper,120.52799999999999,56.5056,19,4,0.05,0.4688172043010753,5.246733190943512e-05,Low Revenue / High Profit
OFF-PA-10001583,"1/4 Fold Party Design Invitations & White Envelopes, 24 8-1/2"" X 11"" Cards, 25 Env./Pack",Office Supplies,Paper,49.980000000000004,22.7115,7,2,0.1,0.45441176470588235,2.1756913321664408e-05,Low Revenue / Low Profit
OFF-PA-10001593,Xerox 1947,Office Supplies,Paper,136.344,54.119,25,5,0.08,0.3969298245614035,5.9352232691656894e-05,Low Revenue / High Profit
OFF-PA-10001609,Tops Wirebound Message Log Books,Office Supplies,Paper,73.696,29.281,25,6,0.06666666666666667,0.39732142857142855,3.208078199586595e-05,Low Revenue / Low Profit
OFF-PA-10001622,"Ampad Poly Cover Wirebound Steno Book, 6"" x 9"" Assorted Colors, Gregg Ruled",Office Supplies,Paper,38.135999999999996,15.663,9,4,0.05,0.41071428571428575,1.6601073358043092e-05,Low Revenue / Low Profit
OFF-PA-10001639,Xerox 203,Office Supplies,Paper,143.856,62.985600000000005,24,6,0.06666666666666667,0.4378378378378379,6.262229937577741e-05,Low Revenue / High Profit
OFF-PA-10001661,Xerox 1922,Office Supplies,Paper,11.952,4.3326,3,1,0.2,0.36250000000000004,5.202853701891416e-06,Low Revenue / Low Profit
OFF-PA-10001667,Great White Multi-Use Recycled Paper (20Lb. and 84 Bright),Office Supplies,Paper,169.832,64.584,32,8,0.07500000000000001,0.3802816901408451,7.392997405451999e-05,Low Revenue / High Profit
OFF-PA-10001685,Easy-staple paper,Office Supplies,Paper,257.556,107.58539999999999,29,5,0.12000000000000002,0.41771653543307086,0.00011211731827680267,Low Revenue / High Profit
OFF-PA-10001712,Xerox 1948,Office Supplies,Paper,149.85000000000002,67.4325,15,3,0.0,0.44999999999999996,6.523156184976814e-05,Low Revenue / High Profit
OFF-PA-10001725,Xerox 1892,Office Supplies,Paper,178.296,79.458,5,2,0.1,0.4456521739130435,7.761445813524363e-05,Low Revenue / High Profit
OFF-PA-10001736,Xerox 1880,Office Supplies,Paper,623.744,285.64639999999997,18,5,0.04,0.4579545454545454,0.0002715234922550669,High Revenue / High Profit
OFF-PA-10001745,"Wirebound Message Books, 2 7/8"" x 5"", 3 Forms per Page",Office Supplies,Paper,108.416,44.985600000000005,17,3,0.06666666666666667,0.414935064935065,4.719482822492133e-05,Low Revenue / High Profit
OFF-PA-10001752,Hammermill CopyPlus Copy Paper (20Lb. and 84 Bright),Office Supplies,Paper,32.868,15.0894,7,3,0.06666666666666667,0.45909090909090905,1.4307847680201395e-05,Low Revenue / Low Profit
OFF-PA-10001763,Xerox 1896,Office Supplies,Paper,49.95,22.4775,5,2,0.0,0.44999999999999996,2.1743853949922712e-05,Low Revenue / Low Profit
OFF-PA-10001776,"Wirebound Message Books, Four 2 3/4"" x 5"" Forms per Page, 600 Sets per Book",Office Supplies,Paper,246.582,109.01520000000001,28,9,0.044444444444444446,0.4421052631578948,0.00010734020009369053,Low Revenue / High Profit
OFF-PA-10001790,Xerox 1910,Office Supplies,Paper,586.088,236.3568,14,5,0.12000000000000002,0.4032786885245902,0.0002551313688448909,High Revenue / High Profit
OFF-PA-10001800,Xerox 220,Office Supplies,Paper,145.15200000000002,60.912,25,8,0.1,0.4196428571428571,6.318646423501865e-05,Low Revenue / High Profit
OFF-PA-10001801,Xerox 193,Office Supplies,Paper,77.74000000000001,38.0926,13,3,0.0,0.48999999999999994,3.384118530664648e-05,Low Revenue / Low Profit
OFF-PA-10001804,Xerox 195,Office Supplies,Paper,164.328,70.54079999999999,27,8,0.125,0.42926829268292677,7.15340146523103e-05,Low Revenue / High Profit
OFF-PA-10001815,Xerox 1885,Office Supplies,Paper,960.8,461.184,20,5,0.0,0.48000000000000004,0.00041824814564736214,High Revenue / High Profit
OFF-PA-10001826,Xerox 207,Office Supplies,Paper,40.176,16.5888,7,2,0.1,0.41290322580645156,1.7489110636478377e-05,Low Revenue / Low Profit
OFF-PA-10001837,Xerox 1976,Office Supplies,Paper,36.288,12.700800000000001,7,2,0.2,0.35000000000000003,1.5796616058754658e-05,Low Revenue / Low Profit
OFF-PA-10001838,"Adams Telephone Message Book W/Dividers/Space For Phone Numbers, 5 1/4""X8 1/2"", 300/Messages",Office Supplies,Paper,132.888,60.9168,24,10,0.04,0.4584070796460177,5.78477930670136e-05,Low Revenue / High Profit
OFF-PA-10001846,Xerox 1899,Office Supplies,Paper,69.36,28.090799999999998,14,5,0.12000000000000002,0.40499999999999997,3.0193267466799584e-05,Low Revenue / Low Profit
OFF-PA-10001870,Xerox 202,Office Supplies,Paper,171.072,76.7232,28,8,0.05,0.4484848484848485,7.44697614198434e-05,Low Revenue / High Profit
OFF-PA-10001878,Xerox 1891,Office Supplies,Paper,1320.57,542.901,30,7,0.05714285714285715,0.4111111111111111,0.0005748604846976863,High Revenue / High Profit
OFF-PA-10001892,"Rediform Wirebound ""Phone Memo"" Message Book, 11 x 5-3/4",Office Supplies,Paper,110.01599999999999,43.7772,17,5,0.12000000000000002,0.3979166666666667,4.789132805114508e-05,Low Revenue / Low Profit
OFF-PA-10001934,Xerox 1993,Office Supplies,Paper,147.744,68.4288,24,8,0.07500000000000001,0.4631578947368421,6.431479395350112e-05,Low Revenue / High Profit
OFF-PA-10001937,Xerox 21,Office Supplies,Paper,124.416,43.5456,24,7,0.2,0.35000000000000003,5.415982648715884e-05,Low Revenue / Low Profit
OFF-PA-10001947,Xerox 1974,Office Supplies,Paper,57.408,26.91,10,4,0.05,0.46875,2.499041376490817e-05,Low Revenue / Low Profit
OFF-PA-10001950,Southworth 25% Cotton Antique Laid Paper & Envelopes,Office Supplies,Paper,200.16,80.898,26,5,0.12000000000000002,0.4041666666666667,8.713212826059119e-05,Low Revenue / High Profit
OFF-PA-10001952,Xerox 1902,Office Supplies,Paper,82.22399999999999,32.8896,4,2,0.1,0.4000000000000001,3.5793126069638535e-05,Low Revenue / Low Profit
OFF-PA-10001954,Xerox 1964,Office Supplies,Paper,721.7439999999999,314.73519999999996,33,4,0.04,0.4360759493670886,0.0003141841066112716,High Revenue / High Profit
OFF-PA-10001970,Xerox 1881,Office Supplies,Paper,454.36,207.04080000000002,38,11,0.03333333333333333,0.4556756756756757,0.00019778853815188954,High Revenue / High Profit
OFF-PA-10001970,Xerox 1908,Office Supplies,Paper,1712.988,799.3944,32,7,0.028571428571428574,0.4666666666666667,0.0007456849027021062,High Revenue / High Profit
OFF-PA-10001972,Xerox 214,Office Supplies,Paper,215.136,90.46079999999999,37,9,0.06666666666666668,0.42048192771084336,9.365136663404549e-05,Low Revenue / High Profit
OFF-PA-10001977,Xerox 194,Office Supplies,Paper,443.84000000000003,184.1936,9,4,0.1,0.415,0.0001932090517944684,High Revenue / High Profit
OFF-PA-10001994,"Ink Jet Note and Greeting Cards, 8-1/2"" x 5-1/2"" Card Size",Office Supplies,Paper,121.392,48.5568,6,3,0.06666666666666667,0.4,5.2843441815595945e-05,Low Revenue / High Profit
OFF-PA-10002001,Xerox 1984,Office Supplies,Paper,12.96,6.3504,2,1,0.0,0.48999999999999994,5.641648592412379e-06,Low Revenue / Low Profit
OFF-PA-10002005,Xerox 225,Office Supplies,Paper,196.99200000000002,85.7952,33,9,0.06666666666666668,0.4355263157894736,8.575305860466817e-05,Low Revenue / High Profit
OFF-PA-10002036,Xerox 1930,Office Supplies,Paper,138.672,59.3568,24,5,0.12000000000000002,0.4280373831775701,6.0365639938812454e-05,Low Revenue / High Profit
OFF-PA-10002105,Xerox 223,Office Supplies,Paper,58.32,27.9936,9,3,0.0,0.48,2.5387418665855706e-05,Low Revenue / Low Profit
OFF-PA-10002109,Wirebound Voice Message Log Book,Office Supplies,Paper,15.232,4.9504,4,2,0.2,0.325,6.630678345650104e-06,Low Revenue / Low Profit
OFF-PA-10002120,Xerox 1889,Office Supplies,Paper,516.624,236.32799999999997,10,3,0.06666666666666667,0.45744680851063824,0.00022489282888938682,High Revenue / High Profit
OFF-PA-10002137,"Southworth 100% Résumé Paper, 24lb.",Office Supplies,Paper,262.964,113.199,35,7,0.05714285714285715,0.43047337278106507,0.00011447148768943894,Low Revenue / High Profit
OFF-PA-10002160,Xerox 1978,Office Supplies,Paper,174.556,74.33080000000001,34,8,0.1,0.42582781456953644,7.598638979144562e-05,Low Revenue / High Profit
OFF-PA-10002195,"RSVP Cards & Envelopes, Blank White, 8-1/2"" X 11"", 24 Cards/25 Envelopes/Set",Office Supplies,Paper,89.408,38.2524,19,6,0.10000000000000002,0.4278409090909091,3.892041028938318e-05,Low Revenue / Low Profit
OFF-PA-10002195,Xerox 1966,Office Supplies,Paper,79.056,32.7888,14,6,0.10000000000000002,0.4147540983606558,3.441405641371551e-05,Low Revenue / Low Profit
OFF-PA-10002222,"Xerox Color Copier Paper, 11"" x 17"", Ream",Office Supplies,Paper,593.84,260.83279999999996,27,6,0.03333333333333333,0.43923076923076915,0.00025850591050294503,High Revenue / High Profit
OFF-PA-10002230,Xerox 1897,Office Supplies,Paper,67.72800000000001,27.0912,16,4,0.15000000000000002,0.39999999999999997,2.948283764405136e-05,Low Revenue / Low Profit
OFF-PA-10002245,Xerox 1895,Office Supplies,Paper,191.36,82.82300000000001,33,7,0.05714285714285715,0.4328125,8.330137921636056e-05,Low Revenue / High Profit
OFF-PA-10002246,"Wirebound Four 2-3/4 x 5 Forms per Page, 400 Sets per Book",Office Supplies,Paper,119.97,47.601,22,6,0.13333333333333333,0.3967741935483871,5.222442759503959e-05,Low Revenue / High Profit
OFF-PA-10002250,Things To Do Today Pad,Office Supplies,Paper,138.532,59.1696,26,7,0.1142857142857143,0.4271186440677966,6.030469620401788e-05,Low Revenue / High Profit
OFF-PA-10002254,Xerox 1883,Office Supplies,Paper,881.092,354.0196,37,7,0.05714285714285715,0.40179640718562876,0.00038355026555446045,High Revenue / High Profit
OFF-PA-10002259,"Geographics Note Cards, Blank, White, 8 1/2"" x 11""",Office Supplies,Paper,76.092,29.5416,8,3,0.13333333333333333,0.38823529411764707,3.3123790485636016e-05,Low Revenue / Low Profit
OFF-PA-10002262,Xerox 192,Office Supplies,Paper,142.56,68.4288,22,6,0.0,0.48,6.205813451653617e-05,Low Revenue / High Profit
OFF-PA-10002319,Xerox 1944,Office Supplies,Paper,573.648,257.3664,16,6,0.10000000000000002,0.4486486486486486,0.0002497160826960013,High Revenue / High Profit
OFF-PA-10002333,"Universal Ultra Bright White Copier/Laser Paper, 8 1/2"" x 11"", Ream",Office Supplies,Paper,15.552,5.6376,3,1,0.2,0.3625,6.769978310894855e-06,Low Revenue / Low Profit
OFF-PA-10002365,Xerox 1967,Office Supplies,Paper,89.424,38.879999999999995,15,5,0.08,0.4347826086956521,3.892737528764542e-05,Low Revenue / Low Profit
OFF-PA-10002377,"Adams Telephone Message Book W/Dividers/Space For Phone Numbers, 5 1/4""X8 1/2"", 200/Messages",Office Supplies,Paper,172.672,72.70400000000001,32,7,0.028571428571428574,0.4210526315789474,7.516626124606716e-05,Low Revenue / High Profit
OFF-PA-10002377,Xerox 1916,Office Supplies,Paper,831.98,342.58,20,7,0.14285714285714285,0.4117647058823529,0.00036217120338852244,High Revenue / High Profit
OFF-PA-10002421,Embossed Ink Jet Note Cards,Office Supplies,Paper,284.382,108.336,15,4,0.15000000000000002,0.38095238095238093,0.00012379500848822664,Low Revenue / High Profit
OFF-PA-10002464,HP Office Recycled Paper (20Lb. and 87 Bright),Office Supplies,Paper,106.352,50.343799999999995,19,4,0.05,0.4733695652173912,4.62963434490927e-05,Low Revenue / High Profit
OFF-PA-10002479,Xerox 4200 Series MultiUse Premium Copy Paper (20Lb. and 84 Bright),Office Supplies,Paper,139.392,52.272,30,8,0.07500000000000001,0.375,6.067906486061314e-05,Low Revenue / High Profit
OFF-PA-10002499,Xerox 1890,Office Supplies,Paper,244.7,122.35,5,2,0.0,0.5,0.00010652094217309484,Low Revenue / High Profit
OFF-PA-10002552,Xerox 1958,Office Supplies,Paper,32.400000000000006,15.552,5,2,0.0,0.4799999999999999,1.410412148103095e-05,Low Revenue / Low Profit
OFF-PA-10002558,Xerox 1938,Office Supplies,Paper,268.24,93.884,7,1,0.2,0.35,0.00011676819586641177,Low Revenue / High Profit
OFF-PA-10002581,Xerox 1951,Office Supplies,Paper,755.912,244.74200000000002,30,6,0.16666666666666666,0.3237704918032787,0.00032905786040027984,High Revenue / High Profit
OFF-PA-10002586,Xerox 1970,Office Supplies,Paper,101.592,43.5252,22,6,0.06666666666666667,0.4284313725490196,4.4224256466077036e-05,Low Revenue / Low Profit
OFF-PA-10002606,Xerox 1928,Office Supplies,Paper,124.608,49.104,26,4,0.1,0.3940677966101695,5.424340646630569e-05,Low Revenue / High Profit
OFF-PA-10002615,"Ampad Gold Fibre Wirebound Steno Books, 6"" x 9"", Gregg Ruled",Office Supplies,Paper,106.72200000000001,47.187,25,8,0.05,0.4421487603305784,4.6457409033906944e-05,Low Revenue / High Profit
OFF-PA-10002659,Avoid Verbal Orders Carbonless Minifold Book,Office Supplies,Paper,68.276,29.9468,21,5,0.04,0.4386138613861386,2.972138883453299e-05,Low Revenue / Low Profit
OFF-PA-10002666,Southworth 25% Cotton Linen-Finish Paper & Envelopes,Office Supplies,Paper,166.704,67.044,20,4,0.1,0.4021739130434782,7.256831689425257e-05,Low Revenue / High Profit
OFF-PA-10002689,Weyerhaeuser First Choice Laser/Copy Paper (20Lb. and 88 Bright),Office Supplies,Paper,155.51999999999998,71.28,25,5,0.04,0.45833333333333337,6.769978310894854e-05,Low Revenue / High Profit
OFF-PA-10002709,Xerox 1956,Office Supplies,Paper,89.7,40.9032,16,2,0.1,0.45599999999999996,3.904752150766901e-05,Low Revenue / Low Profit
OFF-PA-10002713,"Adams Phone Message Book, 200 Message Capacity, 8 1/16 x 11",Office Supplies,Paper,227.04,104.4384,33,8,0.0,0.46,9.883332534115019e-05,Low Revenue / High Profit
OFF-PA-10002741,Xerox 1980,Office Supplies,Paper,34.24,15.408,8,2,0.0,0.44999999999999996,1.4905096281188262e-05,Low Revenue / Low Profit
OFF-PA-10002749,"Wirebound Message Books, 5-1/2 x 4 Forms, 2 or 4 Forms per Page",Office Supplies,Paper,72.25200000000001,31.3092,12,3,0.13333333333333333,0.4333333333333333,3.1452190902699014e-05,Low Revenue / Low Profit
OFF-PA-10002751,Xerox 1920,Office Supplies,Paper,89.7,40.365,15,4,0.0,0.45,3.904752150766901e-05,Low Revenue / Low Profit
OFF-PA-10002764,Easy-staple paper,Office Supplies,Paper,170.10000000000002,83.349,15,3,0.0,0.48999999999999994,7.404663777541248e-05,Low Revenue / High Profit
OFF-PA-10002787,Xerox 227,Office Supplies,Paper,120.528,46.3968,22,8,0.125,0.38494623655913973,5.246733190943513e-05,Low Revenue / High Profit
OFF-PA-10002870,"Ampad Phone Message Book, Recycled, 400 Message Capacity, 5 ¾ x 11",Office Supplies,Paper,124.8,56.16,20,5,0.0,0.44999999999999996,5.432698644545254e-05,Low Revenue / High Profit
OFF-PA-10002893,"Wirebound Service Call Books, 5 1/2"" x 4""",Office Supplies,Paper,125.84,60.4032,13,5,0.0,0.48,5.4779711332497976e-05,Low Revenue / High Profit
OFF-PA-10002923,Xerox 1942,Office Supplies,Paper,597.068,278.95799999999997,13,6,0.06666666666666667,0.4672131147540983,0.0002599110989023514,High Revenue / High Profit
OFF-PA-10002947,Xerox 1923,Office Supplies,Paper,94.856,39.2784,16,5,0.08,0.4140845070422535,4.129199219767504e-05,Low Revenue / Low Profit
OFF-PA-10002960,Xerox 1926,Office Supplies,Paper,34.86,16.3842,7,1,0.0,0.47000000000000003,1.5174989963849964e-05,Low Revenue / Low Profit
OFF-PA-10002968,Xerox 1973,Office Supplies,Paper,169.01600000000002,70.3472,8,2,0.1,0.4162162162162162,7.357475914314588e-05,Low Revenue / High Profit
OFF-PA-10002986,Xerox 1898,Office Supplies,Paper,280.56,120.7744,46,11,0.07272727272727274,0.43047619047619046,0.00012213124452833466,Low Revenue / High Profit
OFF-PA-10003001,Xerox 1986,Office Supplies,Paper,85.50399999999999,40.3472,13,4,0.05,0.47187500000000004,3.722095071339722e-05,Low Revenue / Low Profit
OFF-PA-10003016,"Adams ""While You Were Out"" Message Pads",Office Supplies,Paper,72.848,31.400000000000002,24,5,0.04,0.4310344827586207,3.171163708796736e-05,Low Revenue / Low Profit
OFF-PA-10003022,Standard Line While You Were Out Hardbound Telephone Message Book,Office Supplies,Paper,211.00799999999998,80.4468,11,2,0.1,0.38125000000000003,9.18543970823882e-05,Low Revenue / High Profit
OFF-PA-10003022,Xerox 1992,Office Supplies,Paper,86.11200000000001,40.365,15,4,0.05,0.46875,3.748562064736226e-05,Low Revenue / Low Profit
OFF-PA-10003036,"Black Print Carbonless 8 1/2"" x 8 1/4"" Rapid Memo Book",Office Supplies,Paper,64.06400000000001,20.8208,11,4,0.2,0.32499999999999996,2.7887853041998973e-05,Low Revenue / Low Profit
OFF-PA-10003039,Xerox 1960,Office Supplies,Paper,879.832,334.584,32,6,0.10000000000000002,0.38028169014084506,0.00038300177194130927,High Revenue / High Profit
OFF-PA-10003063,EcoTones Memo Sheets,Office Supplies,Paper,52.8,21.6,15,3,0.06666666666666667,0.4090909090909091,2.2984494265383764e-05,Low Revenue / Low Profit
OFF-PA-10003072,"Eureka Recycled Copy Paper 8 1/2"" x 11"", Ream",Office Supplies,Paper,110.16,46.137600000000006,19,6,0.13333333333333333,0.41882352941176476,4.795401303550522e-05,Low Revenue / High Profit
OFF-PA-10003127,Easy-staple paper,Office Supplies,Paper,327.11199999999997,141.9244,13,6,0.03333333333333333,0.4338709677419355,0.00014239590697231466,High Revenue / High Profit
OFF-PA-10003129,Tops White Computer Printout Paper,Office Supplies,Paper,684.74,321.8278,14,4,0.0,0.47000000000000003,0.0002980758068802818,High Revenue / High Profit
OFF-PA-10003134,Xerox 1937,Office Supplies,Paper,499.616,199.84640000000002,12,4,0.15000000000000002,0.4,0.00021748903573662833,High Revenue / High Profit
OFF-PA-10003172,Xerox 1996,Office Supplies,Paper,176.256,81.9072,28,8,0.025,0.4647058823529412,7.672642085680836e-05,Low Revenue / High Profit
OFF-PA-10003177,Xerox 1999,Office Supplies,Paper,98.49600000000001,41.2128,17,7,0.08571428571428573,0.4184210526315789,4.287652930233409e-05,Low Revenue / Low Profit
OFF-PA-10003205,"Wirebound Message Forms, Four 2 3/4 x 5 Forms per Page, Pink Paper",Office Supplies,Paper,35.948,14.2975,5,2,0.1,0.3977272727272727,1.5648609845682115e-05,Low Revenue / Low Profit
OFF-PA-10003228,Xerox 1917,Office Supplies,Paper,1222.75,574.6925,25,5,0.0,0.47,0.0005322782265719319,High Revenue / High Profit
OFF-PA-10003256,Avery Personal Creations Heavyweight Cards,Office Supplies,Paper,103.86,37.8512,11,3,0.13333333333333333,0.36444444444444446,4.52115449697492e-05,Low Revenue / Low Profit
OFF-PA-10003270,Xerox 1954,Office Supplies,Paper,84.48,32.208,18,4,0.1,0.38125,3.677519082461403e-05,Low Revenue / Low Profit
OFF-PA-10003302,Xerox 1906,Office Supplies,Paper,1098.6399999999999,497.5776,32,7,0.05714285714285715,0.4529032258064517,0.00047825160567653823,High Revenue / High Profit
OFF-PA-10003309,Xerox 211,Office Supplies,Paper,104.976,40.9536,19,4,0.1,0.3901234567901235,4.5697353598540266e-05,Low Revenue / Low Profit
OFF-PA-10003349,Xerox 1957,Office Supplies,Paper,95.904,39.7224,17,6,0.10000000000000002,0.41418918918918923,4.17481995838516e-05,Low Revenue / Low Profit
OFF-PA-10003363,Xerox 204,Office Supplies,Paper,110.16,52.8768,17,4,0.0,0.48000000000000004,4.795401303550522e-05,Low Revenue / High Profit
OFF-PA-10003395,Xerox 1941,Office Supplies,Paper,1740.51,704.592,19,5,0.16,0.40481927710843374,0.0007576655703379375,High Revenue / High Profit
OFF-PA-10003424,"""While you Were Out"" Message Book, One Form per Page",Office Supplies,Paper,25.228,10.388,8,3,0.13333333333333333,0.4117647058823529,1.0982061009982986e-05,Low Revenue / Low Profit
OFF-PA-10003441,Xerox 226,Office Supplies,Paper,334.368,155.7792,53,11,0.03636363636363637,0.4658914728682171,0.00014555453368423938,High Revenue / High Profit
OFF-PA-10003465,Xerox 1912,Office Supplies,Paper,201.082,92.5736,11,4,0.05,0.46037735849056605,8.753348628545262e-05,Low Revenue / High Profit
OFF-PA-10003543,Xerox 1985,Office Supplies,Paper,25.92,9.072,5,2,0.2,0.3499999999999999,1.1283297184824759e-05,Low Revenue / Low Profit
OFF-PA-10003591,Southworth 100% Cotton The Best Paper,Office Supplies,Paper,151.536,65.43599999999999,15,3,0.06666666666666667,0.43181818181818177,6.596549854165141e-05,Low Revenue / High Profit
OFF-PA-10003625,Xerox 1979,Office Supplies,Paper,328.38800000000003,140.959,11,3,0.06666666666666667,0.4292452830188679,0.00014295136558372813,High Revenue / High Profit
OFF-PA-10003641,Xerox 1909,Office Supplies,Paper,970.784,400.976,40,9,0.08888888888888889,0.41304347826086957,0.00042259430456299834,High Revenue / High Profit
OFF-PA-10003651,Xerox 1968,Office Supplies,Paper,165.664,75.35040000000001,26,5,0.08,0.45483870967741946,7.211559200720711e-05,Low Revenue / High Profit
OFF-PA-10003656,Xerox 1935,Office Supplies,Paper,538.152,239.0028,21,4,0.05,0.4441176470588235,0.00023426423405122738,High Revenue / High Profit
OFF-PA-10003657,Xerox 1927,Office Supplies,Paper,65.056,22.683999999999997,18,5,0.12000000000000002,0.34868421052631576,2.8319682934257693e-05,Low Revenue / Low Profit
OFF-PA-10003673,Strathmore Photo Mount Cards,Office Supplies,Paper,245.436,106.3104,38,9,0.06666666666666668,0.4331491712707182,0.00010684133209315777,Low Revenue / High Profit
OFF-PA-10003724,"Wirebound Message Book, 4 per Page",Office Supplies,Paper,184.62,87.69449999999999,35,7,0.028571428571428574,0.4749999999999999,8.036737369839302e-05,Low Revenue / High Profit
OFF-PA-10003729,Xerox 1998,Office Supplies,Paper,46.656,16.3296,9,2,0.2,0.35,2.0309934932684563e-05,Low Revenue / Low Profit
OFF-PA-10003739,Xerox 1969,Office Supplies,Paper,11.56,5.6644,2,1,0.0,0.48999999999999994,5.032211244466598e-06,Low Revenue / Low Profit
OFF-PA-10003790,Xerox 1991,Office Supplies,Paper,575.568,254.8944,26,6,0.06666666666666667,0.44285714285714284,0.00025055188248746977,High Revenue / High Profit
OFF-PA-10003797,Xerox 209,Office Supplies,Paper,187.92000000000002,90.2016,29,5,0.0,0.48,8.18039045899795e-05,Low Revenue / High Profit
OFF-PA-10003823,Xerox 197,Office Supplies,Paper,501.87600000000003,195.174,18,3,0.06666666666666667,0.3888888888888889,0.00021847284174116938,High Revenue / High Profit
OFF-PA-10003845,Xerox 1987,Office Supplies,Paper,92.48,45.3152,16,4,0.0,0.48999999999999994,4.025768995573278e-05,Low Revenue / High Profit
OFF-PA-10003848,Xerox 1997,Office Supplies,Paper,178.848,77.76,30,8,0.05,0.43478260869565216,7.785475057529083e-05,Low Revenue / High Profit
OFF-PA-10003883,"Message Book, Phone, Wirebound Standard Line Memo, 2 3/4"" X 5""",Office Supplies,Paper,119.21,52.007,19,5,0.04,0.43626373626373627,5.189359017758331e-05,Low Revenue / High Profit
OFF-PA-10003892,Xerox 1943,Office Supplies,Paper,743.432,328.6752,16,4,0.05,0.4421052631578948,0.00032362516175573453,High Revenue / High Profit
OFF-PA-10003893,Xerox 1962,Office Supplies,Paper,109.568,43.656,28,7,0.05714285714285715,0.3984375,4.769630809980243e-05,Low Revenue / Low Profit
OFF-PA-10003919,Xerox 1989,Office Supplies,Paper,7.968,2.6892,2,1,0.2,0.3375,3.4685691345942772e-06,Low Revenue / Low Profit
OFF-PA-10003936,Xerox 1994,Office Supplies,Paper,76.464,32.6592,13,4,0.1,0.4271186440677966,3.328572669523303e-05,Low Revenue / Low Profit
OFF-PA-10003953,Xerox 218,Office Supplies,Paper,49.248000000000005,22.2912,8,5,0.08,0.4526315789473684,2.1438264651167043e-05,Low Revenue / Low Profit
OFF-PA-10003971,Xerox 1965,Office Supplies,Paper,56.212,25.714,10,4,0.05,0.45744680851063824,2.4469780144805916e-05,Low Revenue / Low Profit
OFF-PA-10004000,"While You Were Out Pads, 50 per Pad, 4 x 5 1/4, Green Cycle",Office Supplies,Paper,50.138000000000005,18.778100000000002,13,4,0.15000000000000002,0.3745283018867925,2.1825692679504004e-05,Low Revenue / Low Profit
OFF-PA-10004022,Hammermill Color Copier Paper (28Lb. and 96 Bright),Office Supplies,Paper,29.97,13.4865,3,2,0.0,0.45,1.3046312369953625e-05,Low Revenue / Low Profit
OFF-PA-10004039,Xerox 1882,Office Supplies,Paper,615.78,273.18240000000003,12,5,0.12000000000000002,0.4436363636363637,0.0002680566643700382,High Revenue / High Profit
OFF-PA-10004040,Universal Premium White Copier/Laser Paper (20Lb. and 87 Bright),Office Supplies,Paper,129.168,55.9728,24,5,0.08,0.4333333333333333,5.622843097104338e-05,Low Revenue / High Profit
OFF-PA-10004041,"It's Hot Message Books with Stickers, 2 3/4"" x 5""",Office Supplies,Paper,161.32,59.56999999999999,25,6,0.13333333333333333,0.3692660550458715,7.022459497900963e-05,Low Revenue / High Profit
OFF-PA-10004071,"Eaton Premium Continuous-Feed Paper, 25% Cotton, Letter Size, White, 1000 Shts/Box",Office Supplies,Paper,1098.504,492.6624,21,10,0.06000000000000001,0.44848484848484854,0.00047819240319130923,High Revenue / High Profit
OFF-PA-10004082,"Adams Telephone Message Book w/Frequently-Called Numbers Space, 400 Messages per Book",Office Supplies,Paper,223.44,111.72,28,7,0.0,0.5,9.726620073214675e-05,Low Revenue / High Profit
OFF-PA-10004092,Tops Green Bar Computer Printout Paper,Office Supplies,Paper,342.58,171.29,7,3,0.0,0.5,0.00014912931904233277,High Revenue / High Profit
OFF-PA-10004100,Xerox 216,Office Supplies,Paper,238.464,96.9408,42,8,0.125,0.40652173913043477,0.00010380633410038777,Low Revenue / High Profit
OFF-PA-10004101,Xerox 1894,Office Supplies,Paper,169.776,78.79679999999999,27,5,0.08,0.4641221374045801,7.390559656060216e-05,Low Revenue / High Profit
OFF-PA-10004156,Xerox 188,Office Supplies,Paper,213.192,97.524,20,8,0.05,0.4574468085106383,9.280511934518364e-05,Low Revenue / High Profit
OFF-PA-10004239,Xerox 1953,Office Supplies,Paper,47.08,18.832,12,4,0.1,0.4,2.0494507386633858e-05,Low Revenue / Low Profit
OFF-PA-10004243,Xerox 1939,Office Supplies,Paper,417.34,200.32319999999999,22,5,0.0,0.48,0.0001816732734226375,High Revenue / High Profit
OFF-PA-10004248,Xerox 1990,Office Supplies,Paper,36.96,13.728,8,2,0.1,0.3714285714285714,1.6089145985768638e-05,Low Revenue / Low Profit
OFF-PA-10004255,Xerox 219,Office Supplies,Paper,97.2,46.656,15,4,0.0,0.48,4.231236444309284e-05,Low Revenue / High Profit
OFF-PA-10004285,Xerox 1959,Office Supplies,Paper,133.6,60.6544,21,6,0.06666666666666667,0.454,5.815773548968316e-05,Low Revenue / High Profit
OFF-PA-10004327,Xerox 1911,Office Supplies,Paper,603.54,279.736,13,5,0.04,0.4634920634920635,0.0002627284406994265,High Revenue / High Profit
OFF-PA-10004353,Southworth 25% Cotton Premium Laser Paper and Envelopes,Office Supplies,Paper,527.472,236.5632,28,5,0.08,0.4484848484848485,0.0002296150977111838,High Revenue / High Profit
OFF-PA-10004355,Xerox 231,Office Supplies,Paper,79.05600000000001,31.8816,14,5,0.12000000000000002,0.4032786885245901,3.4414056413715516e-05,Low Revenue / Low Profit
OFF-PA-10004359,Multicolor Computer Printout Paper,Office Supplies,Paper,1887.3,851.3820000000001,19,5,0.04,0.45111111111111113,0.0008215650762700527,High Revenue / High Profit
OFF-PA-10004381,14-7/8 x 11 Blue Bar Computer Printout Paper,Office Supplies,Paper,422.752,172.94400000000002,10,4,0.1,0.4090909090909091,0.00018402918408483935,High Revenue / High Profit
OFF-PA-10004405,Rediform Voice Mail Log Books,Office Supplies,Paper,29.204,12.1584,11,2,0.1,0.4163265306122449,1.2712863078149007e-05,Low Revenue / Low Profit
OFF-PA-10004438,Xerox 1907,Office Supplies,Paper,122.8,57.716,10,3,0.0,0.47000000000000003,5.345636166267285e-05,Low Revenue / High Profit
OFF-PA-10004451,Xerox 222,Office Supplies,Paper,134.784,60.6528,22,7,0.08571428571428573,0.45,5.867314536108874e-05,Low Revenue / High Profit
OFF-PA-10004470,"Adams Write n' Stick Phone Message Book, 11"" X 5 1/4"", 200 Messages",Office Supplies,Paper,40.896,16.3584,8,3,0.06666666666666667,0.39999999999999997,1.7802535558279063e-05,Low Revenue / Low Profit
OFF-PA-10004475,Xerox 1940,Office Supplies,Paper,615.552,279.1968,12,4,0.05,0.45357142857142857,0.0002679574131448013,High Revenue / High Profit
OFF-PA-10004519,Spiral Phone Message Books with Labels by Adams,Office Supplies,Paper,60.032,25.759999999999998,15,4,0.05,0.4291044776119403,2.6132673479915116e-05,Low Revenue / Low Profit
OFF-PA-10004530,Personal Creations Ink Jet Cards and Labels,Office Supplies,Paper,321.44,157.5056,28,4,0.0,0.48999999999999994,0.00013992681508835148,High Revenue / High Profit
OFF-PA-10004569,"Wirebound Message Books, Two 4 1/4"" x 5"" Forms per Page",Office Supplies,Paper,109.584,49.084500000000006,15,6,0.03333333333333333,0.4479166666666667,4.770327309806467e-05,Low Revenue / High Profit
OFF-PA-10004609,Xerox 221,Office Supplies,Paper,80.352,33.1776,14,4,0.1,0.41290322580645156,3.4978221272956754e-05,Low Revenue / Low Profit
OFF-PA-10004610,Xerox 1900,Office Supplies,Paper,105.288,44.084,26,7,0.08571428571428573,0.41869918699187,4.58331710646539e-05,Low Revenue / High Profit
OFF-PA-10004621,Xerox 212,Office Supplies,Paper,141.264,57.024,25,7,0.1142857142857143,0.40366972477064217,6.149396965729493e-05,Low Revenue / High Profit
OFF-PA-10004665,Advantus Motivational Note Cards,Office Supplies,Paper,227.94,94.32000000000001,20,5,0.12000000000000002,0.4137931034482759,9.922510649340105e-05,Low Revenue / High Profit
OFF-PA-10004675,"Telephone Message Books with Fax/Mobile Section, 5 1/2"" x 3 3/16""",Office Supplies,Paper,99.06,40.766999999999996,17,6,0.06666666666666667,0.41153846153846146,4.312204549107795e-05,Low Revenue / Low Profit
OFF-PA-10004733,Things To Do Today Spiral Book,Office Supplies,Paper,82.368,29.8584,13,3,0.20000000000000004,0.36250000000000004,3.5855811053998676e-05,Low Revenue / Low Profit
OFF-PA-10004734,Southworth Structures Collection,Office Supplies,Paper,72.8,36.4,10,2,0.0,0.5,3.1690742093180644e-05,Low Revenue / Low Profit
OFF-PA-10004735,Xerox 1905,Office Supplies,Paper,146.448,68.94720000000001,23,5,0.04,0.47079646017699117,6.375062909425988e-05,Low Revenue / High Profit
OFF-PA-10004782,Xerox 228,Office Supplies,Paper,97.2,46.656,15,4,0.0,0.48,4.231236444309284e-05,Low Revenue / High Profit
OFF-PA-10004888,Xerox 217,Office Supplies,Paper,151.632,67.392,25,8,0.07500000000000001,0.4444444444444444,6.600728853122484e-05,Low Revenue / High Profit
OFF-PA-10004911,"Rediform S.O.S. 1-Up Phone Message Bk, 4-1/4x3-1/16 Bk, 1 Form/Pg, 40 Messages/Bk, 3/Pk",Office Supplies,Paper,196.98000000000002,94.5504,21,5,0.0,0.4799999999999999,8.57478348559715e-05,Low Revenue / High Profit
OFF-PA-10004947,Easy-staple paper,Office Supplies,Paper,48.792,20.544,12,3,0.06666666666666667,0.42105263157894735,2.123976220069327e-05,Low Revenue / Low Profit
OFF-PA-10004948,Xerox 190,Office Supplies,Paper,29.88,14.0436,6,2,0.0,0.47000000000000003,1.300713425472854e-05,Low Revenue / Low Profit
OFF-PA-10004965,Xerox 1921,Office Supplies,Paper,55.944,17.4825,7,3,0.20000000000000004,0.3125,2.4353116423913437e-05,Low Revenue / Low Profit
OFF-PA-10004971,Xerox 196,Office Supplies,Paper,92.47999999999999,39.4196,18,8,0.1,0.4262500000000001,4.0257689955732776e-05,Low Revenue / Low Profit
OFF-PA-10004983,Xerox 23,Office Supplies,Paper,141.264,63.7632,23,6,0.03333333333333333,0.4513761467889908,6.149396965729493e-05,Low Revenue / High Profit
OFF-PA-10004996,"Speediset Carbonless Redi-Letter 7"" x 8 1/2""",Office Supplies,Paper,181.456,77.6343,19,5,0.08,0.4278409090909091,7.899004529203554e-05,Low Revenue / High Profit
OFF-ST-10000025,Fellowes Stor/Drawer Steel Plus Storage Drawers,Office Supplies,Storage,3397.308,78.25259999999999,37,8,0.05,0.023033707865168535,0.0014788902697678483,High Revenue / High Profit
OFF-ST-10000036,"Recycled Data-Pak for Archival Bound Computer Printouts, 12-1/2 x 12-1/2 x 16",Office Supplies,Storage,1857.252,414.918,20,6,0.06666666666666667,0.22340425531914895,0.0008084848095335707,High Revenue / High Profit
OFF-ST-10000046,Fellowes Super Stor/Drawer Files,Office Supplies,Storage,4006.44,473.3415,27,9,0.06666666666666668,0.11814516129032258,0.0017440529773599268,High Revenue / High Profit
OFF-ST-10000060,Fellowes Bankers Box Staxonsteel Drawer File/Stacking System,Office Supplies,Storage,2612.196,153.35279999999997,43,8,0.07500000000000001,0.05870646766169153,0.001137121287538985,High Revenue / High Profit
OFF-ST-10000078,Tennsco 6- and 18-Compartment Lockers,Office Supplies,Storage,10925.003999999999,1575.1098,43,11,0.05454545454545456,0.1441747572815534,0.004755789617183611,High Revenue / High Profit
OFF-ST-10000107,Fellowes Super Stor/Drawer,Office Supplies,Storage,477.3,67.71,18,4,0.05,0.14186046511627906,0.00020777460441037256,High Revenue / High Profit
OFF-ST-10000129,Fellowes Recycled Storage Drawers,Office Supplies,Storage,1287.9479999999999,48.8532,12,3,0.06666666666666667,0.03793103448275863,0.0005606597238657668,High Revenue / High Profit
OFF-ST-10000136,Letter Size File,Office Supplies,Storage,341.41999999999996,59.55,10,2,0.1,0.1744186046511628,0.00014862435666832053,High Revenue / High Profit
OFF-ST-10000142,Deluxe Rollaway Locking File with Drawer,Office Supplies,Storage,5572.792,1380.7215999999999,14,5,0.08,0.2477611940298507,0.002425905412238192,High Revenue / High Profit
OFF-ST-10000321,Akro Stacking Bins,Office Supplies,Storage,91.524,-6.9432,13,6,0.10000000000000002,-0.07586206896551724,3.984153130956409e-05,Low Revenue / Low Profit
OFF-ST-10000344,"Neat Ideas Personal Hanging Folder Files, Black",Office Supplies,Storage,276.658,58.0176,22,7,0.1142857142857143,0.20970873786407768,0.00012043265557713148,Low Revenue / High Profit
OFF-ST-10000352,Acco Perma 2700 Stacking Storage Drawers,Office Supplies,Storage,208.18,5.948,8,4,0.1,0.028571428571428574,9.062333363953774e-05,Low Revenue / Low Profit
OFF-ST-10000419,"Rogers Jumbo File, Granite",Office Supplies,Storage,317.77200000000005,-4.8888,24,7,0.028571428571428574,-0.015384615384615382,0.00013833008923673355,High Revenue / Low Profit
OFF-ST-10000464,"Multi-Use Personal File Cart and Caster Set, Three Stacking Bins",Office Supplies,Storage,368.45599999999996,93.15679999999999,11,5,0.04,0.2528301886792453,0.00016039346248193637,High Revenue / High Profit
OFF-ST-10000532,Advantus Rolling Drawer Organizers,Office Supplies,Storage,1115.92,233.18880000000001,31,6,0.10000000000000002,0.20896551724137932,0.0004857738037997548,High Revenue / High Profit
OFF-ST-10000563,Fellowes Bankers Box Stor/Drawer Steel Plus,Office Supplies,Storage,1426.308,-12.792000000000003,50,12,0.10000000000000002,-0.008968609865470854,0.0006208895463384657,High Revenue / Low Profit
OFF-ST-10000585,Economy Rollaway Files,Office Supplies,Storage,3138.8,693.8399999999999,20,7,0.08571428571428573,0.22105263157894733,0.0013663585340944425,High Revenue / High Profit
OFF-ST-10000604,Home/Office Personal File Carts,Office Supplies,Storage,980.232,198.132,30,7,0.028571428571428574,0.2021276595744681,0.0004267071360368496,High Revenue / High Profit
OFF-ST-10000615,"SimpliFile Personal File, Black Granite, 15w x 6-15/16d x 11-1/4h",Office Supplies,Storage,347.31,85.806,32,8,0.07500000000000001,0.24705882352941175,0.00015118834665360674,High Revenue / High Profit
OFF-ST-10000617,Woodgrain Magazine Files by Perma,Office Supplies,Storage,69.136,2.6224,24,6,0.06666666666666667,0.03793103448275862,3.0095757491128256e-05,Low Revenue / Low Profit
OFF-ST-10000636,Rogers Profile Extra Capacity Storage Tub,Office Supplies,Storage,518.9399999999999,4.687199999999999,32,7,0.028571428571428574,0.009032258064516128,0.00022590101238784564,High Revenue / Low Profit
OFF-ST-10000642,"Tennsco Lockers, Gray",Office Supplies,Storage,402.816,-26.434800000000003,22,6,0.10000000000000002,-0.06562500000000002,0.00017535079625009142,High Revenue / Low Profit
OFF-ST-10000649,Hanging Personal Folder File,Office Supplies,Storage,251.2,51.025,17,5,0.08,0.203125,0.00010935047271712882,Low Revenue / High Profit
OFF-ST-10000675,"File Shuttle II and Handi-File, Black",Office Supplies,Storage,1125.148,260.953,34,7,0.05714285714285715,0.2319277108433735,0.0004897908665475002,High Revenue / High Profit
OFF-ST-10000676,Fellowes Econo/Stor Drawers,Office Supplies,Storage,581.58,-56.2194,7,2,0.1,-0.09666666666666666,0.00025316898058450553,High Revenue / Low Profit
OFF-ST-10000689,"Fellowes Strictly Business Drawer File, Letter/Legal Size",Office Supplies,Storage,4479.03,388.746,33,7,0.05714285714285715,0.08679245283018867,0.0019497772604068532,High Revenue / High Profit
OFF-ST-10000736,Carina Double Wide Media Storage Towers in Natural & Black,Office Supplies,Storage,3028.652,-3.2392000000000003,39,12,0.06666666666666667,-0.0010695187165775401,0.001318409744807634,High Revenue / Low Profit
OFF-ST-10000760,Eldon Fold 'N Roll Cart System,Office Supplies,Storage,301.96799999999996,63.7488,24,5,0.12000000000000002,0.21111111111111114,0.0001314504122032084,High Revenue / High Profit
OFF-ST-10000777,"Companion Letter/Legal File, Black",Office Supplies,Storage,611.712,149.5296,17,5,0.08,0.24444444444444444,0.00026628581356186426,High Revenue / High Profit
OFF-ST-10000798,2300 Heavy-Duty Transfer File Systems by Perma,Office Supplies,Storage,344.724,20.9832,16,4,0.1,0.06086956521739131,0.0001500626288094726,High Revenue / Low Profit
OFF-ST-10000876,Eldon Simplefile Box Office,Office Supplies,Storage,345.832,77.128,30,8,0.07500000000000001,0.22302158273381295,0.00015054495493913256,High Revenue / High Profit
OFF-ST-10000877,Recycled Steel Personal File for Standard File Folders,Office Supplies,Storage,1072.626,254.334,20,4,0.05,0.2371134020618557,0.00046692738912692286,High Revenue / High Profit
OFF-ST-10000885,Fellowes Desktop Hanging File Manager,Office Supplies,Storage,201.45000000000002,50.362500000000004,15,4,0.0,0.25,8.76936812454841e-05,Low Revenue / High Profit
OFF-ST-10000918,Crate-A-Files,Office Supplies,Storage,176.58,31.392,18,7,0.1142857142857143,0.17777777777777776,7.686746207161867e-05,Low Revenue / Low Profit
OFF-ST-10000934,"Contico 72""H Heavy-Duty Storage System",Office Supplies,Storage,598.308,-57.372,16,5,0.08,-0.0958904109589041,0.0002604508862676748,High Revenue / Low Profit
OFF-ST-10000943,Eldon ProFile File 'N Store Portable File Tub Letter/Legal Size Black,Office Supplies,Storage,614.0579999999999,127.44600000000001,35,7,0.1142857142857143,0.20754716981132082,0.0002673070564320648,High Revenue / High Profit
OFF-ST-10000991,Space Solutions HD Industrial Steel Shelving.,Office Supplies,Storage,3035.208,24.143700000000003,27,8,0.025,0.007954545454545455,0.0013212636528455858,High Revenue / Low Profit
OFF-ST-10001031,Adjustable Personal File Tote,Office Supplies,Storage,270.24800000000005,53.3984,18,5,0.08,0.1975903614457831,0.0001176423031483226,Low Revenue / High Profit
OFF-ST-10001034,Eldon File Chest Portable File,Office Supplies,Storage,79.4,5.955,5,1,0.2,0.075,3.456380387635362e-05,Low Revenue / Low Profit
OFF-ST-10001097,Office Impressions Heavy Duty Welded Shelving & Multimedia Storage Drawers,Office Supplies,Storage,3178.13,-167.27,20,5,0.04,-0.052631578947368425,0.0013834793704478052,High Revenue / Low Profit
OFF-ST-10001128,"Carina Mini System Audio Rack, Model AR050B",Office Supplies,Storage,2730.108,-68.8076,26,6,0.06666666666666667,-0.025203252032520322,0.0011884498422325444,High Revenue / Low Profit
OFF-ST-10001172,"Tennsco Lockers, Sand",Office Supplies,Storage,407.012,56.2264,22,5,0.12000000000000002,0.13814432989690723,0.0001771773670443632,High Revenue / High Profit
OFF-ST-10001228,"Fellowes Personal Hanging Folder Files, Navy",Office Supplies,Storage,284.716,52.6456,24,4,0.1,0.1849056603773585,0.00012394040282695084,Low Revenue / High Profit
OFF-ST-10001228,Personal File Boxes with Fold-Down Carry Handle,Office Supplies,Storage,177.612,37.392,12,5,0.04,0.2105263157894737,7.731670445953297e-05,Low Revenue / Low Profit
OFF-ST-10001272,"Mini 13-1/2 Capacity Data Binder Rack, Pearl",Office Supplies,Storage,1465.7440000000001,287.914,12,5,0.08,0.1964285714285714,0.0006380565258053156,High Revenue / High Profit
OFF-ST-10001291,"Tenex Personal Self-Stacking Standard File Box, Black/Gray",Office Supplies,Storage,229.976,44.811499999999995,15,5,0.08,0.19485294117647056,0.00010011140252227078,Low Revenue / High Profit
OFF-ST-10001321,"Decoflex Hanging Personal Folder File, Blue",Office Supplies,Storage,518.112,124.131,35,9,0.044444444444444446,0.23958333333333334,0.00022554057372777485,High Revenue / High Profit
OFF-ST-10001325,Sterilite Officeware Hinged File Box,Office Supplies,Storage,345.84000000000003,78.076,35,11,0.07272727272727274,0.2257575757575757,0.0001505484374382637,High Revenue / High Profit
OFF-ST-10001328,"Personal Filing Tote with Lid, Black/Gray",Office Supplies,Storage,459.096,112.9128,31,8,0.05,0.24594594594594596,0.00019985017763751186,High Revenue / High Profit
OFF-ST-10001370,Sensible Storage WireTech Storage Systems,Office Supplies,Storage,2484.2999999999997,-78.07799999999999,38,8,0.07500000000000001,-0.03142857142857143,0.0010814465739297896,High Revenue / Low Profit
OFF-ST-10001414,Decoflex Hanging Personal Folder File,Office Supplies,Storage,46.26,12.0276,3,1,0.0,0.26,2.0137551225694186e-05,Low Revenue / Low Profit
OFF-ST-10001418,Carina Media Storage Towers in Natural & Black,Office Supplies,Storage,1073.248,-121.96000000000001,20,5,0.12000000000000002,-0.11363636363636363,0.00046719815343436737,High Revenue / Low Profit
OFF-ST-10001469,Fellowes Bankers Box Recycled Super Stor/Drawer,Office Supplies,Storage,1187.56,-30.228800000000003,24,7,0.08571428571428573,-0.02545454545454546,0.0005169595835189232,High Revenue / Low Profit
OFF-ST-10001476,Steel Personal Filing/Posting Tote,Office Supplies,Storage,937.4639999999999,185.7173,29,5,0.08,0.19810606060606062,0.00040808969568188877,High Revenue / High Profit
OFF-ST-10001490,"Hot File 7-Pocket, Floor Stand",Office Supplies,Storage,8138.232,2016.711,49,13,0.07692307692307693,0.24780701754385964,0.0035426732336053535,High Revenue / High Profit
OFF-ST-10001496,Standard Rollaway File with Lock,Office Supplies,Storage,6594.954,1261.3300000000002,40,10,0.06000000000000001,0.19125683060109291,0.0028708651968460176,High Revenue / High Profit
OFF-ST-10001505,"Perma STOR-ALL Hanging File Box, 13 1/8""W x 12 1/4""D x 10 1/2""H",Office Supplies,Storage,180.596,16.8038,33,8,0.05,0.09304635761589403,7.861567663544028e-05,Low Revenue / Low Profit
OFF-ST-10001511,Space Solutions Commercial Steel Shelving,Office Supplies,Storage,1952.43,-74.34749999999998,33,7,0.028571428571428574,-0.03807947019867548,0.0008499169723212732,High Revenue / Low Profit
OFF-ST-10001522,"Gould Plastics 18-Pocket Panel Bin, 34w x 5-1/4d x 20-1/2h",Office Supplies,Storage,2299.75,-172.9412,28,10,0.12000000000000002,-0.0752,0.001001109672098794,High Revenue / Low Profit
OFF-ST-10001526,Iceberg Mobile Mega Data/Printer Cart ,Office Supplies,Storage,5751.774,1388.6082,49,8,0.025,0.2414225941422594,0.002503818494673929,High Revenue / High Profit
OFF-ST-10001558,Acco Perma 4000 Stacking Storage Drawers,Office Supplies,Storage,457.96799999999996,30.044,31,11,0.09090909090909091,0.06560283687943264,0.0001993591452600241,High Revenue / Low Profit
OFF-ST-10001580,Super Decoflex Portable Personal File,Office Supplies,Storage,179.76,39.5472,13,5,0.08,0.22,7.825175547623836e-05,Low Revenue / Low Profit
OFF-ST-10001590,"Tenex Personal Project File with Scoop Front Design, Black",Office Supplies,Storage,517.6320000000001,118.62400000000001,40,10,0.06000000000000001,0.22916666666666666,0.00022533162377990777,High Revenue / High Profit
OFF-ST-10001627,Eldon Jumbo ProFile Portable File Boxes Graphite/Black,Office Supplies,Storage,36.744,3.6744,3,1,0.2,0.09999999999999999,1.599511850922843e-05,Low Revenue / Low Profit
OFF-ST-10001713,"Gould Plastics 9-Pocket Panel Bin, 18-3/8w x 5-1/4d x 20-1/2h, Black",Office Supplies,Storage,953.82,-63.587999999999994,20,6,0.10000000000000002,-0.06666666666666665,0.0004152096651554611,High Revenue / Low Profit
OFF-ST-10001780,Tennsco 16-Compartment Lockers with Coat Rack,Office Supplies,Storage,7515.523999999999,1114.3708,13,5,0.12000000000000002,0.1482758620689655,0.003271600724987766,High Revenue / High Profit
OFF-ST-10001809,Fellowes Officeware Wire Shelving,Office Supplies,Storage,4509.466,-332.371,55,11,0.07272727272727274,-0.07370517928286852,0.0019630264283511945,High Revenue / Low Profit
OFF-ST-10001837,"SAFCO Mobile Desk Side File, Wire Frame",Office Supplies,Storage,1240.04,259.12559999999996,31,8,0.05,0.2089655172413793,0.0005398047778190622,High Revenue / High Profit
OFF-ST-10001932,Fellowes Staxonsteel Drawer Files,Office Supplies,Storage,4829.25,509.9688,26,7,0.028571428571428574,0.1056,0.002102232366119404,High Revenue / High Profit
OFF-ST-10001963,Tennsco Regal Shelving Units,Office Supplies,Storage,1764.534,-6.084599999999998,18,4,0.05,-0.003448275862068964,0.0007681235152286871,High Revenue / Low Profit
OFF-ST-10002011,Smead Adjustable Mobile File Trolley with Lockable Top,Office Supplies,Storage,4778.766,1106.6616,12,3,0.06666666666666667,0.23157894736842105,0.0020802560553524795,High Revenue / High Profit
OFF-ST-10002182,"Iris 3-Drawer Stacking Bin, Black",Office Supplies,Storage,284.104,-43.4512,16,3,0.13333333333333333,-0.15294117647058825,0.00012367399164342024,Low Revenue / Low Profit
OFF-ST-10002205,File Shuttle I and Handi-File,Office Supplies,Storage,262.668,51.42059999999999,13,3,0.13333333333333333,0.19576271186440675,0.00011434263522158757,Low Revenue / High Profit
OFF-ST-10002214,X-Rack File for Hanging Folders,Office Supplies,Storage,318.378,67.74,30,9,0.044444444444444446,0.2127659574468085,0.00013859388854591575,High Revenue / High Profit
OFF-ST-10002276,Safco Steel Mobile File Cart,Office Supplies,Storage,683.552,120.872,9,5,0.08,0.17682926829268292,0.0002975586557593107,High Revenue / High Profit
OFF-ST-10002289,"Safco Wire Cube Shelving System, For Use as 4 or 5 14"" Cubes, Black",Office Supplies,Storage,406.784,14.301,13,4,0.05,0.03515625,0.00017707811581912632,High Revenue / Low Profit
OFF-ST-10002292,"Sauder Facets Collection Locker/File Cabinet, Sky Alder Finish",Office Supplies,Storage,1706.508,222.588,5,2,0.1,0.13043478260869565,0.0007428640784059,High Revenue / High Profit
OFF-ST-10002301,Tennsco Commercial Shelving,Office Supplies,Storage,374.256,-48.6126,21,9,0.1111111111111111,-0.1298913043478261,0.00016291827435199746,High Revenue / Low Profit
OFF-ST-10002344,"Carina 42""Hx23 3/4""W Media Storage Unit",Office Supplies,Storage,1635.796,-110.1328,22,8,0.1,-0.06732673267326733,0.0007120822685859414,High Revenue / Low Profit
OFF-ST-10002352,Iris Project Case,Office Supplies,Storage,225.036,47.88,30,6,0.06666666666666667,0.2127659574468085,9.796095930880495e-05,Low Revenue / High Profit
OFF-ST-10002370,"Sortfiler Multipurpose Personal File Organizer, Black",Office Supplies,Storage,483.414,118.92840000000001,24,6,0.06666666666666667,0.24601769911504429,0.00021043610437133006,High Revenue / High Profit
OFF-ST-10002406,Pizazz Global Quick File,Office Supplies,Storage,353.29200000000003,94.6104,24,6,0.03333333333333333,0.2677966101694915,0.0001537923853789008,High Revenue / High Profit
OFF-ST-10002444,Recycled Eldon Regeneration Jumbo File,Office Supplies,Storage,235.77599999999998,58.944,20,6,0.03333333333333333,0.25000000000000006,0.00010263621439233186,Low Revenue / High Profit
OFF-ST-10002485,Rogers Deluxe File Chest,Office Supplies,Storage,443.99600000000004,-34.7284,22,8,0.1,-0.07821782178217822,0.0001932769605275252,High Revenue / Low Profit
OFF-ST-10002486,Eldon Shelf Savers Cubes and Bins,Office Supplies,Storage,300.14,-7.677999999999999,45,8,0.05,-0.02558139534883721,0.00013065466115174778,High Revenue / Low Profit
OFF-ST-10002554,Tennsco Industrial Shelving,Office Supplies,Storage,1281.442,-108.5802,29,9,0.1111111111111111,-0.08473282442748092,0.0005578275814473846,High Revenue / Low Profit
OFF-ST-10002562,Staple magnet,Office Supplies,Storage,219.492,30.391199999999998,28,7,0.14285714285714285,0.13846153846153847,9.554758741093964e-05,Low Revenue / Low Profit
OFF-ST-10002574,"SAFCO Commercial Wire Shelving, Black",Office Supplies,Storage,4199.456,-635.444,35,10,0.14,-0.1513157894736842,0.001828075233896429,High Revenue / Low Profit
OFF-ST-10002583,Fellowes Neat Ideas Storage Cubes,Office Supplies,Storage,480.70399999999995,-18.1888,16,7,0.08571428571428573,-0.03783783783783784,0.00020925640779066357,High Revenue / Low Profit
OFF-ST-10002615,"Dual Level, Single-Width Filing Carts",Office Supplies,Storage,6574.544,1640.5348,43,9,0.022222222222222223,0.24952830188679245,0.0028619804709377507,High Revenue / High Profit
OFF-ST-10002743,SAFCO Boltless Steel Shelving,Office Supplies,Storage,4704.696,-470.4696,46,10,0.1,-0.1,0.0020480124665222337,High Revenue / Low Profit
OFF-ST-10002756,"Tennsco Stur-D-Stor Boltless Shelving, 5 Shelves, 24"" Deep, Sand",Office Supplies,Storage,4384.044,-36.533699999999996,33,7,0.028571428571428574,-0.008333333333333333,0.0019084286775982973,High Revenue / Low Profit
OFF-ST-10002790,Safco Industrial Shelving,Office Supplies,Storage,827.12,-104.1285,13,5,0.12000000000000002,-0.12589285714285714,0.0003600555851663678,High Revenue / Low Profit
OFF-ST-10002957,Sterilite Show Offs Storage Containers,Office Supplies,Storage,78.144,-6.336,16,5,0.08,-0.08108108108108109,3.401705151276798e-05,Low Revenue / Low Profit
OFF-ST-10002974,"Trav-L-File Heavy-Duty Shuttle II, Black",Office Supplies,Storage,1193.818,278.848,30,7,0.08571428571428573,0.23357664233576644,0.0005196837684642409,High Revenue / High Profit
OFF-ST-10003058,Eldon Mobile Mega Data Cart  Mega Stackable  Add-On Trays,Office Supplies,Storage,709.5,205.755,30,6,0.0,0.29,0.00030885414169109436,High Revenue / High Profit
OFF-ST-10003123,Fellowes Bases and Tops For Staxonsteel/High-Stak Systems,Office Supplies,Storage,858.8820000000001,201.07160000000002,26,10,0.02,0.23410852713178296,0.00037388197734169207,High Revenue / High Profit
OFF-ST-10003208,Adjustable Depth Letter/Legal Cart,Office Supplies,Storage,7730.196,1932.549,45,11,0.06666666666666667,0.25,0.0033650501066722067,High Revenue / High Profit
OFF-ST-10003221,Staple magnet,Office Supplies,Storage,53.4,14.418,5,3,0.0,0.27,2.3245681700217673e-05,Low Revenue / Low Profit
OFF-ST-10003282,"Advantus 10-Drawer Portable Organizer, Chrome Metal Frame, Smoke Drawers",Office Supplies,Storage,1051.7759999999998,277.2864,18,4,0.05,0.26363636363636367,0.00045785112576644457,High Revenue / High Profit
OFF-ST-10003306,Letter Size Cart,Office Supplies,Storage,4600.092,1252.8822,33,8,0.05,0.27236024844720497,0.0020024770491332902,High Revenue / High Profit
OFF-ST-10003324,Belkin OmniView SE Rackmount Kit,Office Supplies,Storage,248.35999999999999,0.0,7,2,0.0,0.0,0.00010811418552558166,Low Revenue / Low Profit
OFF-ST-10003327,Akro-Mils 12-Gallon Tote,Office Supplies,Storage,113.202,21.548099999999998,13,4,0.1,0.19035087719298244,4.927823333011312e-05,Low Revenue / Low Profit
OFF-ST-10003442,Eldon Portable Mobile Manager,Office Supplies,Storage,899.304,197.3944,34,9,0.06666666666666668,0.21949685534591196,0.0003914781748264523,High Revenue / High Profit
OFF-ST-10003455,"Tenex File Box, Personal Filing Tote with Lid, Black",Office Supplies,Storage,338.118,62.660399999999996,24,7,0.08571428571428573,0.18532110091743118,0.0001471869551519513,High Revenue / High Profit
OFF-ST-10003470,"Tennsco Snap-Together Open Shelving Units, Starter Sets and Add-On Units",Office Supplies,Storage,6819.312,181.66199999999998,25,6,0.03333333333333333,0.02663934426229508,0.00296853101435346,High Revenue / High Profit
OFF-ST-10003479,"Eldon Base for stackable storage shelf, platinum",Office Supplies,Storage,872.256,-52.569,25,7,0.08571428571428573,-0.06026785714285715,0.00037970384526413983,High Revenue / Low Profit
OFF-ST-10003572,Portfile Personal File Boxes,Office Supplies,Storage,99.11999999999999,7.434,7,2,0.2,0.07500000000000001,4.3148164234561336e-05,Low Revenue / Low Profit
OFF-ST-10003638,Mobile Personal File Cube,Office Supplies,Storage,449.664,90.6354,21,5,0.04,0.2015625,0.00019574431116192284,High Revenue / High Profit
OFF-ST-10003641,Space Solutions Industrial Galvanized Steel Shelving.,Office Supplies,Storage,520.0799999999999,-20.488,7,3,0.06666666666666667,-0.0393939393939394,0.00022639726851403006,High Revenue / Low Profit
OFF-ST-10003656,Safco Industrial Wire Shelving,Office Supplies,Storage,1363.058,-126.7068,16,5,0.16,-0.09295774647887324,0.000593356037583058,High Revenue / Low Profit
OFF-ST-10003692,Recycled Steel Personal File for Hanging File Folders,Office Supplies,Storage,1053.032,151.65949999999998,21,6,0.10000000000000002,0.14402173913043478,0.0004583978781300302,High Revenue / High Profit
OFF-ST-10003716,Tennsco Double-Tier Lockers,Office Supplies,Storage,9630.856,429.7882,47,12,0.10000000000000002,0.044626168224299066,0.004192430956491228,High Revenue / High Profit
OFF-ST-10003722,Project Tote Personal File,Office Supplies,Storage,193.61399999999998,44.1945,15,4,0.05,0.2282608695652174,8.428257334655326e-05,Low Revenue / High Profit
OFF-ST-10003805,"24 Capacity Maxi Data Binder Racks, Pearl",Office Supplies,Storage,3537.24,536.9025,19,4,0.1,0.1517857142857143,0.0015398044033198119,High Revenue / High Profit
OFF-ST-10003816,Fellowes High-Stak Drawer Files,Office Supplies,Storage,3946.656,419.3322,26,8,0.125,0.10625,0.0017180282613530762,High Revenue / High Profit
OFF-ST-10003994,"Belkin 19"" Center-Weighted Shelf, Gray",Office Supplies,Storage,849.3119999999999,-47.184,16,4,0.1,-0.05555555555555556,0.0003697160377560912,High Revenue / Low Profit
OFF-ST-10003996,"Letter/Legal File Tote with Clear Snap-On Lid, Black Granite",Office Supplies,Storage,218.416,52.0344,14,4,0.05,0.23823529411764705,9.507919127780417e-05,Low Revenue / High Profit
OFF-ST-10004123,Safco Industrial Wire Shelving System,Office Supplies,Storage,2511.0480000000002,-218.352,30,8,0.1,-0.08695652173913043,0.0010930903097746852,High Revenue / Low Profit
OFF-ST-10004180,Safco Commercial Shelving,Office Supplies,Storage,483.704,-7.441599999999999,11,5,0.08,-0.015384615384615384,0.00021056234496483314,High Revenue / Low Profit
OFF-ST-10004186,"Stur-D-Stor Shelving, Vertical 5-Shelf: 72""H x 36""W x 18 1/2""D",Office Supplies,Storage,2552.54,51.050799999999995,23,5,0.0,0.019999999999999997,0.0011111522915182325,High Revenue / High Profit
OFF-ST-10004258,Portable Personal File Box,Office Supplies,Storage,224.66400000000002,55.3113,19,6,0.03333333333333333,0.24619565217391304,9.779902309920793e-05,Low Revenue / High Profit
OFF-ST-10004337,"SAFCO Commercial Wire Shelving, 72h",Office Supplies,Storage,1445.2640000000001,-24.496,24,5,0.04,-0.016949152542372878,0.0006291413280296517,High Revenue / Low Profit
OFF-ST-10004340,"Fellowes Mobile File Cart, Black",Office Supplies,Storage,2300.66,485.00399999999996,40,10,0.06000000000000001,0.2108108108108108,0.0010015058063749585,High Revenue / High Profit
OFF-ST-10004459,Tennsco Single-Tier Lockers,Office Supplies,Storage,9158.296,-825.7479999999999,28,8,0.07500000000000001,-0.0901639344262295,0.003986719732816044,High Revenue / Low Profit
OFF-ST-10004507,Advantus Rolling Storage Box,Office Supplies,Storage,428.75,90.7235,27,10,0.08,0.2116,0.00018664018780839564,High Revenue / High Profit
OFF-ST-10004634,"Personal Folder Holder, Ebony",Office Supplies,Storage,145.73000000000002,35.872,14,6,0.03333333333333333,0.2461538461538461,6.343807479724198e-05,Low Revenue / Low Profit
OFF-ST-10004804,"Belkin 19"" Vented Equipment Shelf, Black",Office Supplies,Storage,1400.256,-179.6652,31,10,0.12000000000000002,-0.12830882352941175,0.0006095487879179775,High Revenue / Low Profit
OFF-ST-10004835,Plastic Stacking Crates & Casters,Office Supplies,Storage,35.712,2.6784,8,4,0.2,0.07499999999999998,1.5545876121314113e-05,Low Revenue / Low Profit
OFF-ST-10004946,Desktop 3-Pocket Hot File,Office Supplies,Storage,259.68,59.510000000000005,5,2,0.1,0.22916666666666669,0.0001130419217961147,Low Revenue / High Profit
OFF-ST-10004950,Acco Perma 3000 Stacking Storage Drawers,Office Supplies,Storage,373.44399999999996,16.5742,21,6,0.13333333333333333,0.04438202247191012,0.0001625648006901889,High Revenue / Low Profit
OFF-ST-10004950,"Tenex Personal Filing Tote With Secure Closure Lid, Black/Frost",Office Supplies,Storage,279.18,23.265,22,5,0.12000000000000002,0.08333333333333333,0.00012153051342821666,Low Revenue / Low Profit
OFF-ST-10004963,Eldon Gobal File Keepers,Office Supplies,Storage,348.22,-0.6055999999999999,24,6,0.06666666666666667,-0.0017391304347826083,0.0001515844809297715,High Revenue / Low Profit
OFF-SU-10000151,High Speed Automatic Electric Letter Opener,Office Supplies,Supplies,17030.311999999998,-262.00480000000005,11,3,0.06666666666666667,-0.015384615384615389,0.007413505842835157,High Revenue / Low Profit
OFF-SU-10000157,Compact Automatic Electric Letter Opener,Office Supplies,Supplies,2982.75,-57.268800000000006,26,8,0.05,-0.019200000000000002,0.0012984280354180573,High Revenue / Low Profit
OFF-SU-10000381,Acme Forged Steel Scissors with Black Enamel Handles,Office Supplies,Supplies,279.3,67.7768,32,8,0.05,0.24266666666666664,0.00012158275091518344,Low Revenue / High Profit
OFF-SU-10000432,Acco Side-Punched Conventional Columnar Pads,Office Supplies,Supplies,41.64,-7.8075,15,4,0.2,-0.1875,1.8126407977473106e-05,Low Revenue / Low Profit
OFF-SU-10000646,Premier Automatic Letter Opener,Office Supplies,Supplies,2836.366,-427.8586,14,5,0.12000000000000002,-0.15084745762711865,0.0012347052663168464,High Revenue / Low Profit
OFF-SU-10000898,"Acme Hot Forged Carbon Steel Scissors with Nickel-Plated Handles, 3 7/8"" Cut, 8""L",Office Supplies,Supplies,458.7,103.416,36,7,0.08571428571428573,0.22545454545454546,0.00019967779393052147,High Revenue / High Profit
OFF-SU-10000946,Staple remover,Office Supplies,Supplies,153.216,34.2342,21,4,0.1,0.22343749999999998,6.669682335918635e-05,Low Revenue / Low Profit
OFF-SU-10000952,Fiskars Home & Office Scissors,Office Supplies,Supplies,97.68,27.3504,11,3,0.0,0.27999999999999997,4.252131439095997e-05,Low Revenue / Low Profit
OFF-SU-10001165,Acme Elite Stainless Steel Scissors,Office Supplies,Supplies,95.076,21.0168,12,5,0.08,0.2210526315789474,4.138776092378081e-05,Low Revenue / Low Profit
OFF-SU-10001212,Kleencut Forged Office Shears by Acme United Corporation,Office Supplies,Supplies,9.568,2.2880000000000003,5,2,0.1,0.23913043478260873,4.165068960818027e-06,Low Revenue / Low Profit
OFF-SU-10001218,Fiskars Softgrip Scissors,Office Supplies,Supplies,307.44,86.0832,28,7,0.0,0.28,0.00013383244160889365,High Revenue / High Profit
OFF-SU-10001225,Staple remover,Office Supplies,Supplies,80.224,-6.3296,24,8,0.1,-0.07889908256880734,3.4922501286858854e-05,Low Revenue / Low Profit
OFF-SU-10001574,Acme Value Line Scissors,Office Supplies,Supplies,76.64999999999999,20.44,22,10,0.06000000000000001,0.2666666666666667,3.336669480003154e-05,Low Revenue / Low Profit
OFF-SU-10001664,Acme Office Executive Series Stainless Steel Trimmers,Office Supplies,Supplies,159.402,26.2242,21,7,0.08571428571428573,0.16451612903225807,6.938966581232392e-05,Low Revenue / Low Profit
OFF-SU-10001935,Staple remover,Office Supplies,Supplies,29.648000000000003,-3.8368,16,6,0.13333333333333333,-0.12941176470588234,1.2906141779926098e-05,Low Revenue / Low Profit
OFF-SU-10002189,Acme Rosewood Handle Letter Opener,Office Supplies,Supplies,43.67,-3.4936000000000003,12,3,0.06666666666666667,-0.08,1.901009213199449e-05,Low Revenue / Low Profit
OFF-SU-10002301,Serrated Blade or Curved Handle Hand Letter Openers,Office Supplies,Supplies,23.864,-4.1133999999999995,9,2,0.1,-0.17236842105263156,1.0388294908127239e-05,Low Revenue / Low Profit
OFF-SU-10002503,Acme Preferred Stainless Steel Scissors,Office Supplies,Supplies,90.88,26.3552,16,4,0.0,0.29000000000000004,3.956119012950902e-05,Low Revenue / Low Profit
OFF-SU-10002522,Acme Kleen Earth Office Shears,Office Supplies,Supplies,44.232,11.1744,12,5,0.08,0.25263157894736843,1.9254737695955583e-05,Low Revenue / Low Profit
OFF-SU-10002537,Acme Box Cutter Scissors,Office Supplies,Supplies,306.9,72.2238,31,6,0.03333333333333333,0.23533333333333334,0.00013359737291754312,High Revenue / High Profit
OFF-SU-10002557,Fiskars Spring-Action Scissors,Office Supplies,Supplies,75.492,13.4208,6,4,0.1,0.17777777777777776,3.286260305080211e-05,Low Revenue / Low Profit
OFF-SU-10002573,"Acme 10"" Easy Grip Assistive Scissors",Office Supplies,Supplies,448.76800000000003,129.722,26,8,0.025,0.2890625,0.00019535427125923755,High Revenue / High Profit
OFF-SU-10002881,Martin Yale Chadless Opener Electric Letter Opener,Office Supplies,Supplies,16656.2,-1299.1836,22,6,0.10000000000000002,-0.078,0.007250650253467521,High Revenue / Low Profit
OFF-SU-10003002,Letter Slitter,Office Supplies,Supplies,10.08,0.3024,4,2,0.0,0.03,4.387948905209628e-06,Low Revenue / Low Profit
OFF-SU-10003505,Premier Electric Letter Opener,Office Supplies,Supplies,2641.6079999999997,-7.105427357601002e-15,24,8,0.07500000000000001,-2.6898114169857914e-18,0.001149924695594543,High Revenue / Low Profit
OFF-SU-10003567,Stiletto Hand Letter Openers,Office Supplies,Supplies,136.32,-21.983999999999998,17,4,0.15000000000000002,-0.16126760563380282,5.934178519426354e-05,Low Revenue / Low Profit
OFF-SU-10003936,Acme Serrated Blade Letter Opener,Office Supplies,Supplies,13.992,-1.7489999999999999,5,2,0.1,-0.12499999999999999,6.090890980326698e-06,Low Revenue / Low Profit
OFF-SU-10004115,Acme Stainless Steel Office Snips,Office Supplies,Supplies,81.424,12.431700000000001,13,4,0.1,0.15267857142857144,3.5444876156526665e-05,Low Revenue / Low Profit
OFF-SU-10004231,Acme Tagit Stainless Steel Antibacterial Scissors,Office Supplies,Supplies,196.01999999999998,37.026,22,6,0.10000000000000002,0.1888888888888889,8.532993496023722e-05,Low Revenue / Low Profit
OFF-SU-10004261,"Fiskars 8"" Scissors, 2/Pack",Office Supplies,Supplies,217.224,45.8584,14,4,0.1,0.21111111111111114,9.456029890726748e-05,Low Revenue / High Profit
OFF-SU-10004290,"Acme Design Line 8"" Stainless Steel Bent Scissors w/Champagne Handles, 3-1/8"" Cut",Office Supplies,Supplies,45.144,10.1916,7,3,0.06666666666666667,0.22575757575757574,1.965174259690312e-05,Low Revenue / Low Profit
OFF-SU-10004498,Martin-Yale Premier Letter Opener,Office Supplies,Supplies,236.99200000000002,-12.879999999999999,20,7,0.08571428571428573,-0.05434782608695651,0.00010316555426026193,Low Revenue / Low Profit
OFF-SU-10004661,Acme Titanium Bonded Scissors,Office Supplies,Supplies,102.0,20.23,13,5,0.08,0.19833333333333333,4.4401863921764094e-05,Low Revenue / Low Profit
OFF-SU-10004664,Acme Softgrip Scissors,Office Supplies,Supplies,166.056,33.1298,23,4,0.1,0.19950980392156864,7.228623446463195e-05,Low Revenue / Low Profit
OFF-SU-10004737,Acme Design Stainless Steel Bent Scissors,Office Supplies,Supplies,88.92,24.0084,13,3,0.0,0.27,3.870797784238493e-05,Low Revenue / Low Profit
OFF-SU-10004768,Acme Kleencut Forged Steel Scissors,Office Supplies,Supplies,35.587999999999994,7.462,7,3,0.13333333333333333,0.20967741935483875,1.5491897384781767e-05,Low Revenue / Low Profit
OFF-SU-10004782,"Elite 5"" Scissors",Office Supplies,Supplies,179.14,37.18,24,7,0.08571428571428573,0.20754716981132076,7.798186179357666e-05,Low Revenue / Low Profit
OFF-SU-10004884,Acme Galleria Hot Forged Steel Scissors with Colored Handles,Office Supplies,Supplies,195.05200000000002,49.8641,13,3,0.06666666666666667,0.25564516129032255,8.490855256537187e-05,Low Revenue / High Profit
TEC-AC-10000023,"Maxell 74 Minute CD-R Spindle, 50/Pack",Technology,Accessories,503.28,181.1808,24,5,0.0,0.36000000000000004,0.0002190840203386807,High Revenue / High Profit
TEC-AC-10000057,Microsoft Natural Ergonomic Keyboard 4000,Technology,Accessories,557.814,107.66409999999999,19,5,0.04,0.19301075268817203,0.00024282334629073445,High Revenue / High Profit
TEC-AC-10000109,Sony Micro Vault Click 16 GB USB 2.0 Flash Drive,Technology,Accessories,1489.334,255.3144,29,9,0.08888888888888889,0.17142857142857143,0.000648325545118202,High Revenue / High Profit
TEC-AC-10000158,Sony 64GB Class 10 Micro SDHC R40 Memory Card,Technology,Accessories,899.75,132.0833,27,9,0.06666666666666668,0.1468,0.0003916723241530122,High Revenue / High Profit
TEC-AC-10000171,"Verbatim 25 GB 6x Blu-ray Single Layer Recordable Disc, 25/Pack",Technology,Accessories,248.292,91.0404,12,5,0.12000000000000002,0.3666666666666667,0.00010808458428296716,Low Revenue / High Profit
TEC-AC-10000199,Kingston Digital DataTraveler 8GB USB 2.0,Technology,Accessories,44.03,-2.0229999999999997,9,3,0.13333333333333333,-0.045945945945945935,1.9166804592894835e-05,Low Revenue / Low Profit
TEC-AC-10000290,Sabrent 4-Port USB 2.0 Hub,Technology,Accessories,96.418,29.197,15,4,0.05,0.3028169014084507,4.197195015302599e-05,Low Revenue / Low Profit
TEC-AC-10000303,Logitech M510 Wireless Mouse,Technology,Accessories,239.94,52.3869,7,3,0.13333333333333333,0.21833333333333332,0.00010444885519007918,Low Revenue / High Profit
TEC-AC-10000358,Imation Secure Drive + Hardware Encrypted USB flash drive - 16 GB,Technology,Accessories,888.966,196.0284,24,6,0.03333333333333333,0.2205128205128205,0.00038697791532426413,High Revenue / High Profit
TEC-AC-10000387,KeyTronic KT800P2 - Keyboard - Black,Technology,Accessories,75.1,1.2015999999999998,6,3,0.13333333333333333,0.015999999999999997,3.2691960593377285e-05,Low Revenue / Low Profit
TEC-AC-10000397,"Perixx PERIBOARD-512B, Ergonomic Split Keyboard",Technology,Accessories,419.88,29.391599999999997,12,3,0.0,0.06999999999999999,0.00018277896689676773,High Revenue / Low Profit
TEC-AC-10000420,Logitech G500s Laser Gaming Mouse with Adjustable Weight Tuning,Technology,Accessories,1399.8,429.7386,21,4,0.05,0.30700000000000005,0.0006093502854675037,High Revenue / High Profit
TEC-AC-10000474,Kensington Expert Mouse Optical USB Trackball for PC or Mac,Technology,Accessories,1690.8220000000001,360.962,20,6,0.10000000000000002,0.2134831460674157,0.000736035768234559,High Revenue / High Profit
TEC-AC-10000487,SanDisk Cruzer 4 GB USB Flash Drive,Technology,Accessories,25.96,5.5165,5,2,0.2,0.2125,1.1300709680480352e-05,Low Revenue / Low Profit
TEC-AC-10000521,"Verbatim Slim CD and DVD Storage Cases, 50/Pack",Technology,Accessories,80.78,16.156,8,4,0.1,0.19999999999999998,3.51645349764716e-05,Low Revenue / Low Profit
TEC-AC-10000580,Logitech G13 Programmable Gameboard with LCD Display,Technology,Accessories,1039.87,43.194599999999994,14,4,0.1,0.04153846153846154,0.0004526682964345571,High Revenue / Low Profit
TEC-AC-10000682,Kensington K72356US Mouse-in-a-Box USB Desktop Mouse,Technology,Accessories,321.846,106.176,20,6,0.03333333333333333,0.32989690721649484,0.00014010355191925575,High Revenue / High Profit
TEC-AC-10000710,Maxell DVD-RAM Discs,Technology,Accessories,296.64,127.5552,18,3,0.0,0.43,0.00012913106778188334,High Revenue / High Profit
TEC-AC-10000736,Logitech G600 MMO Gaming Mouse,Technology,Accessories,1615.798,540.7324,21,8,0.025,0.3346534653465346,0.0007033768913829272,High Revenue / High Profit
TEC-AC-10000844,Logitech Gaming G510s - Keyboard,Technology,Accessories,2362.7219999999998,676.5204,31,8,0.07500000000000001,0.2863309352517986,0.001028522164009395,High Revenue / High Profit
TEC-AC-10000865,WD My Passport Ultra 500GB Portable External Hard Drive,Technology,Accessories,708.0,120.36,12,4,0.0,0.17,0.0003082011731040096,High Revenue / High Profit
TEC-AC-10000892,NETGEAR N750 Dual Band Wi-Fi Gigabit Router,Technology,Accessories,1890.0,622.8,22,7,0.05714285714285715,0.3295238095238095,0.0008227404197268053,High Revenue / High Profit
TEC-AC-10000926,NETGEAR RangeMax WNR1000 Wireless Router,Technology,Accessories,59.976,11.9952,3,1,0.2,0.2,2.6108295985997286e-05,Low Revenue / Low Profit
TEC-AC-10000927,Anker Ultrathin Bluetooth Wireless Keyboard Aluminum Cover with Stand ,Technology,Accessories,491.836,32.989000000000004,17,4,0.05,0.06707317073170732,0.00021410230533161536,High Revenue / Low Profit
TEC-AC-10000990,Imation Bio 2GB USB Flash Drive Imation Corp,Technology,Accessories,2098.88,881.5296,16,3,0.0,0.42,0.000913668472040316,High Revenue / High Profit
TEC-AC-10000991,Sony Micro Vault Click 8 GB USB 2.0 Flash Drive,Technology,Accessories,582.6759999999999,57.3278,13,4,0.05,0.09838709677419356,0.00025364608296546875,High Revenue / High Profit
TEC-AC-10001013,Logitech ClearChat Comfort/USB Headset H390,Technology,Accessories,533.078,160.2163,19,6,0.06666666666666667,0.30054945054945054,0.00023205545897731527,High Revenue / High Profit
TEC-AC-10001090,Micro Innovations Wireless Classic Keyboard with Mouse,Technology,Accessories,107.964,9.5968,4,2,0.1,0.08888888888888889,4.699806702401312e-05,Low Revenue / Low Profit
TEC-AC-10001101,Sony 16GB Class 10 Micro SDHC R40 Memory Card,Technology,Accessories,190.772,5.155999999999999,16,4,0.1,0.02702702702702702,8.304541553022332e-05,Low Revenue / Low Profit
TEC-AC-10001109,Logitech Trackman Marble Mouse,Technology,Accessories,773.742,286.70439999999996,28,9,0.08888888888888889,0.3705426356589147,0.0003368194803387607,High Revenue / High Profit
TEC-AC-10001114,Microsoft Wireless Mobile Mouse 4000,Technology,Accessories,591.852,183.954,15,4,0.05,0.31081081081081086,0.00025764050946886196,High Revenue / High Profit
TEC-AC-10001142,First Data FD10 PIN Pad,Technology,Accessories,1722.2,15.800000000000004,24,5,0.08,0.009174311926605507,0.0007496950004515895,High Revenue / Low Profit
TEC-AC-10001266,Memorex Micro Travel Drive 8 GB,Technology,Accessories,299.0,113.1,26,8,0.1,0.3782608695652174,0.00013015840502556336,High Revenue / High Profit
TEC-AC-10001267,Imation 32GB Pocket Pro USB 3.0 Flash Drive - 32 GB - Black - 1 P ...,Technology,Accessories,467.21999999999997,143.76,18,5,0.12000000000000002,0.3076923076923077,0.00020338665550516293,High Revenue / High Profit
TEC-AC-10001284,Enermax Briskie RF Wireless Keyboard and Mouse Combo,Technology,Accessories,469.402,150.3748,24,5,0.04,0.32035398230088497,0.00020433650714317558,High Revenue / High Profit
TEC-AC-10001314,Case Logic 2.4GHz Wireless Keyboard,Technology,Accessories,1229.754,-11.997600000000006,27,8,0.07500000000000001,-0.009756097560975615,0.0005353271545612263,High Revenue / Low Profit
TEC-AC-10001383,Logitech Wireless Touch Keyboard K400,Technology,Accessories,364.854,53.7285,15,3,0.06666666666666667,0.14726027397260275,0.00015882546724815016,High Revenue / High Profit
TEC-AC-10001432,Enermax Aurora Lite Keyboard,Technology,Accessories,1641.1499999999999,722.106,21,5,0.0,0.44000000000000006,0.0007144129311294425,High Revenue / High Profit
TEC-AC-10001445,Imation USB 2.0 Swivel Flash Drive USB flash drive - 4 GB - Pink,Technology,Accessories,42.42,8.9082,14,3,0.0,0.21000000000000002,1.8465951642757184e-05,Low Revenue / Low Profit
TEC-AC-10001465,SanDisk Cruzer 64 GB USB Flash Drive,Technology,Accessories,1184.032,319.61600000000004,34,9,0.06666666666666668,0.2699386503067485,0.0005154238014020998,High Revenue / High Profit
TEC-AC-10001539,Logitech G430 Surround Sound Gaming Headset with Dolby 7.1 Technology,Technology,Accessories,1247.844,377.5528,17,4,0.05,0.30256410256410254,0.0005432019557214685,High Revenue / High Profit
TEC-AC-10001542,SanDisk Cruzer 16 GB USB Flash Drive,Technology,Accessories,107.912,14.924,10,3,0.06666666666666667,0.1382978723404255,4.6975430779660854e-05,Low Revenue / Low Profit
TEC-AC-10001552,Logitech K350 2.4Ghz Wireless Keyboard,Technology,Accessories,1154.664,47.2815,25,5,0.08,0.040948275862068964,0.0005026395470917629,High Revenue / High Profit
TEC-AC-10001553,"Memorex 25GB 6X Branded Blu-Ray Recordable Disc, 15/Pack",Technology,Accessories,373.78,24.8054,26,5,0.16,0.06636363636363636,0.0001627110656536959,High Revenue / Low Profit
TEC-AC-10001590,Dell Slim USB Multimedia Keyboard,Technology,Accessories,125.0,30.0,5,2,0.0,0.24,5.441404892373051e-05,Low Revenue / Low Profit
TEC-AC-10001606,Logitech Wireless Performance Mouse MX for PC and Mac,Technology,Accessories,1799.82,497.9502,21,7,0.1142857142857143,0.27666666666666667,0.0007834839482712691,High Revenue / High Profit
TEC-AC-10001635,KeyTronic KT400U2 - Keyboard - Black,Technology,Accessories,148.03199999999998,24.672,15,3,0.06666666666666667,0.16666666666666669,6.444016392222139e-05,Low Revenue / Low Profit
TEC-AC-10001714,Logitech MX Performance Wireless Mouse,Technology,Accessories,789.822,211.8159,23,7,0.1142857142857143,0.2681818181818182,0.0003438193035923094,High Revenue / High Profit
TEC-AC-10001767,SanDisk Ultra 64 GB MicroSDHC Class 10 Memory Card,Technology,Accessories,927.768,37.9905,25,6,0.10000000000000002,0.040948275862068964,0.00040386890673497285,High Revenue / Low Profit
TEC-AC-10001772,Memorex Mini Travel Drive 16 GB USB 2.0 Flash Drive,Technology,Accessories,718.65,280.2735,45,6,0.0,0.39,0.00031283725007231144,High Revenue / High Profit
TEC-AC-10001838,Razer Tiamat Over Ear 7.1 Surround Sound PC Gaming Headset,Technology,Accessories,5119.744000000001,2155.8922000000002,26,7,0.028571428571428574,0.42109375,0.002228688003943806,High Revenue / High Profit
TEC-AC-10001874,Logitech Wireless Anywhere Mouse MX for PC and Mac,Technology,Accessories,551.908,89.985,11,3,0.13333333333333333,0.16304347826086957,0.00024025239130718605,High Revenue / High Profit
TEC-AC-10001908,Logitech Wireless Headset h800,Technology,Accessories,2799.72,719.928,32,6,0.06666666666666667,0.2571428571428572,0.0012187528084219741,High Revenue / High Profit
TEC-AC-10001956,Microsoft Arc Touch Mouse,Technology,Accessories,359.70000000000005,91.124,7,2,0.1,0.2533333333333333,0.00015658186718292693,High Revenue / High Profit
TEC-AC-10001990,Kensington Orbit Wireless Mobile Trackball for PC and Mac,Technology,Accessories,1703.7160000000001,357.5404,33,5,0.16,0.20985915492957744,0.0007416486862091396,High Revenue / High Profit
TEC-AC-10001998,Logitech LS21 Speaker System - PC Multimedia - 2.1-CH - Wired,Technology,Accessories,207.896,62.7686,11,6,0.03333333333333333,0.30192307692307696,9.049970492038301e-05,Low Revenue / High Profit
TEC-AC-10002001,Logitech Wireless Gaming Headset G930,Technology,Accessories,2879.82,763.1523,21,6,0.13333333333333333,0.26499999999999996,0.0012536213309723007,High Revenue / High Profit
TEC-AC-10002006,Memorex Micro Travel Drive 16 GB,Technology,Accessories,556.452,126.1611,39,6,0.08571428571428573,0.2267241379310345,0.0002422304508136615,High Revenue / High Profit
TEC-AC-10002018,AmazonBasics 3-Button USB Wired Mouse,Technology,Accessories,88.074,32.2938,14,5,0.08,0.36666666666666664,3.8339703559269126e-05,Low Revenue / Low Profit
TEC-AC-10002049,Logitech G19 Programmable Gaming Keyboard,Technology,Accessories,4389.246,729.0612,36,8,0.025,0.16610169491525423,0.0019106931726583076,High Revenue / High Profit
TEC-AC-10002049,Plantronics Savi W720 Multi-Device Wireless Headset System,Technology,Accessories,9367.289999999999,3696.2819999999997,24,7,0.05714285714285715,0.3945945945945946,0.004077697410742172,High Revenue / High Profit
TEC-AC-10002076,Microsoft Natural Keyboard Elite,Technology,Accessories,1497.0,20.957999999999995,29,4,0.15000000000000002,0.013999999999999997,0.0006516626499105966,High Revenue / Low Profit
TEC-AC-10002134,Rosewill 107 Normal Keys USB Wired Standard Keyboard,Technology,Accessories,105.14399999999999,0.8087999999999997,9,3,0.06666666666666667,0.00769230769230769,4.5770486080293756e-05,Low Revenue / Low Profit
TEC-AC-10002167,Imation 8gb Micro Traveldrive Usb 2.0 Flash Drive,Technology,Accessories,357.0,23.25,25,8,0.07500000000000001,0.06512605042016807,0.00015540652372617432,High Revenue / Low Profit
TEC-AC-10002217,Imation Clip USB flash drive - 8 GB,Technology,Accessories,443.68,1.88,25,7,0.08571428571428573,0.00423728813559322,0.00019313940181184603,High Revenue / Low Profit
TEC-AC-10002253,Imation Bio 8GB USB Flash Drive Imation Corp,Technology,Accessories,2659.84,398.976,16,4,0.0,0.15,0.0011578613111143628,High Revenue / High Profit
TEC-AC-10002305,KeyTronic E03601U1 - Keyboard - Beige,Technology,Accessories,324.0,58.32,18,6,0.0,0.18,0.00014104121481030947,High Revenue / High Profit
TEC-AC-10002323,SanDisk Ultra 32 GB MicroSDHC Class 10 Memory Card,Technology,Accessories,884.0,38.012,44,11,0.10909090909090911,0.043000000000000003,0.00038481615398862216,High Revenue / Low Profit
TEC-AC-10002331,"Maxell 74 Minute CDR, 10/Pack",Technology,Accessories,232.764,72.5676,26,5,0.08,0.31176470588235294,0.00010132505346946567,Low Revenue / High Profit
TEC-AC-10002335,Logitech Media Keyboard K200,Technology,Accessories,503.856,50.3856,16,4,0.1,0.09999999999999999,0.00021933476027612126,High Revenue / High Profit
TEC-AC-10002345,HP Standard 104 key PS/2 Keyboard,Technology,Accessories,275.5,58.0,20,6,0.06666666666666667,0.21052631578947367,0.00011992856382790203,Low Revenue / High Profit
TEC-AC-10002370,Maxell CD-R Discs,Technology,Accessories,15.76,3.7036,9,3,0.13333333333333333,0.235,6.860523288303942e-06,Low Revenue / Low Profit
TEC-AC-10002380,Sony 8GB Class 10 Micro SDHC R40 Memory Card,Technology,Accessories,27.192,0.3399,3,1,0.2,0.012499999999999999,1.183701454667264e-05,Low Revenue / Low Profit
TEC-AC-10002399,SanDisk Cruzer 32 GB USB Flash Drive,Technology,Accessories,361.38,102.708,20,6,0.06666666666666667,0.28421052631578947,0.00015731319200046185,High Revenue / High Profit
TEC-AC-10002402,Razer Kraken PRO Over Ear PC and Music Headset,Technology,Accessories,2159.73,479.94,30,8,0.1,0.2222222222222222,0.000940157231056388,High Revenue / High Profit
TEC-AC-10002473,Maxell 4.7GB DVD-R,Technology,Accessories,1231.692,411.2262,49,11,0.1272727272727273,0.3338709677419355,0.0005361707899757398,High Revenue / High Profit
TEC-AC-10002550,Maxell 4.7GB DVD-RW 3/Pack,Technology,Accessories,146.55599999999998,41.418,10,4,0.1,0.28260869565217395,6.379764283252998e-05,Low Revenue / Low Profit
TEC-AC-10002550,"Memorex 25GB 6X Branded Blu-Ray Recordable Disc, 30/Pack",Technology,Accessories,472.86,-32.2695,17,4,0.1,-0.06824324324324324,0.00020584181739260167,High Revenue / Low Profit
TEC-AC-10002558,Imation Swivel Flash Drive USB flash drive - 8 GB,Technology,Accessories,54.57599999999999,17.6235,5,2,0.1,0.3229166666666667,2.3757609072492128e-05,Low Revenue / Low Profit
TEC-AC-10002567,Logitech G602 Wireless Gaming Mouse,Technology,Accessories,1999.75,515.1356000000001,29,9,0.1111111111111111,0.25760000000000005,0.0008705159546818406,High Revenue / High Profit
TEC-AC-10002600,Belkin QODE FastFit Bluetooth Keyboard,Technology,Accessories,495.6,16.107,9,2,0.1,0.032499999999999994,0.00021574082117280672,High Revenue / Low Profit
TEC-AC-10002637,Logitech VX Revolution Cordless Laser Mouse for Notebooks (Black),Technology,Accessories,3743.7920000000004,21.598799999999997,22,5,0.08,0.005769230769230768,0.0016297190483861672,High Revenue / Low Profit
TEC-AC-10002647,"Logitech Wireless Boombox Speaker - portable - wireless, wired",Technology,Accessories,383.04,148.96,4,2,0.1,0.3888888888888889,0.00016674205839796588,High Revenue / High Profit
TEC-AC-10002718,Belkin Standard 104 key USB Keyboard,Technology,Accessories,265.538,5.1065000000000005,21,6,0.16666666666666666,0.019230769230769232,0.00011559198178487642,Low Revenue / Low Profit
TEC-AC-10002800,Plantronics Audio 478 Stereo USB Headset,Technology,Accessories,1619.676,514.897,34,9,0.06666666666666668,0.31790123456790126,0.0007050650328367371,High Revenue / High Profit
TEC-AC-10002842,WD My Passport Ultra 2TB Portable External Hard Drive,Technology,Accessories,3998.4,499.8,35,8,0.025,0.125,0.0017405530657331526,High Revenue / High Profit
TEC-AC-10002857,"Verbatim 25 GB 6x Blu-ray Single Layer Recordable Disc, 1/Pack",Technology,Accessories,83.44,11.473,14,3,0.20000000000000004,0.1375,3.6322465937568586e-05,Low Revenue / Low Profit
TEC-AC-10002926,Logitech Wireless Marathon Mouse M705,Technology,Accessories,1409.718,554.889,30,8,0.05,0.39361702127659576,0.0006136677137653082,High Revenue / High Profit
TEC-AC-10002942,WD My Passport Ultra 1TB Portable External Hard Drive,Technology,Accessories,1007.4,33.81,17,6,0.16666666666666666,0.03356164383561644,0.0004385337030861289,High Revenue / Low Profit
TEC-AC-10003023,Logitech G105 Gaming Keyboard,Technology,Accessories,759.936,78.36840000000001,14,5,0.12000000000000002,0.10312500000000001,0.00033080955746323253,High Revenue / High Profit
TEC-AC-10003027,Imation 8GB Mini TravelDrive USB 2.0 Flash Drive,Technology,Accessories,350.20399999999995,8.7551,13,3,0.06666666666666667,0.025000000000000005,0.00015244814071428892,High Revenue / Low Profit
TEC-AC-10003033,Plantronics CS510 - Over-the-Head monaural Wireless Headset System,Technology,Accessories,10822.36,3085.0325000000003,35,10,0.08,0.28506097560975613,0.004711107412081793,High Revenue / High Profit
TEC-AC-10003038,Kingston Digital DataTraveler 16GB USB 2.0,Technology,Accessories,477.93,64.7085,57,13,0.06153846153846154,0.13539325842696628,0.00020804885121694818,High Revenue / High Profit
TEC-AC-10003063,Micro Innovations USB RF Wireless Keyboard with Mouse,Technology,Accessories,440.0,84.5,18,6,0.03333333333333333,0.19204545454545455,0.00019153745221153138,High Revenue / High Profit
TEC-AC-10003095,Logitech G35 7.1-Channel Surround Sound Headset,Technology,Accessories,2157.8340000000003,699.3462,17,6,0.03333333333333333,0.32409638554216863,0.0009393318787623129,High Revenue / High Profit
TEC-AC-10003116,Memorex Froggy Flash Drive 8 GB,Technology,Accessories,536.05,189.57,32,8,0.07500000000000001,0.3536423841059603,0.0002333492074045259,High Revenue / High Profit
TEC-AC-10003133,Memorex Mini Travel Drive 4 GB USB 2.0 Flash Drive,Technology,Accessories,13.616,3.5742,2,1,0.2,0.2625,5.927213521164117e-06,Low Revenue / Low Profit
TEC-AC-10003174,Plantronics S12 Corded Telephone Headset System,Technology,Accessories,2242.032,754.5300000000001,23,6,0.10000000000000002,0.33653846153846156,0.0009759843114925549,High Revenue / High Profit
TEC-AC-10003198,Enermax Acrylux Wireless Keyboard,Technology,Accessories,2450.16,630.468,29,6,0.10000000000000002,0.2573170731707317,0.0010665850088877403,High Revenue / High Profit
TEC-AC-10003237,Memorex Micro Travel Drive 4 GB,Technology,Accessories,103.88,37.418,11,3,0.06666666666666667,0.36020408163265305,4.5220251217577e-05,Low Revenue / Low Profit
TEC-AC-10003280,Belkin F8E887 USB Wired Ergonomic Keyboard,Technology,Accessories,563.812,66.2779,21,8,0.1,0.1175531914893617,0.00024543435001429077,High Revenue / High Profit
TEC-AC-10003289,Anker Ultra-Slim Mini Bluetooth 3.0 Wireless Keyboard,Technology,Accessories,499.75,99.55019999999999,26,5,0.08,0.1992,0.00021754736759707456,High Revenue / High Profit
TEC-AC-10003399,Memorex Mini Travel Drive 64 GB USB 2.0 Flash Drive,Technology,Accessories,543.6,228.312,15,6,0.0,0.42,0.00023663581595951923,High Revenue / High Profit
TEC-AC-10003433,Maxell 4.7GB DVD+R 5/Pack,Technology,Accessories,11.682,4.6035,13,5,0.08,0.3940677966101695,5.085319356216158e-06,Low Revenue / Low Profit
TEC-AC-10003441,Kingston Digital DataTraveler 32GB USB 2.0,Technology,Accessories,355.95,5.4239999999999995,22,7,0.05714285714285715,0.015238095238095236,0.000154949445715215,High Revenue / Low Profit
TEC-AC-10003447,Micropad Numeric Keypads,Technology,Accessories,291.85400000000004,66.9665,15,4,0.05,0.2294520547945205,0.00012704766267669157,High Revenue / High Profit
TEC-AC-10003499,Memorex Mini Travel Drive 8 GB USB 2.0 Flash Drive,Technology,Accessories,194.54399999999998,53.268,20,5,0.16,0.27380952380952384,8.468741387054581e-05,Low Revenue / High Profit
TEC-AC-10003590,"TRENDnet 56K USB 2.0 Phone, Internet and Fax Modem",Technology,Accessories,626.538,212.298,25,5,0.08,0.33884297520661155,0.0002727397550766101,High Revenue / High Profit
TEC-AC-10003610,Logitech Illuminated - Keyboard,Technology,Accessories,1139.81,515.914,20,6,0.03333333333333333,0.45263157894736844,0.0004961734168300581,High Revenue / High Profit
TEC-AC-10003614,"Verbatim 25 GB 6x Blu-ray Single Layer Recordable Disc, 10/Pack",Technology,Accessories,150.67000000000002,41.955799999999996,14,5,0.08,0.2784615384615384,6.558851801070781e-05,Low Revenue / Low Profit
TEC-AC-10003628,Logitech 910-002974 M325 Wireless Mouse for Web Scrolling,Technology,Accessories,1409.53,536.2212000000001,52,15,0.09333333333333334,0.38042553191489364,0.0006135858750357269,High Revenue / High Profit
TEC-AC-10003657,Lenovo 17-Key USB Numeric Keypad,Technology,Accessories,367.092,22.433400000000002,13,5,0.16,0.06111111111111112,0.00015979969638008063,High Revenue / Low Profit
TEC-AC-10003709,Maxell 4.7GB DVD-R 5/Pack,Technology,Accessories,19.008,7.3656,21,5,0.08,0.3875,8.274417935538156e-06,Low Revenue / Low Profit
TEC-AC-10003832,Imation 16GB Mini TravelDrive USB 2.0 Flash Drive,Technology,Accessories,1007.152,342.56419999999997,34,9,0.08888888888888889,0.3401315789473684,0.00043842574561306423,High Revenue / High Profit
TEC-AC-10003832,Logitech P710e Mobile Speakerphone,Technology,Accessories,10196.604,1645.3611,41,9,0.06666666666666668,0.16136363636363638,0.004438708071295249,High Revenue / High Profit
TEC-AC-10003870,Logitech Z-906 Speaker sys - home theater - 5.1-CH,Technology,Accessories,5609.83,2243.932,17,4,0.0,0.39999999999999997,0.002442028512590489,High Revenue / High Profit
TEC-AC-10003911,NETGEAR AC1750 Dual Band Gigabit Smart WiFi Router,Technology,Accessories,2623.8360000000002,723.1548,18,5,0.04,0.27560975609756094,0.001142188323774763,High Revenue / High Profit
TEC-AC-10004001,Logitech Wireless Headset H600 Over-The-Head Design,Technology,Accessories,386.90999999999997,133.269,10,2,0.1,0.3444444444444445,0.00016842671735264455,High Revenue / High Profit
TEC-AC-10004114,KeyTronic 6101 Series - Keyboard - Black,Technology,Accessories,360.712,127.06899999999999,10,2,0.1,0.35227272727272724,0.00015702240332301343,High Revenue / High Profit
TEC-AC-10004127,SanDisk Cruzer 8 GB USB Flash Drive,Technology,Accessories,27.168,-1.3584,4,1,0.2,-0.05,1.1826567049279283e-05,Low Revenue / Low Profit
TEC-AC-10004145,Logitech diNovo Edge Keyboard,Technology,Accessories,7399.704,1432.4427,31,5,0.04,0.1935810810810811,0.0032211828438169945,High Revenue / High Profit
TEC-AC-10004171,Razer Kraken 7.1 Surround Sound Over Ear USB Gaming Headset,Technology,Accessories,2619.738,995.9004,29,6,0.06666666666666667,0.3801526717557252,0.0011404044135948472,High Revenue / High Profit
TEC-AC-10004209,Memorex Froggy Flash Drive 4 GB,Technology,Accessories,136.276,42.4214,14,5,0.08,0.31129032258064515,5.932263144904239e-05,Low Revenue / Low Profit
TEC-AC-10004227,SanDisk Ultra 16 GB MicroSDHC Class 10 Memory Card,Technology,Accessories,329.946,-48.5826,31,7,0.14285714285714285,-0.14724409448818895,0.0001436295822895135,High Revenue / Low Profit
TEC-AC-10004353,Hypercom P1300 Pinpad,Technology,Accessories,1108.8,275.31,21,7,0.17142857142857146,0.24829545454545457,0.00048267437957305907,High Revenue / High Profit
TEC-AC-10004396,Logitech Keyboard K120,Technology,Accessories,174.24,-19.602,12,3,0.20000000000000004,-0.1125,7.584883107576643e-05,Low Revenue / Low Profit
TEC-AC-10004420,Cherry 142-key Programmable Keyboard,Technology,Accessories,479.72,52.7692,4,1,0.0,0.10999999999999999,0.000208828060397536,High Revenue / High Profit
TEC-AC-10004469,Microsoft Sculpt Comfort Mouse,Technology,Accessories,1574.03,634.406,42,10,0.06000000000000001,0.40304568527918777,0.0006851947634193562,High Revenue / High Profit
TEC-AC-10004510,Logitech Desktop MK120 Mouse and keyboard Combo,Technology,Accessories,778.736,42.536,50,12,0.06666666666666667,0.0546218487394958,0.0003389934304213616,High Revenue / Low Profit
TEC-AC-10004518,Memorex Mini Travel Drive 32 GB USB 2.0 Flash Drive,Technology,Accessories,280.0,109.19999999999999,14,2,0.0,0.38999999999999996,0.00012188746958915633,Low Revenue / High Profit
TEC-AC-10004568,Maxell LTO Ultrium - 800 GB,Technology,Accessories,1086.012,156.4641,41,8,0.07500000000000001,0.14407216494845362,0.0004727544807980673,High Revenue / High Profit
TEC-AC-10004571,Logitech G700s Rechargeable Gaming Mouse,Technology,Accessories,2339.766,889.9110000000001,25,9,0.08888888888888889,0.3803418803418804,0.0010185291327526498,High Revenue / High Profit
TEC-AC-10004595,First Data TMFD35 PIN Pad,Technology,Accessories,571.2,119.952,4,2,0.0,0.21,0.00024865043796187895,High Revenue / High Profit
TEC-AC-10004633,"Verbatim 25 GB 6x Blu-ray Single Layer Recordable Disc, 3/Pack",Technology,Accessories,184.536,67.104,30,6,0.10000000000000002,0.36363636363636365,8.033080745751627e-05,Low Revenue / High Profit
TEC-AC-10004659,Imation Secure+ Hardware Encrypted USB 2.0 Flash Drive; 16GB,Technology,Accessories,1926.9360000000001,408.744,32,5,0.16666666666666666,0.21212121212121213,0.0008388191182151806,High Revenue / High Profit
TEC-AC-10004666,Maxell iVDR EX 500GB Cartridge,Technology,Accessories,2755.4,1184.8220000000001,10,2,0.0,0.43000000000000005,0.0011994597632355762,High Revenue / High Profit
TEC-AC-10004708,Sony 32GB Class 10 Micro SDHC R40 Memory Card,Technology,Accessories,251.4,52.794,12,4,0.0,0.21,0.0001094375351954068,Low Revenue / High Profit
TEC-AC-10004761,Maxell 4.7GB DVD+RW 3/Pack,Technology,Accessories,264.438,88.4115,17,4,0.05,0.3343373493975904,0.00011511313815434757,Low Revenue / High Profit
TEC-AC-10004803,Sony Micro Vault Click 4 GB USB 2.0 Flash Drive,Technology,Accessories,250.92000000000002,35.1288,18,3,0.0,0.13999999999999999,0.00010922858524753967,Low Revenue / Low Profit
TEC-AC-10004814,Logitech Illuminated Ultrathin Keyboard with Backlighting,Technology,Accessories,170.97,70.0977,3,1,0.0,0.41000000000000003,7.442535955592164e-05,Low Revenue / High Profit
TEC-AC-10004855,V7 USB Numeric Keypad,Technology,Accessories,461.868,-58.7832,16,4,0.15000000000000002,-0.1272727272727273,0.00020105686358644448,High Revenue / Low Profit
TEC-AC-10004859,"Maxell Pro 80 Minute CD-R, 10/Pack",Technology,Accessories,374.072,122.36,24,4,0.1,0.32710280373831774,0.00016283817687198174,High Revenue / High Profit
TEC-AC-10004864,Memorex Micro Travel Drive 32 GB,Technology,Accessories,379.70399999999995,129.97560000000001,12,5,0.12000000000000002,0.34230769230769237,0.0001652898562602893,High Revenue / High Profit
TEC-AC-10004877,Imation 30456 USB Flash Drive 8GB,Technology,Accessories,154.56,8.556,23,5,0.04,0.05535714285714285,6.72818832132143e-05,Low Revenue / Low Profit
TEC-AC-10004901,Kensington SlimBlade Notebook Wireless Mouse with Nano Receiver ,Technology,Accessories,549.89,120.9758,13,4,0.15000000000000002,0.22000000000000003,0.00023937393090136134,High Revenue / High Profit
TEC-AC-10004975,Plantronics Audio 995 Wireless Stereo Headset,Technology,Accessories,1913.13,587.1329999999999,18,4,0.05,0.3068965517241379,0.0008328091953396524,High Revenue / High Profit
TEC-AC-10004992,Kingston Digital DataTraveler 64GB USB 2.0,Technology,Accessories,202.68,16.2144,6,2,0.0,0.08,8.822911548689359e-05,Low Revenue / Low Profit
TEC-CO-10000971,Hewlett Packard 310 Color Digital Copier,Technology,Copiers,4199.86,839.972,16,6,0.13333333333333333,0.2,0.0018282511001025503,High Revenue / High Profit
TEC-CO-10001046,Canon Imageclass D680 Copier / Fax,Technology,Copiers,8959.872,2799.96,16,5,0.2,0.3125,0.0039003433068669044,High Revenue / High Profit
TEC-CO-10001449,Hewlett Packard LaserJet 3310 Copier,Technology,Copiers,18839.686,6983.8836,38,8,0.2,0.37070063694267513,0.008201148765693765,High Revenue / High Profit
TEC-CO-10001571,Sharp 1540cs Digital Laser Copier,Technology,Copiers,4399.92,1649.97,10,7,0.17142857142857146,0.375,0.0019153396971240027,High Revenue / High Profit
TEC-CO-10001766,Canon PC940 Copier,Technology,Copiers,5669.874,2092.4535,15,3,0.20000000000000004,0.36904761904761907,0.0024681664098191005,High Revenue / High Profit
TEC-CO-10001943,Canon PC-428 Personal Copier,Technology,Copiers,4119.794,1469.9265,25,6,0.20000000000000004,0.3567961165048544,0.001793397378173531,High Revenue / High Profit
TEC-CO-10002095,Hewlett Packard 610 Color Digital Copier / Printer,Technology,Copiers,8899.822,3124.9375,21,7,0.14285714285714285,0.35112359550561795,0.003874202797763945,High Revenue / High Profit
TEC-CO-10002313,Canon PC1080F Personal Copier,Technology,Copiers,5999.9,1973.9670999999998,11,4,0.05,0.329,0.0026118308170999254,High Revenue / High Profit
TEC-CO-10003236,Canon Image Class D660 Copier,Technology,Copiers,3959.9339999999997,1691.9718,7,2,0.1,0.4272727272727273,0.0017238083392859505,High Revenue / High Profit
TEC-CO-10003763,Canon PC1060 Personal Laser Copier,Technology,Copiers,11619.833999999999,4570.9347,19,4,0.15000000000000002,0.39337349397590365,0.0050582577260930165,High Revenue / High Profit
TEC-CO-10004115,Sharp AL-1530CS Digital Copier,Technology,Copiers,6399.872,2064.9587,17,4,0.25,0.32265625000000003,0.0027859435849089042,High Revenue / High Profit
TEC-CO-10004202,Brother DCP1000 Digital 3 in 1 Multifunction Machine,Technology,Copiers,4859.838,1154.9615000000001,19,7,0.14285714285714285,0.23765432098765435,0.0021155477015472367,High Revenue / High Profit
TEC-CO-10004722,Canon imageCLASS 2200 Advanced Copier,Technology,Copiers,61599.824,25199.928,20,5,0.12000000000000002,0.40909090909090906,0.02681516669463351,High Revenue / High Profit
TEC-MA-10000010,Hewlett-Packard Deskjet 3050a All-in-One Color Inkjet Printer,Technology,Machines,3040.0,1459.2,8,1,0.0,0.48000000000000004,0.0013233496698251258,High Revenue / High Profit
TEC-MA-10000029,"Epson WorkForce WF-2530 All-in-One Printer, Copier Scanner",Technology,Machines,279.96,120.3828,4,2,0.0,0.43000000000000005,0.00012187005709350073,Low Revenue / High Profit
TEC-MA-10000045,Zebra ZM400 Thermal Label Printer,Technology,Machines,6965.700000000001,3343.536,6,2,0.0,0.48,0.003032255524704237,High Revenue / High Profit
TEC-MA-10000112,Panasonic KX MB2061 Multifunction Printer,Technology,Machines,2396.4,179.73,10,1,0.2,0.075,0.0010431826147266224,High Revenue / High Profit
TEC-MA-10000418,Cubify CubeX 3D Printer Double Head Print,Technology,Machines,11099.963,-8879.9704,9,3,0.5333333333333333,-0.8,0.004831951437868787,High Revenue / Low Profit
TEC-MA-10000423,Texas Instruments TI-34 Scientific Calculator,Technology,Machines,204.507,64.6506,12,3,0.2333333333333333,0.3161290322580645,8.902443122596284e-05,Low Revenue / High Profit
TEC-MA-10000488,Bady BDG101FRU Card Printer,Technology,Machines,9279.884,1327.9834,14,4,0.2,0.14310344827586208,0.004039648495860352,High Revenue / High Profit
TEC-MA-10000597,Lexmark S315 Color Inkjet Printer,Technology,Machines,299.97,34.996500000000005,5,2,0.44999999999999996,0.11666666666666667,0.00013058065804521154,High Revenue / Low Profit
TEC-MA-10000752,Texas Instrument TI-15 Fraction Calculator,Technology,Machines,41.905,-20.519,8,2,0.44999999999999996,-0.489655172413793,1.8241765761191416e-05,Low Revenue / Low Profit
TEC-MA-10000822,Lexmark MX611dhe Monochrome Laser Printer,Technology,Machines,16829.901,-4589.973,18,4,0.4,-0.2727272727272727,0.007326264451164329,High Revenue / Low Profit
TEC-MA-10000864,Cisco 9971 IP Video Phone Charcoal,Technology,Machines,4268.0,466.4,16,2,0.35,0.10927835051546392,0.0018579132864518545,High Revenue / High Profit
TEC-MA-10000904,"Brother MFC-9340CDW LED All-In-One Printer, Copier Scanner",Technology,Machines,341.991,-319.1916,3,1,0.7,-0.9333333333333333,0.00014887292004380414,High Revenue / Low Profit
TEC-MA-10000984,Okidata MB760 Printer,Technology,Machines,7834.4,881.37,7,2,0.2,0.1125,0.003410411399104594,High Revenue / High Profit
TEC-MA-10001016,Canon PC170 Desktop Personal Copier,Technology,Machines,575.82,67.179,6,2,0.4,0.11666666666666665,0.0002506615812101,High Revenue / High Profit
TEC-MA-10001031,Socket Bluetooth Cordless Hand Scanner (CHS),Technology,Machines,506.28,177.198,3,1,0.2,0.35000000000000003,0.00022038995751285024,High Revenue / High Profit
TEC-MA-10001047,"3D Systems Cube Printer, 2nd Generation, Magenta",Technology,Machines,14299.89,3717.9714000000004,11,2,0.0,0.26,0.006224919312511717,High Revenue / High Profit
TEC-MA-10001127,"HP Designjet T520 Inkjet Large Format Printer - 24"" Color",Technology,Machines,18374.895,4094.9766,12,3,0.16666666666666666,0.22285714285714284,0.007998819483987289,High Revenue / High Profit
TEC-MA-10001148,Okidata MB491 Multifunction Printer,Technology,Machines,2844.2999999999997,-434.13,9,2,0.44999999999999996,-0.15263157894736842,0.0012381590348301333,High Revenue / Low Profit
TEC-MA-10001148,Swingline SM12-08 MicroCut Jam Free Shredder,Technology,Machines,2359.9410000000003,-447.9888,13,3,0.5333333333333333,-0.18983050847457625,0.00102731156024894,High Revenue / Low Profit
TEC-MA-10001570,Cisco Desktop Collaboration Experience DX650 IP Video Phone,Technology,Machines,385.8,130.2075,5,1,0.2,0.3375,0.00016794352059820185,High Revenue / High Profit
TEC-MA-10001681,Lexmark MarkNet N8150 Wireless Print Server,Technology,Machines,723.51,-506.457,6,2,0.7,-0.7,0.0003149528682944661,High Revenue / Low Profit
TEC-MA-10001695,Zebra GK420t Direct Thermal/Thermal Transfer Printer,Technology,Machines,703.71,-938.28,6,1,0.7,-1.3333333333333333,0.00030633368294494717,High Revenue / Low Profit
TEC-MA-10001856,Okidata C610n Printer,Technology,Machines,649.0,-272.58,2,1,0.5,-0.42,0.0002825177420120088,High Revenue / Low Profit
TEC-MA-10001972,Okidata C331dn Printer,Technology,Machines,3210.8,111.68,12,5,0.24000000000000005,0.034782608695652174,0.0013977010262745113,High Revenue / High Profit
TEC-MA-10002073,"3D Systems Cube Printer, 2nd Generation, White",Technology,Machines,2339.982,-467.9964,3,2,0.35,-0.2,0.0010186231602291901,High Revenue / Low Profit
TEC-MA-10002109,"HP Officejet Pro 8600 e-All-In-One Printer, Copier, Scanner, Fax",Technology,Machines,449.97,47.9968,4,2,0.25,0.10666666666666666,0.00019587751675368813,High Revenue / High Profit
TEC-MA-10002178,Cisco CP-7937G Unified IP Conference Station Phone,Technology,Machines,1391.4,-55.656,4,2,0.5,-0.039999999999999994,0.0006056936613798291,High Revenue / Low Profit
TEC-MA-10002210,Epson TM-T88V Direct Thermal Printer - Monochrome - Desktop,Technology,Machines,1212.705,-1057.23,10,2,0.55,-0.8717948717948719,0.0005279055136004208,High Revenue / Low Profit
TEC-MA-10002412,Cisco TelePresence System EX90 Videoconferencing Unit,Technology,Machines,22638.48,-1811.0784,6,1,0.5,-0.08,0.009854810866231157,High Revenue / Low Profit
TEC-MA-10002428,Fellowes Powershred HS-440 4-Sheet High Security Shredder,Technology,Machines,2541.8360000000002,1092.6795,17,3,0.06666666666666667,0.42987804878048774,0.0011064927076807958,High Revenue / High Profit
TEC-MA-10002694,Hewlett-Packard Deskjet F4180 All-in-One Color Ink-jet - Printer / copier / scanner,Technology,Machines,101.994,-71.3958,2,1,0.7,-0.7,4.4399252047415755e-05,Low Revenue / Low Profit
TEC-MA-10002790,NeatDesk Desktop Scanner & Digital Filing System,Technology,Machines,479.988,55.9986,2,1,0.4,0.11666666666666667,0.00020894472411842846,High Revenue / High Profit
TEC-MA-10002859,Ativa MDM8000 8-Sheet Micro-Cut Shredder,Technology,Machines,917.8979999999999,393.2563,11,2,0.1,0.42843137254901964,0.00039957237343195507,High Revenue / High Profit
TEC-MA-10002927,Canon imageCLASS MF7460 Monochrome Digital Laser Multifunction Copier,Technology,Machines,3991.98,1995.99,2,1,0.0,0.5,0.0017377583601804296,High Revenue / High Profit
TEC-MA-10002930,Ricoh - Ink Collector Unit for GX3000 Series Printers,Technology,Machines,465.64500000000004,36.916,14,3,0.3,0.07927927927927926,0.00020270103848872396,High Revenue / Low Profit
TEC-MA-10002937,"Canon Color ImageCLASS MF8580Cdw Wireless Laser All-In-One Printer, Copier, Scanner",Technology,Machines,1007.979,43.1991,3,1,0.3,0.04285714285714286,0.00043878574896074365,High Revenue / Low Profit
TEC-MA-10002981,I.R.I.S IRISCard Anywhere 5 Card Scanner,Technology,Machines,350.973,152.0883,3,1,0.1,0.43333333333333335,0.00015278289594326775,High Revenue / High Profit
TEC-MA-10003066,Wasp CCD Handheld Bar Code Reader,Technology,Machines,336.51,44.868,3,1,0.4,0.13333333333333333,0.0001464869728265964,High Revenue / High Profit
TEC-MA-10003173,Hewlett-Packard 300S Scientific Calculator,Technology,Machines,131.1,60.306,10,2,0.0,0.46,5.7069454511208555e-05,Low Revenue / High Profit
TEC-MA-10003176,Okidata B400 Printer,Technology,Machines,1029.6,115.83,3,2,0.2,0.1125,0.0004481976381749834,High Revenue / High Profit
TEC-MA-10003183,DYMO CardScan Personal V9 Business Card Scanner,Technology,Machines,1343.9160000000002,463.971,11,3,0.3,0.3452380952380952,0.0005850232877870737,High Revenue / High Profit
TEC-MA-10003230,Okidata C610n Printer,Technology,Machines,1362.9,-19.47,3,1,0.3,-0.014285714285714284,0.0005932872582252185,High Revenue / Low Profit
TEC-MA-10003246,Hewlett-Packard Deskjet D4360 Printer,Technology,Machines,447.968,139.99,4,1,0.2,0.3125,0.00019500602134612567,High Revenue / High Profit
TEC-MA-10003329,"Vtech AT&T CL2940 Corded Speakerphone, Black",Technology,Machines,71.976,24.2919,3,1,0.2,0.33749999999999997,3.133204468267542e-05,Low Revenue / Low Profit
TEC-MA-10003337,Okidata B401 Printer,Technology,Machines,179.991,-251.9874,3,1,0.7,-1.4,7.835231263864942e-05,Low Revenue / Low Profit
TEC-MA-10003353,Xerox WorkCentre 6505DN Laser Multifunction Printer,Technology,Machines,2519.958,-251.9958,7,1,0.4,-0.09999999999999999,0.0010969689431819688,High Revenue / Low Profit
TEC-MA-10003356,Panasonic KX MC6040 Color Laser Multifunction Printer,Technology,Machines,1619.82,-22.497500000000002,5,2,0.35,-0.013888888888888892,0.0007051277178210972,High Revenue / Low Profit
TEC-MA-10003493,Penpower WorldCard Pro Card Scanner,Technology,Machines,91.475,-1.8295,1,1,0.5,-0.02,3.982020100238598e-05,Low Revenue / Low Profit
TEC-MA-10003589,Cisco 8961 IP Phone Charcoal,Technology,Machines,224.937,-164.9538,3,1,0.7,-0.7333333333333333,9.791786338205735e-05,Low Revenue / Low Profit
TEC-MA-10003626,Hewlett-Packard Deskjet 6540 Color Inkjet Printer,Technology,Machines,1396.21,139.621,6,2,0.4,0.1,0.0006077875139824142,High Revenue / High Profit
TEC-MA-10003673,Hewlett-Packard Desktjet 6988DT Refurbished Printer,Technology,Machines,3404.5,1668.205,5,1,0.0,0.49,0.001482021036486724,High Revenue / High Profit
TEC-MA-10003674,Hewlett-Packard Deskjet 5550 Printer,Technology,Machines,597.132,49.761,3,1,0.4,0.08333333333333334,0.00025993895889540034,High Revenue / High Profit
TEC-MA-10003979,Ativa V4110MDD Micro-Cut Shredder,Technology,Machines,7699.89,3772.9461,11,2,0.0,0.49,0.0033518575293387466,High Revenue / High Profit
TEC-MA-10004002,Zebra GX420t Direct Thermal/Thermal Transfer Printer,Technology,Machines,5787.355,509.712,14,3,0.3,0.08807339449541285,0.0025193073448719705,High Revenue / High Profit
TEC-MA-10004086,Plantronics Single Ear Headset,Technology,Machines,29.925,-21.945,5,1,0.7,-0.7333333333333333,1.3026723312341083e-05,Low Revenue / Low Profit
TEC-MA-10004125,Cubify CubeX 3D Printer Triple Head Print,Technology,Machines,7999.98,-3839.9904,4,1,0.5,-0.48000000000000004,0.0034824904248709244,High Revenue / Low Profit
TEC-MA-10004212,Cisco SPA525G2 5-Line IP Phone,Technology,Machines,1379.92,648.5624,8,1,0.0,0.47,0.0006006962751266737,High Revenue / High Profit
TEC-MA-10004241,Star Micronics TSP800 TSP847IIU Receipt Printer,Technology,Machines,1286.85,360.318,4,2,0.25,0.28,0.0005601817508600207,High Revenue / High Profit
TEC-MA-10004255,Konica Minolta magicolor 1690MF Multifunction Printer,Technology,Machines,319.92,118.3704,8,1,0.0,0.37,0.00013926514025343892,High Revenue / High Profit
TEC-MA-10004458,Lexmark X 9575 Professional All-in-One Color Printer,Technology,Machines,396.0,190.08,4,1,0.0,0.48000000000000004,0.00017238370699037823,High Revenue / High Profit
TEC-MA-10004521,Epson Perfection V600 Photo Scanner,Technology,Machines,206.991,-172.4925,3,1,0.7,-0.8333333333333333,9.010574720617522e-05,Low Revenue / Low Profit
TEC-MA-10004552,Star Micronics TSP100 TSP143LAN Receipt Printer,Technology,Machines,1035.8,269.308,4,1,0.0,0.26,0.0004508965750016005,High Revenue / High Profit
TEC-MA-10004626,Lexmark 20R1285 X6650 Wireless All-in-One Printer,Technology,Machines,600.0,218.4,6,2,0.25,0.364,0.0002611874348339064,High Revenue / High Profit
TEC-MA-10004679,StarTech.com 10/100 VDSL2 Ethernet Extender Kit,Technology,Machines,2330.65,-785.7620000000001,13,4,0.425,-0.33714285714285713,0.00101456082499274,High Revenue / Low Profit
TEC-PH-10000004,Belkin iPhone and iPad Lightning Cable,Technology,Phones,83.944,6.2958,7,2,0.2,0.075,3.654186338282907e-05,Low Revenue / Low Profit
TEC-PH-10000011,PureGear Roll-On Screen Protector,Technology,Phones,571.7139999999999,218.2908,34,5,0.16,0.38181818181818183,0.0002488741885310533,High Revenue / High Profit
TEC-PH-10000038,Jawbone MINI JAMBOX Wireless Bluetooth Speaker,Technology,Phones,2027.304,-339.7104,18,5,0.16,-0.16756756756756755,0.0008825105523141964,High Revenue / Low Profit
TEC-PH-10000127,iOttie XL Car Mount,Technology,Phones,223.88799999999998,-50.3748,14,2,0.2,-0.22500000000000003,9.74612206834894e-05,Low Revenue / Low Profit
TEC-PH-10000141,Clearsounds A400,Technology,Phones,488.326,-48.8326,11,3,0.3333333333333333,-0.09999999999999999,0.000212574358837837,High Revenue / Low Profit
TEC-PH-10000148,Cyber Acoustics AC-202b Speech Recognition Stereo Headset,Technology,Phones,119.508,-20.5242,11,5,0.16,-0.17173913043478262,5.202331327021748e-05,Low Revenue / Low Profit
TEC-PH-10000149,Cisco SPA525G2 IP Phone - Wireless,Technology,Phones,426.93,43.092,26,5,0.2,0.10093457943925233,0.00018584791925606612,High Revenue / Low Profit
TEC-PH-10000169,ARKON Windshield Dashboard Air Vent Car Mount Holder,Technology,Phones,216.95999999999998,-15.594000000000001,14,4,0.1,-0.07187500000000001,9.444537643594056e-05,Low Revenue / Low Profit
TEC-PH-10000193,Jensen SMPS-640 - speaker phone,Technology,Phones,496.584,88.28160000000001,12,4,0.1,0.1777777777777778,0.00021616916856593432,High Revenue / High Profit
TEC-PH-10000213,Seidio BD2-HK3IPH5-BK DILEX Case and Holster Combo for Apple iPhone 5/5s - Black,Technology,Phones,272.88800000000003,27.288800000000002,11,3,0.20000000000000004,0.09999999999999999,0.00011879152786159178,Low Revenue / Low Profit
TEC-PH-10000215,Plantronics Cordless Phone Headset with In-line Volume - M214C,Technology,Phones,908.7,219.8355,27,6,0.03333333333333333,0.2419230769230769,0.00039556837005595133,High Revenue / High Profit
TEC-PH-10000307,Shocksock Galaxy S4 Armband,Technology,Phones,63.510000000000005,-10.074,7,3,0.13333333333333333,-0.1586206896551724,2.7646689977169e-05,Low Revenue / Low Profit
TEC-PH-10000347,Cush Cases Heavy Duty Rugged Cover Case for Samsung Galaxy S5 - Purple,Technology,Phones,65.34,3.9105000000000003,17,6,0.20000000000000004,0.05984848484848485,2.8443311653412413e-05,Low Revenue / Low Profit
TEC-PH-10000369,HTC One Mini,Technology,Phones,2041.038,317.4948,19,4,0.15000000000000002,0.15555555555555556,0.0008884891326975446,High Revenue / High Profit
TEC-PH-10000376,Square Credit Card Reader,Technology,Phones,173.826,11.188799999999999,22,7,0.17142857142857146,0.06436781609195402,7.566861174573102e-05,Low Revenue / Low Profit
TEC-PH-10000439,GE DSL Phone Line Filter,Technology,Phones,495.87600000000003,69.9825,15,4,0.1,0.1411290322580645,0.00021586096739283032,High Revenue / High Profit
TEC-PH-10000441,VTech DS6151,Technology,Phones,2746.582,478.762,25,8,0.125,0.1743119266055046,0.0011956211785683006,High Revenue / High Profit
TEC-PH-10000455,GE 30522EE2,Technology,Phones,1159.9,336.371,10,3,0.0,0.29,0.0005049188427730802,High Revenue / High Profit
TEC-PH-10000486,Plantronics HL10 Handset Lifter,Technology,Phones,2227.008,250.5384,24,3,0.20000000000000004,0.1125,0.0009694441781243138,High Revenue / High Profit
TEC-PH-10000526,Vtech CS6719,Technology,Phones,2630.126,418.51640000000003,32,7,0.17142857142857146,0.1591240875912409,0.001144926438716605,High Revenue / High Profit
TEC-PH-10000560,Samsung Galaxy S III - 16GB - pebble blue (T-Mobile),Technology,Phones,7139.796,83.99760000000003,28,6,0.20000000000000004,0.011764705882352946,0.003108041670795643,High Revenue / High Profit
TEC-PH-10000562,Samsung Convoy 3,Technology,Phones,688.138,-31.077199999999998,9,2,0.2,-0.04516129032258064,0.00029955499838622455,High Revenue / Low Profit
TEC-PH-10000576,AT&T 1080 Corded phone,Technology,Phones,1945.258,145.2094,18,7,0.2,0.07464788732394366,0.0008467949118502253,High Revenue / High Profit
TEC-PH-10000586,AT&T SB67148 SynJ,Technology,Phones,475.128,89.74640000000001,8,3,0.13333333333333333,0.1888888888888889,0.00020682910589627383,High Revenue / High Profit
TEC-PH-10000673,Plantronics Voyager Pro HD - Bluetooth Headset,Technology,Phones,1221.812,376.942,25,5,0.12000000000000002,0.3085106382978724,0.0005318699035488081,High Revenue / High Profit
TEC-PH-10000675,Panasonic KX TS3282B Corded phone,Technology,Phones,590.328,44.2746,9,3,0.20000000000000004,0.075,0.00025697709338438386,High Revenue / High Profit
TEC-PH-10000702,"Square Credit Card Reader, 4 1/2"" x 4 1/2"" x 1"", White",Technology,Phones,197.802,54.8451,27,5,0.2,0.2772727272727273,8.610566164169392e-05,Low Revenue / High Profit
TEC-PH-10000730,Samsung Galaxy S4 Active,Technology,Phones,3999.92,1039.9792,8,2,0.0,0.26,0.001741214740568065,High Revenue / High Profit
TEC-PH-10000895,Polycom VVX 310 VoIP phone,Technology,Phones,6227.654,899.95,40,8,0.15000000000000002,0.1445086705202312,0.0027109749554885283,High Revenue / High Profit
TEC-PH-10000912,Anker 24W Portable Micro USB Car Charger,Technology,Phones,61.544,14.0672,8,2,0.30000000000000004,0.22857142857142856,2.6790865815696562e-05,Low Revenue / Low Profit
TEC-PH-10000923,"Belkin SportFit Armband For iPhone 5s/5c, Fuchsia",Technology,Phones,239.84,79.29709999999999,21,5,0.2,0.33062499999999995,0.0001044053239509402,Low Revenue / High Profit
TEC-PH-10000984,Panasonic KX-TG9471B,Technology,Phones,4978.146000000001,1168.1004,27,7,0.05714285714285715,0.23464566929133857,0.002167048639947787,High Revenue / High Profit
TEC-PH-10001051,HTC One,Technology,Phones,1119.888,125.9874,14,4,0.2,0.1125,0.0004875011233687896,High Revenue / High Profit
TEC-PH-10001061,Apple iPhone 5C,Technology,Phones,1339.866,229.977,15,4,0.15000000000000002,0.17164179104477612,0.0005832602726019448,High Revenue / High Profit
TEC-PH-10001079,Polycom SoundPoint Pro SE-225 Corded phone,Technology,Phones,1903.8400000000001,276.0568,19,4,0.15000000000000002,0.145,0.0008287651432236408,High Revenue / High Profit
TEC-PH-10001128,Motorola Droid Maxx,Technology,Phones,2609.826,341.9772,21,4,0.15000000000000002,0.13103448275862067,0.0011360895971713912,High Revenue / High Profit
TEC-PH-10001198,Avaya 4621SW VoIP phone,Technology,Phones,709.92,79.866,12,4,0.2,0.1125,0.00030903697289547805,High Revenue / High Profit
TEC-PH-10001254,Jabra BIZ 2300 Duo QD Duo Corded Headset,Technology,Phones,1727.0639999999999,129.5298,17,4,0.2,0.075,0.0007518123599233096,High Revenue / High Profit
TEC-PH-10001299,Polycom CX300 Desktop Phone USB VoIP phone,Technology,Phones,1679.8880000000001,59.99600000000001,15,5,0.2,0.03571428571428572,0.0007312760625471024,High Revenue / High Profit
TEC-PH-10001300,"iKross Bluetooth Portable Keyboard + Cell Phone Stand Holder + Brush for Apple iPhone 5S 5C 5, 4S 4",Technology,Phones,477.66,115.64399999999999,24,5,0.08,0.2421052631578947,0.0002079313168712729,High Revenue / High Profit
TEC-PH-10001305,Panasonic KX TS208W Corded phone,Technology,Phones,1283.538,154.8084,32,6,0.16666666666666666,0.12061068702290077,0.0005587399962197377,High Revenue / High Profit
TEC-PH-10001336,Digium D40 VoIP phone,Technology,Phones,3044.164,571.4257,27,9,0.1111111111111111,0.18771186440677964,0.0013251623106228733,High Revenue / High Profit
TEC-PH-10001363,Apple iPhone 5S,Technology,Phones,4901.914000000001,512.991,11,4,0.2,0.10465116279069765,0.002133863905727356,High Revenue / High Profit
TEC-PH-10001425,Mophie Juice Pack Helium for iPhone,Technology,Phones,1583.8020000000001,201.57479999999998,24,6,0.16666666666666666,0.12727272727272726,0.0006894486361080179,High Revenue / High Profit
TEC-PH-10001433,Cisco Small Business SPA 502G VoIP phone,Technology,Phones,882.102,58.4649,11,4,0.25,0.06627906976744186,0.0003839899310697642,High Revenue / High Profit
TEC-PH-10001448,Anker Astro 15000mAh USB Portable Charger,Technology,Phones,599.88,-23.995199999999997,13,5,0.08,-0.039999999999999994,0.00026113519734693964,High Revenue / Low Profit
TEC-PH-10001459,Samsung Galaxy Mega 6.3,Technology,Phones,13943.668,1822.7566,39,6,0.13333333333333333,0.13072289156626507,0.006069851461826044,High Revenue / High Profit
TEC-PH-10001468,Panasonic Business Telephones KX-T7736,Technology,Phones,546.06,163.818,3,1,0.0,0.30000000000000004,0.00023770668444233822,High Revenue / High Profit
TEC-PH-10001494,Polycom CX600 IP Phone VoIP phone,Technology,Phones,4619.2300000000005,896.8505000000001,17,4,0.15000000000000002,0.19415584415584416,0.0020108080576797097,High Revenue / High Profit
TEC-PH-10001527,Plantronics MX500i Earset,Technology,Phones,618.48,-6.4425,15,7,0.05714285714285715,-0.010416666666666666,0.00026923200782679076,High Revenue / Low Profit
TEC-PH-10001530,Cisco Unified IP Phone 7945G VoIP phone,Technology,Phones,6751.602,102.29699999999998,26,6,0.23333333333333336,0.015151515151515148,0.002939056012332454,High Revenue / High Profit
TEC-PH-10001530,Plantronics Voyager Pro Legend,Technology,Phones,1359.534,173.0316,8,3,0.20000000000000004,0.12727272727272726,0.0005918219967158003,High Revenue / High Profit
TEC-PH-10001536,Spigen Samsung Galaxy S5 Case Wallet,Technology,Phones,234.462,45.873000000000005,15,5,0.08,0.19565217391304351,0.00010206421391004562,Low Revenue / High Profit
TEC-PH-10001552,I Need's 3d Hello Kitty Hybrid Silicone Case Cover for HTC One X 4g with 3d Hello Kitty Stylus Pen Green/pink,Technology,Phones,542.984,95.2016,52,10,0.12000000000000002,0.17533039647577092,0.0002363676635264231,High Revenue / High Profit
TEC-PH-10001557,Pyle PMP37LED,Technology,Phones,3590.026,576.8999,43,10,0.1,0.1606951871657754,0.0015627828032117163,High Revenue / High Profit
TEC-PH-10001578,Polycom SoundStation2 EX Conference phone,Technology,Phones,3968.5099999999998,518.336,12,4,0.2,0.1306122448979592,0.0017275415783545099,High Revenue / High Profit
TEC-PH-10001580,Logitech Mobile Speakerphone P710e - speaker phone,Technology,Phones,1916.716,241.6142,17,5,0.16,0.12605633802816904,0.0008343702255751763,High Revenue / High Profit
TEC-PH-10001615,AT&T CL82213,Technology,Phones,481.234,131.3247,17,5,0.04,0.2728915662650603,0.0002094871233581002,High Revenue / High Profit
TEC-PH-10001619,LG G3,Technology,Phones,1803.108,411.579,10,4,0.1,0.2282608695652174,0.0007849152554141589,High Revenue / High Profit
TEC-PH-10001644,"BlueLounge Milo Smartphone Stand, White/Metallic",Technology,Phones,335.888,76.7744,12,3,0.06666666666666667,0.2285714285714286,0.00014621620851915193,High Revenue / High Profit
TEC-PH-10001700,Panasonic KX-TG6844B Expandable Digital Cordless Telephone,Technology,Phones,1135.028,75.2286,22,7,0.2,0.06627906976744186,0.0004940917529744319,High Revenue / High Profit
TEC-PH-10001750,Samsung Rugby III,Technology,Phones,1385.79,229.6452,24,8,0.125,0.1657142857142857,0.000603251558864132,High Revenue / High Profit
TEC-PH-10001760,Bose SoundLink Bluetooth Speaker,Technology,Phones,2865.6,967.14,18,5,0.2,0.3375,0.001247431188766737,High Revenue / High Profit
TEC-PH-10001795,ClearOne CHATAttach 160 - speaker phone,Technology,Phones,6695.892,1053.983,13,4,0.2,0.1574074074074074,0.0029148047590081255,High Revenue / High Profit
TEC-PH-10001795,RCA H5401RE1 DECT 6.0 4-Line Cordless Handset With Caller ID/Call Waiting,Technology,Phones,239.97,2.3997,3,1,0.0,0.01,0.00010446191456182088,Low Revenue / Low Profit
TEC-PH-10001809,Panasonic KX T7736-B Digital phone,Technology,Phones,1259.58,134.95499999999998,10,5,0.16,0.10714285714285714,0.0005483107819468198,High Revenue / High Profit
TEC-PH-10001817,Wilson Electronics DB Pro Signal Booster,Technology,Phones,8878.4,515.52,32,10,0.22000000000000003,0.05806451612903226,0.0038648775357155913,High Revenue / High Profit
TEC-PH-10001819,Innergie mMini Combo Duo USB Travel Charging Kit,Technology,Phones,746.834,302.3328,19,6,0.10000000000000002,0.4048192771084338,0.00032510609451124277,High Revenue / High Profit
TEC-PH-10001835,Jawbone JAMBOX Wireless Bluetooth Speaker,Technology,Phones,2022.272,872.1048000000001,14,3,0.06666666666666667,0.43125,0.0008803200603607227,High Revenue / High Profit
TEC-PH-10001870,Lunatik TT5L-002 Taktik Strike Impact Protection System for iPhone 5,Technology,Phones,281.658,6.123,6,3,0.26666666666666666,0.021739130434782608,0.0001226092175340807,Low Revenue / Low Profit
TEC-PH-10001918,Nortel Business Series Terminal T7208 Digital phone,Technology,Phones,1000.728,100.0728,9,3,0.20000000000000004,0.1,0.00043562929881077586,High Revenue / High Profit
TEC-PH-10001924,iHome FM Clock Radio with Lightning Dock,Technology,Phones,699.9,17.4975,13,5,0.24000000000000005,0.024999999999999998,0.00030467514273375187,High Revenue / Low Profit
TEC-PH-10001944,Wi-Ex zBoost YX540 Cellular Phone Signal Booster,Technology,Phones,2481.15,540.015,19,6,0.10000000000000002,0.2176470588235294,0.0010800753398969116,High Revenue / High Profit
TEC-PH-10001949,Cisco SPA 501G IP Phone,Technology,Phones,213.48,16.011,3,1,0.2,0.075,9.293048931390391e-05,Low Revenue / Low Profit
TEC-PH-10002033,Konftel 250 Conference phone - Charcoal black,Technology,Phones,2221.596,324.69480000000004,9,4,0.1,0.14615384615384616,0.000967088267462112,High Revenue / High Profit
TEC-PH-10002070,Griffin GC36547 PowerJolt SE Lightning Charger,Technology,Phones,175.422,17.992,10,3,0.26666666666666666,0.10256410256410257,7.636337032238922e-05,Low Revenue / Low Profit
TEC-PH-10002075,AT&T EL51110 DECT,Technology,Phones,377.97,109.6113,3,1,0.0,0.29,0.00016453502457361937,High Revenue / High Profit
TEC-PH-10002085,Clarity 53712,Technology,Phones,752.2860000000001,68.6296,14,4,0.15000000000000002,0.09122807017543859,0.00032747941766910025,High Revenue / High Profit
TEC-PH-10002103,Jabra SPEAK 410,Technology,Phones,3158.064,654.1704,37,9,0.08888888888888889,0.20714285714285716,0.0013747443920021764,High Revenue / High Profit
TEC-PH-10002114,Xiaomi Mi3,Technology,Phones,2279.96,592.7896,4,1,0.0,0.25999999999999995,0.0009924948398731888,High Revenue / High Profit
TEC-PH-10002115,Plantronics 81402,Technology,Phones,844.672,112.18299999999999,15,4,0.15000000000000002,0.1328125,0.00036769618826004236,High Revenue / High Profit
TEC-PH-10002170,ClearSounds CSC500 Amplified Spirit Phone Corded phone,Technology,Phones,1119.84,162.3768,19,6,0.13333333333333333,0.14500000000000002,0.0004874802283740029,High Revenue / High Profit
TEC-PH-10002185,QVS USB Car Charger 2-Port 2.1Amp for iPod/iPhone/iPad/iPad 2/iPad 3,Technology,Phones,79.22999999999999,29.537499999999998,13,5,0.16,0.3728070175438597,3.448980076981734e-05,Low Revenue / Low Profit
TEC-PH-10002200,Aastra 6757i CT Wireless VoIP phone,Technology,Phones,2929.984,482.5856,16,6,0.16666666666666666,0.16470588235294117,0.0012754583417739808,High Revenue / High Profit
TEC-PH-10002200,Samsung Galaxy Note 2,Technology,Phones,4507.902,-128.79719999999998,14,2,0.30000000000000004,-0.028571428571428567,0.001962345599771061,High Revenue / Low Profit
TEC-PH-10002262,LG Electronics Tone+ HBS-730 Bluetooth Headset,Technology,Phones,904.5519999999999,133.30239999999998,18,4,0.15000000000000002,0.14736842105263157,0.0003937626942564662,High Revenue / High Profit
TEC-PH-10002275,Mitel 5320 IP Phone VoIP phone,Technology,Phones,2116.688,211.66879999999998,14,4,0.2,0.09999999999999998,0.0009214205151061863,High Revenue / High Profit
TEC-PH-10002293,Anker 36W 4-Port USB Wall Charger Travel Power Adapter for iPhone 5s 5c 5,Technology,Phones,339.83,23.1884,22,6,0.23333333333333336,0.06823529411764706,0.0001479322099660107,High Revenue / Low Profit
TEC-PH-10002310,Panasonic KX T7731-B Digital phone,Technology,Phones,659.934,75.9924,8,3,0.20000000000000004,0.11515151515151516,0.00028727744769946534,High Revenue / High Profit
TEC-PH-10002310,Plantronics Calisto P620-M USB Wireless Speakerphone System,Technology,Phones,2508.672,505.6542,14,4,0.1,0.2015625,0.001092056007532743,High Revenue / High Profit
TEC-PH-10002350,Apple EarPods with Remote and Mic,Technology,Phones,251.91,50.382,10,4,0.1,0.19999999999999998,0.00010965954451501561,Low Revenue / High Profit
TEC-PH-10002352,Avaya IP Phone 1140E VoIP phone,Technology,Phones,1394.95,362.687,5,1,0.0,0.26,0.000607239020369263,High Revenue / High Profit
TEC-PH-10002365,Belkin Grip Candy Sheer Case / Cover for iPhone 5 and 5S,Technology,Phones,64.972,12.994399999999999,8,3,0.06666666666666667,0.2,2.8283116693380944e-05,Low Revenue / Low Profit
TEC-PH-10002398,AT&T 1070 Corded Phone,Technology,Phones,1070.304,133.788,12,3,0.20000000000000004,0.125,0.0004659165937541157,High Revenue / High Profit
TEC-PH-10002415,Polycom VoiceStation 500 Conference phone,Technology,Phones,3657.38,339.1925,15,5,0.16,0.09274193548387097,0.001592102834021388,High Revenue / High Profit
TEC-PH-10002447,AT&T CL83451 4-Handset Telephone,Technology,Phones,1936.306,473.777,10,4,0.1,0.24468085106382978,0.0008428979953225033,High Revenue / High Profit
TEC-PH-10002468,"Plantronics CS 50-USB - headset - Convertible, Monaural",Technology,Phones,1468.692,178.1469,13,5,0.12000000000000002,0.12129629629629629,0.0006393398267351329,High Revenue / High Profit
TEC-PH-10002483,Motorola Moto X,Technology,Phones,1631.952,142.79579999999999,6,2,0.2,0.0875,0.0007104089277534388,High Revenue / High Profit
TEC-PH-10002496,Cisco SPA301,Technology,Phones,4180.532,904.742,30,9,0.15555555555555556,0.21641791044776118,0.0018198373822017676,High Revenue / High Profit
TEC-PH-10002538,Grandstream GXP1160 VoIP phone,Technology,Phones,803.692,157.70559999999998,24,6,0.10000000000000002,0.19622641509433958,0.00034985708646088654,High Revenue / High Profit
TEC-PH-10002549,Polycom SoundPoint IP 450 VoIP phone,Technology,Phones,3839.62,162.6192,22,6,0.23333333333333336,0.04235294117647059,0.001671434164228273,High Revenue / High Profit
TEC-PH-10002555,Nortel Meridian M5316 Digital phone,Technology,Phones,2744.87,253.77100000000002,13,4,0.2,0.09245283018867925,0.0011948759237542413,High Revenue / High Profit
TEC-PH-10002563,Adtran 1202752G1,Technology,Phones,1990.6419999999998,312.4552,18,5,0.16,0.1569620253164557,0.0008665511294210619,High Revenue / High Profit
TEC-PH-10002564,OtterBox Defender Series Case - Samsung Galaxy S4,Technology,Phones,689.77,122.959,27,8,0.15000000000000002,0.1782608695652174,0.0003002654282089727,High Revenue / High Profit
TEC-PH-10002583,iOttie HLCRIO102 Car Mount,Technology,Phones,215.892,-11.994,12,5,0.16,-0.05555555555555555,9.398046280193621e-05,Low Revenue / Low Profit
TEC-PH-10002584,Samsung Galaxy S4,Technology,Phones,6134.701999999999,438.193,13,5,0.2,0.07142857142857144,0.002670511798084059,High Revenue / High Profit
TEC-PH-10002597,Xblue XB-1670-86 X16 Small Office Telephone - Titanium,Technology,Phones,604.752,132.2895,5,2,0.1,0.21875000000000003,0.00026325603931779095,High Revenue / High Profit
TEC-PH-10002624,Samsung Galaxy S4 Mini,Technology,Phones,6109.87,1104.4765,15,5,0.12000000000000002,0.18076923076923077,0.0026597021207810665,High Revenue / High Profit
TEC-PH-10002645,LG G2,Technology,Phones,1499.97,-374.9925,5,1,0.4,-0.25,0.0006529555277130244,High Revenue / Low Profit
TEC-PH-10002660,Nortel Networks T7316 E Nt8 B27,Technology,Phones,1876.524,397.7415,29,6,0.06666666666666667,0.21195652173913043,0.0008168741499404357,High Revenue / High Profit
TEC-PH-10002680,Samsung Galaxy Note 3,Technology,Phones,2155.902,153.993,13,3,0.20000000000000004,0.07142857142857142,0.0009384908552221476,High Revenue / High Profit
TEC-PH-10002726,netTALK DUO VoIP Telephone Service,Technology,Phones,1112.788,430.418,26,7,0.17142857142857146,0.3867924528301887,0.0004844104053899218,High Revenue / High Profit
TEC-PH-10002789,LG Exalt,Technology,Phones,1154.326,-212.14640000000003,12,3,0.3333333333333333,-0.1837837837837838,0.0005024924115034731,High Revenue / Low Profit
TEC-PH-10002807,Motorla HX550 Universal Bluetooth Headset,Technology,Phones,419.23,122.60499999999999,15,4,0.25,0.29245283018867924,0.00018249601384236433,High Revenue / High Profit
TEC-PH-10002817,RCA ViSYS 25425RE1 Corded phone,Technology,Phones,323.976,36.4473,3,1,0.2,0.11249999999999999,0.0001410307673129161,High Revenue / Low Profit
TEC-PH-10002824,Jabra SPEAK 410 Multidevice Speakerphone,Technology,Phones,2018.702,10.299500000000009,13,3,0.26666666666666666,0.005102040816326535,0.000878765995123461,High Revenue / Low Profit
TEC-PH-10002834,Google Nexus 5,Technology,Phones,3815.788,710.9605,23,5,0.12000000000000002,0.18632075471698115,0.0016610597993166702,High Revenue / High Profit
TEC-PH-10002844,Speck Products Candyshell Flip Case,Technology,Phones,188.946,-18.1948,8,4,0.30000000000000004,-0.0962962962962963,8.225053510354548e-05,Low Revenue / Low Profit
TEC-PH-10002885,Apple iPhone 5,Technology,Phones,12996.600000000002,1611.5784,24,6,0.20000000000000004,0.12399999999999999,0.005657581025937248,High Revenue / High Profit
TEC-PH-10002890,AT&T 17929 Lendline Telephone,Technology,Phones,1339.104,167.388,35,10,0.14,0.125,0.0005829285645597058,High Revenue / High Profit
TEC-PH-10002922,ShoreTel ShorePhone IP 230 VoIP phone,Technology,Phones,2906.628,422.475,21,4,0.15000000000000002,0.14534883720930233,0.0012652911855606797,High Revenue / High Profit
TEC-PH-10002923,"Logitech B530 USB Headset - headset - Full size, Binaural",Technology,Phones,739.8,64.73249999999999,25,10,0.16,0.0875,0.00032204410715020663,High Revenue / High Profit
TEC-PH-10003012,Nortel Meridian M3904 Professional Digital phone,Technology,Phones,4434.912,936.2592,32,10,0.08,0.21111111111111108,0.0019305721483235162,High Revenue / High Profit
TEC-PH-10003072,Panasonic KX-TG9541B DECT 6.0 Digital 2-Line Expandable Cordless Phone With Digital Answering System,Technology,Phones,3059.7960000000003,1147.4235,25,5,0.2,0.375,0.0013319671139250793,High Revenue / High Profit
TEC-PH-10003092,Motorola L804,Technology,Phones,607.068,-13.337100000000003,19,6,0.26666666666666666,-0.021969696969696976,0.00026426422281624983,High Revenue / Low Profit
TEC-PH-10003095,Samsung HM1900 Bluetooth Headset,Technology,Phones,491.68,195.355,27,7,0.17142857142857146,0.39732142857142855,0.00021403439659855854,High Revenue / High Profit
TEC-PH-10003171,Plantronics Encore H101 Dual Earpieces Headset,Technology,Phones,746.17,163.618,18,7,0.08571428571428573,0.21927710843373494,0.0003248170470833599,High Revenue / High Profit
TEC-PH-10003174,RCA ViSYS 25825 Wireless digital phone,Technology,Phones,727.944,90.993,7,2,0.2,0.125,0.0003168830434378886,High Revenue / High Profit
TEC-PH-10003187,Anker Astro Mini 3000mAh Ultra-Compact Portable Charger,Technology,Phones,147.926,-31.984,9,4,0.2,-0.21621621621621626,6.439402080873407e-05,Low Revenue / Low Profit
TEC-PH-10003215,Jackery Bar Premium Fast-charging Portable Charger,Technology,Phones,467.22,192.279,18,4,0.15000000000000002,0.4115384615384615,0.00020338665550516296,High Revenue / High Profit
TEC-PH-10003273,AT&T TR1909W,Technology,Phones,1738.662,340.173,15,4,0.1,0.1956521739130435,0.000756861113038649,High Revenue / High Profit
TEC-PH-10003356,"SmartStand Mobile Device Holder, Assorted Colors",Technology,Phones,75.49199999999999,10.0656,13,3,0.13333333333333333,0.13333333333333336,3.28626030508021e-05,Low Revenue / Low Profit
TEC-PH-10003357,Grandstream GXP2100 Mainstream Business Phone,Technology,Phones,596.6220000000001,45.894000000000005,10,4,0.25,0.07692307692307693,0.0002597169495757916,High Revenue / High Profit
TEC-PH-10003437,Blue Parrot B250XT Professional Grade Wireless Bluetooth Headset with,Technology,Phones,1229.836,127.483,21,4,0.25,0.10365853658536586,0.0005353628501773203,High Revenue / High Profit
TEC-PH-10003442,Samsung Replacement EH64AVFWE Premium Headset,Technology,Phones,104.5,17.875,21,5,0.08,0.17105263157894737,4.5490144900238706e-05,Low Revenue / Low Profit
TEC-PH-10003484,Ooma Telo VoIP Home Phone System,Technology,Phones,2015.8400000000001,314.975,18,5,0.12000000000000002,0.15625,0.0008775201310593033,High Revenue / High Profit
TEC-PH-10003505,Geemarc AmpliPOWER60,Technology,Phones,3415.04,384.192,46,11,0.18181818181818182,0.1125,0.001486609229091973,High Revenue / High Profit
TEC-PH-10003535,RCA ViSYS 25423RE1 Corded phone,Technology,Phones,159.984,13.9986,2,1,0.2,0.0875,6.964301762411282e-05,Low Revenue / Low Profit
TEC-PH-10003555,Motorola HK250 Universal Bluetooth Headset,Technology,Phones,832.238,-91.5002,41,9,0.13333333333333336,-0.10994475138121547,0.00036228351398550105,High Revenue / Low Profit
TEC-PH-10003580,Cisco IP Phone 7961G-GE VoIP phone,Technology,Phones,2252.4320000000002,-119.119,15,4,0.35000000000000003,-0.05288461538461538,0.0009805115603630093,High Revenue / Low Profit
TEC-PH-10003589,invisibleSHIELD by ZAGG Smudge-Free Screen Protector,Technology,Phones,442.554,171.2648,29,7,0.17142857142857146,0.3869918699186992,0.00019264924005914103,High Revenue / High Profit
TEC-PH-10003601,"Ativa D5772 2-Line 5.8GHz Digital Expandable Corded/Cordless Phone System with Answering & Caller ID/Call Waiting, Black/Silver",Technology,Phones,1979.88,593.964,12,4,0.0,0.3,0.0008618662974649245,High Revenue / High Profit
TEC-PH-10003645,Aastra 57i VoIP phone,Technology,Phones,3684.708,575.3316,26,7,0.14285714285714285,0.15614035087719297,0.0016039990510532895,High Revenue / High Profit
TEC-PH-10003655,Sannysis Cute Owl Design Soft Skin Case Cover for Samsung Galaxy S4,Technology,Phones,13.86,2.2967999999999997,8,2,0.1,0.1657142857142857,6.033429744663239e-06,Low Revenue / Low Profit
TEC-PH-10003691,BlackBerry Q10,Technology,Phones,3099.354,548.0565,27,6,0.06666666666666667,0.17682926829268295,0.0013491872015036787,High Revenue / High Profit
TEC-PH-10003800,i.Sound Portable Power - 8000 mAh,Technology,Phones,413.322,-58.8189,9,5,0.12000000000000002,-0.1423076923076923,0.00017992418823403313,High Revenue / Low Profit
TEC-PH-10003811,Jabra Supreme Plus Driver Edition Headset,Technology,Phones,2159.82,259.1784,22,5,0.16,0.12,0.0009401964091716131,High Revenue / High Profit
TEC-PH-10003875,KLD Oscar II Style Snap-on Ultra Thin Side Flip Synthetic Leather Cover Case for HTC One HTC M7,Technology,Phones,126.36000000000001,36.644400000000005,13,3,0.0,0.29,5.50060737760207e-05,Low Revenue / Low Profit
TEC-PH-10003885,Cisco SPA508G,Technology,Phones,910.662,207.86849999999998,15,5,0.12000000000000002,0.22826086956521738,0.00039642245296785816,High Revenue / High Profit
TEC-PH-10003931,JBL Micro Wireless Portable Bluetooth Speaker,Technology,Phones,779.87,14.997499999999995,17,6,0.23333333333333336,0.019230769230769225,0.00033948707467319766,High Revenue / Low Profit
TEC-PH-10003963,GE 2-Jack Phone Line Splitter,Technology,Phones,1771.5140000000001,94.75540000000001,11,3,0.20000000000000004,0.053488372093023255,0.0007711619957205883,High Revenue / High Profit
TEC-PH-10003988,"LF Elite 3D Dazzle Designer Hard Case Cover, Lf Stylus Pen and Wiper For Apple Iphone 5c Mini Lite",Technology,Phones,261.6,41.856,28,8,0.1,0.16,0.00011387772158758322,Low Revenue / Low Profit
TEC-PH-10004006,Panasonic KX - TS880B Telephone,Technology,Phones,453.41999999999996,122.4234,11,3,0.0,0.27,0.00019737934450398306,High Revenue / High Profit
TEC-PH-10004042,ClearOne Communications CHAT 70 OC Speaker Phone,Technology,Phones,1685.294,273.4628,12,4,0.1,0.16226415094339622,0.0007336293613349558,High Revenue / High Profit
TEC-PH-10004071,PayAnywhere Card Reader,Technology,Phones,199.8,17.4825,25,5,0.2,0.08750000000000001,8.697541579969085e-05,Low Revenue / Low Profit
TEC-PH-10004080,Avaya 5410 Digital phone,Technology,Phones,625.508,-10.878400000000003,13,4,0.30000000000000004,-0.01739130434782609,0.0002722913833134786,High Revenue / Low Profit
TEC-PH-10004093,Panasonic Kx-TS550,Technology,Phones,846.216,95.1993,23,7,0.2,0.11249999999999999,0.0003683683105923483,High Revenue / High Profit
TEC-PH-10004094,Motorola L703CM,Technology,Phones,4211.73,467.97,32,6,0.16666666666666666,0.11111111111111113,0.0018334182581883477,High Revenue / High Profit
TEC-PH-10004100,Griffin GC17055 Auxiliary Audio Cable,Technology,Phones,395.78,46.0544,27,6,0.16666666666666666,0.11636363636363638,0.00017228793826427245,High Revenue / High Profit
TEC-PH-10004120,AT&T 1080 Phone,Technology,Phones,1589.084,271.24019999999996,13,3,0.13333333333333333,0.17068965517241377,0.0006917479561593389,High Revenue / High Profit
TEC-PH-10004165,Mitel MiVoice 5330e IP Phone,Technology,Phones,7699.72,780.9716,34,9,0.17777777777777778,0.10142857142857142,0.0033517835262322103,High Revenue / High Profit
TEC-PH-10004188,OtterBox Commuter Series Case - Samsung Galaxy S4,Technology,Phones,384.846,-55.977599999999995,18,4,0.15000000000000002,-0.14545454545454545,0.00016752823257681592,High Revenue / Low Profit
TEC-PH-10004241,Nokia Lumia 1020,Technology,Phones,1439.968,143.9968,4,1,0.2,0.1,0.000626835913604851,High Revenue / High Profit
TEC-PH-10004345,Cisco SPA 502G IP Phone,Technology,Phones,2063.14,299.875,21,5,0.16,0.14534883720930233,0.0008981104071720429,High Revenue / High Profit
TEC-PH-10004348,OtterBox Defender Series Case - iPhone 5c,Technology,Phones,133.128,3.6979999999999995,5,2,0.30000000000000004,0.027777777777777776,5.7952268040947155e-05,Low Revenue / Low Profit
TEC-PH-10004389,Nokia Lumia 925,Technology,Phones,1310.296,284.7374,11,3,0.06666666666666667,0.21730769230769229,0.0005703880851885471,High Revenue / High Profit
TEC-PH-10004434,Cisco IP Phone 7961G VoIP phone - Dark gray,Technology,Phones,1386.69,228.39600000000002,12,3,0.06666666666666667,0.16470588235294117,0.0006036433400163828,High Revenue / High Profit
TEC-PH-10004447,Toshiba IPT2010-SD IP Telephone,Technology,Phones,3613.74,425.3094,31,8,0.17500000000000002,0.1176923076923077,0.001573105801261135,High Revenue / High Profit
TEC-PH-10004522,Dexim XPower Skin Super-Thin Power Case for iPhone 5 - Black,Technology,Phones,467.92,-14.622499999999995,11,3,0.20000000000000004,-0.03124999999999999,0.00020369137417913585,High Revenue / Low Profit
TEC-PH-10004531,AT&T CL2909,Technology,Phones,755.9399999999999,50.395999999999994,8,3,0.26666666666666666,0.06666666666666667,0.0003290700491472387,High Revenue / High Profit
TEC-PH-10004531,OtterBox Commuter Series Case - iPhone 5 & 5s,Technology,Phones,285.87,102.91319999999999,16,4,0.15000000000000002,0.35999999999999993,0.0001244427533266147,Low Revenue / High Profit
TEC-PH-10004536,Avaya 5420 Digital phone,Technology,Phones,1538.886,323.976,12,3,0.06666666666666667,0.2105263157894737,0.0006698961447363515,High Revenue / High Profit
TEC-PH-10004539,Wireless Extenders zBoost YX545 SOHO Signal Booster,Technology,Phones,4044.3860000000004,733.2812,24,7,0.14285714285714285,0.18130841121495325,0.001760571341363606,High Revenue / High Profit
TEC-PH-10004586,Wilson SignalBoost 841262 DB PRO Amplifier Kit,Technology,Phones,5327.26,1043.855,17,6,0.16666666666666666,0.19594594594594594,0.002319022290155461,High Revenue / High Profit
TEC-PH-10004614,AT&T 841000 Phone,Technology,Phones,1614.6,165.6,28,7,0.17142857142857146,0.10256410256410256,0.0007028553871380422,High Revenue / High Profit
TEC-PH-10004667,Cisco 8x8 Inc. 6753i IP Business Phone System,Technology,Phones,2645.804,83.6938,26,6,0.16666666666666666,0.03163265306122449,0.001151751266388815,High Revenue / High Profit
TEC-PH-10004700,PowerGen Dual USB Car Charger,Technology,Phones,127.87200000000001,52.3476,14,4,0.1,0.40937499999999993,5.5664266111802144e-05,Low Revenue / High Profit
TEC-PH-10004774,Gear Head AU3700S Headset,Technology,Phones,189.654,-11.9508,16,3,0.06666666666666667,-0.06301369863013698,8.255873627664948e-05,Low Revenue / Low Profit
TEC-PH-10004830,Pyle PRT45 Retro Home Telephone,Technology,Phones,201.568,22.6764,4,1,0.2,0.1125,8.77450481076681e-05,Low Revenue / Low Profit
TEC-PH-10004833,Macally Suction Cup Mount,Technology,Phones,279.63,-31.07,26,4,0.15000000000000002,-0.11111111111111112,0.00012172640400434209,Low Revenue / Low Profit
TEC-PH-10004875,PNY Rapid USB Car Charger - Black,Technology,Phones,9.588,-2.0774,2,1,0.4,-0.21666666666666667,4.173775208645824e-06,Low Revenue / Low Profit
TEC-PH-10004896,Nokia Lumia 521 (T-Mobile),Technology,Phones,515.828,83.972,20,5,0.16,0.1627906976744186,0.00022454632022584047,High Revenue / High Profit
TEC-PH-10004897,Mediabridge Sport Armband iPhone 5s,Technology,Phones,257.742,-38.961,30,7,0.14285714285714285,-0.1511627906976744,0.0001121982863816012,Low Revenue / Low Profit
TEC-PH-10004908,Panasonic KX TS3282W Corded phone,Technology,Phones,1665.804,178.47899999999998,25,7,0.2285714285714286,0.10714285714285712,0.0007251451228267678,High Revenue / High Profit
TEC-PH-10004912,Cisco SPA112 2 Port Phone Adapter,Technology,Phones,516.53,87.37049999999999,11,3,0.13333333333333333,0.16914893617021276,0.00022485190952459613,High Revenue / High Profit
TEC-PH-10004922,RCA Visys Integrated PBX 8-Line Router,Technology,Phones,1085.238,130.63049999999998,19,5,0.12000000000000002,0.12037037037037035,0.0004724175490071316,High Revenue / High Profit
TEC-PH-10004924,"SKILCRAFT Telephone Shoulder Rest, 2"" x 6.5"" x 2.5"", Black",Technology,Phones,56.164,13.0064,8,3,0.06666666666666667,0.23157894736842102,2.4448885150019203e-05,Low Revenue / Low Profit
TEC-PH-10004959,Classic Ivory Antique Telephone ZL1810,Technology,Phones,341.666,40.196,4,2,0.1,0.11764705882352941,0.00014873144351660247,High Revenue / Low Profit
TEC-PH-10004977,GE 30524EE4,Technology,Phones,5291.7300000000005,838.8371999999999,32,9,0.15555555555555556,0.1585185185185185,0.00230355564088938,High Revenue / High Profit
