Customer ID,Customer Name,Segment,Orders,Revenue,Profit,Units,Last_Order,First_Order,Recency Days,AOV,Revenue Contribution %,R_Score,F_Score,M_Score,RFM Score,RFM Segment
AA-10315,Alex Avila,Consumer,5,5563.56,-362.8825,30,2017-06-29,2014-03-31,184,1112.712,0.002421886608240881,2,2,5,225,Potential Loyalists
AA-10375,Allen Armold,Consumer,9,1056.39,277.3824,41,2017-12-11,2014-04-21,19,117.37666666666668,0.0004598596571403174,5,5,2,552,Loyal Customers
AA-10480,Andrew Allen,Consumer,4,1790.5120000000002,435.8274,36,2017-04-15,2014-05-04,259,447.62800000000004,0.0007794320605322125,1,1,3,113,At Risk
AA-10645,Anna Andreadi,Consumer,6,5086.9349999999995,857.8033,64,2017-11-05,2014-06-22,55,847.8224999999999,0.002214405839694696,3,3,5,335,Loyal Customers
AB-10015,Aaron Bergman,Consumer,3,886.156,129.3465,13,2016-11-10,2014-02-18,415,295.38533333333334,0.0003857546875044586,1,1,1,111,Lost / Low Value
AB-10060,Adam Bellavance,Home Office,8,7755.62,2054.5885,56,2017-11-06,2015-09-18,54,969.4525,0.0033761174889109023,3,4,5,345,Loyal Customers
AB-10105,Adrian Barton,Consumer,10,14473.570999999998,5444.8055,73,2017-11-19,2014-12-20,41,1447.3570999999997,0.006300524803960696,4,5,5,455,Champions
AB-10150,Aimee Bixby,Consumer,5,966.71,313.6597,37,2017-11-19,2014-03-05,41,193.342,0.00042082084188047617,4,2,2,422,Potential Loyalists
AB-10165,Alan Barnes,Consumer,8,1113.838,220.813,48,2017-12-05,2014-11-16,25,139.22975,0.0004848674834008811,5,4,2,542,Loyal Customers
AB-10255,Alejandro Ballentine,Home Office,9,914.5319999999999,264.5675,39,2017-07-17,2014-07-22,166,101.61466666666666,0.0003981071119225368,2,5,1,251,Potential Loyalists
AB-10600,Ann Blume,Corporate,4,1515.862,-274.9604,38,2017-11-10,2014-11-18,50,378.9655,0.0006598735122369918,4,1,2,412,New / Promising
AC-10420,Alyssa Crouse,Corporate,3,925.8,-62.1342,17,2017-05-12,2014-07-12,232,308.59999999999997,0.0004030122119487176,1,1,1,111,Lost / Low Value
AC-10450,Amy Cox,Consumer,7,5527.846,1366.0098,43,2017-12-19,2014-10-31,11,789.6922857142856,0.002406339861494784,5,3,5,535,Champions
AC-10615,Ann Chong,Corporate,5,2537.6859999999997,298.8273,59,2017-12-24,2015-09-15,6,507.5371999999999,0.0011046861612565276,5,2,3,523,Loyal Customers
AC-10660,Anna Chung,Consumer,5,657.316,-28.700399999999995,16,2017-03-23,2014-10-15,282,131.4632,0.00028613779985880674,1,2,1,121,At Risk
AD-10180,Alan Dominguez,Home Office,8,6106.88,1869.9294,40,2017-12-01,2014-11-19,29,763.36,0.002658400536730811,4,4,5,445,Champions
AF-10870,Art Ferguson,Consumer,7,2052.908,317.9712,51,2017-11-19,2015-12-06,41,293.27257142857144,0.0008936562907833419,4,3,3,433,Loyal Customers
AF-10885,Art Foster,Consumer,4,861.565,-163.1175,37,2016-11-10,2014-05-10,415,215.39125,0.000375049920487791,1,1,1,111,Lost / Low Value
AG-10270,Alejandro Grove,Consumer,5,2582.898,732.7399,58,2017-03-27,2014-05-13,278,516.5796,0.0011243675050960455,1,2,3,123,New / Promising
AG-10300,Aleksandra Gannaway,Corporate,4,367.548,59.288399999999996,16,2017-09-03,2014-04-26,118,91.887,0.0001599981988305544,2,1,1,211,At Risk
AG-10330,Alex Grayson,Consumer,5,660.972,-5.137100000000006,47,2017-12-22,2016-08-03,8,132.1944,0.000287729301961728,5,2,1,521,Potential Loyalists
AG-10390,Allen Goldenen,Consumer,5,200.945,69.2784,33,2017-09-07,2014-04-19,114,40.189,8.747384848783221e-05,2,2,1,221,At Risk
AG-10495,Andrew Gjertsen,Corporate,8,2356.855,295.6668,93,2017-10-13,2015-01-04,78,294.606875,0.001025968186209111,3,4,3,343,Loyal Customers
AG-10525,Andy Gerbode,Corporate,4,1455.038,-152.7613,33,2015-09-07,2014-08-09,845,363.7595,0.0006333960713430959,1,1,2,112,At Risk
AG-10675,Anna Gayman,Consumer,7,3489.0396000000005,-246.42570000000003,54,2017-09-24,2015-05-07,97,498.43422857142866,0.0015188221719298653,3,3,4,334,Loyal Customers
AG-10765,Anthony Garverick,Home Office,4,170.584,-8.431000000000001,20,2017-10-14,2014-09-17,77,42.646,7.425732897284516e-05,3,1,1,311,At Risk
AG-10900,Arthur Gainer,Consumer,10,4510.797,343.6824,92,2017-09-25,2014-07-23,96,451.07969999999995,0.001963605829144134,3,5,5,355,Champions
AH-10030,Aaron Hawkins,Corporate,7,1744.7,365.2152,54,2017-12-18,2014-04-22,12,249.24285714285716,0.000759489529257861,5,3,3,533,Loyal Customers
AH-10075,Adam Hart,Corporate,10,3250.337,281.189,75,2017-11-26,2014-11-16,34,325.0337,0.0014149119722928916,4,5,4,454,Champions
AH-10120,Adrian Hane,Home Office,7,1735.5140000000001,-2.3145999999999773,65,2017-10-31,2014-07-18,60,247.93057142857145,0.0007554907496305539,3,3,2,332,Potential Loyalists
AH-10195,Alan Haines,Corporate,4,1587.452,-378.5509,28,2017-11-05,2015-03-05,55,396.863,0.0006910375263365908,3,1,2,312,New / Promising
AH-10210,Alan Hwang,Consumer,9,4805.344,1308.5546,53,2017-12-24,2014-11-29,6,533.9271111111111,0.002091825788090839,5,5,5,555,Champions
AH-10465,Amy Hunt,Consumer,5,2495.3916,-196.12009999999998,35,2017-05-14,2015-01-03,230,499.07831999999996,0.001086274884850129,1,2,3,123,New / Promising
AH-10585,Angele Hood,Consumer,4,738.504,83.96300000000001,17,2017-12-09,2014-10-26,21,184.626,0.0003214799422909654,5,1,1,511,New / Promising
AH-10690,Anna Häberlin,Corporate,12,7888.294,1298.0166,102,2016-11-15,2014-04-02,410,657.3578333333334,0.0034338721251261583,1,5,5,155,Loyal Customers
AI-10855,Arianne Irving,Consumer,10,4375.786,867.7271000000001,72,2017-12-17,2014-04-28,13,437.5786,0.0019048338678702003,5,5,5,555,Champions
AJ-10780,Anthony Jacobs,Corporate,7,4867.344,150.71300000000005,62,2017-10-16,2014-01-10,75,695.3348571428571,0.002118815156357009,3,3,5,335,Loyal Customers
AJ-10795,Anthony Johnson,Corporate,7,4501.391,1158.7064,88,2017-07-17,2014-05-14,166,643.0558571428571,0.0019595112807907216,2,3,5,235,Loyal Customers
AJ-10945,Ashley Jarboe,Consumer,7,1839.24,521.1351999999999,40,2017-10-06,2014-03-03,85,262.74857142857144,0.0008006439627398568,3,3,3,333,Potential Loyalists
AJ-10960,Astrea Jones,Consumer,3,629.2479999999999,60.4265,22,2017-10-17,2014-09-14,74,209.7493333333333,0.00027391945165727654,3,1,1,311,At Risk
AM-10360,Alice McCarthy,Corporate,5,814.012,194.9878,48,2017-12-02,2014-10-06,28,162.80239999999998,0.00035434951034002974,4,2,1,421,New / Promising
AM-10705,Anne McFarland,Consumer,8,5664.022,1085.7326,81,2017-07-21,2014-10-31,162,708.00275,0.0024656189617046874,2,4,5,245,Loyal Customers
AO-10810,Anthony O'Donnell,Corporate,1,161.28,12.096,2,2016-08-16,2016-08-16,501,161.28,7.020718248335404e-05,1,1,1,111,Lost / Low Value
AP-10720,Anne Pryor,Home Office,8,1638.554,285.7888,85,2017-11-19,2014-03-03,41,204.81925,0.0007132828601613946,4,4,2,442,Loyal Customers
AP-10915,Arthur Prichep,Consumer,10,3323.556,579.3113,102,2017-09-23,2014-08-23,98,332.3556,0.0014467851102780646,3,5,4,354,Loyal Customers
AR-10345,Alex Russell,Corporate,4,1055.694,-221.0544,18,2017-09-10,2014-12-30,111,263.9235,0.00045955667971591004,2,1,2,212,At Risk
AR-10405,Allen Rosenblatt,Corporate,5,2236.128,-98.7646,29,2017-08-27,2014-10-03,125,447.22560000000004,0.0009734142271337892,2,2,3,223,New / Promising
AR-10510,Andrew Roberts,Consumer,5,264.86400000000003,43.6695,33,2017-12-16,2014-05-02,14,52.97280000000001,0.00011529858123307967,5,2,1,521,Potential Loyalists
AR-10540,Andy Reiter,Consumer,6,6608.448,2884.6208,33,2017-12-24,2014-11-25,6,1101.4080000000001,0.002876739302255432,5,3,5,535,Champions
AR-10570,Anemone Ratner,Consumer,1,88.15,32.633,6,2016-07-14,2016-07-14,534,88.15,3.837278730101476e-05,1,1,1,111,Lost / Low Value
AR-10825,Anthony Rawles,Corporate,8,4523.336,494.83519999999993,54,2017-11-02,2014-06-30,58,565.417,0.0019690642112197717,3,4,5,345,Loyal Customers
AS-10045,Aaron Smayling,Corporate,7,3050.692,-253.57459999999998,48,2017-10-03,2014-07-27,88,435.81314285714285,0.0013280040299138661,3,3,4,334,Loyal Customers
AS-10090,Adam Shillingsburg,Consumer,9,3255.31,64.53739999999998,81,2017-12-02,2014-09-22,28,361.7011111111111,0.0014170767808152733,4,5,4,454,Champions
AS-10135,Adrian Shami,Home Office,2,58.82,21.8496,9,2017-11-19,2016-11-13,41,29.41,2.5605074861550627e-05,4,1,1,411,New / Promising
AS-10225,Alan Schoenberger,Corporate,5,4260.784,719.7751000000001,41,2017-12-08,2014-10-18,22,852.1568,0.0018547720722355851,5,2,4,524,Loyal Customers
AS-10240,Alan Shonely,Consumer,7,584.6080000000001,33.715799999999994,39,2017-06-21,2014-03-15,192,83.51542857142859,0.000254487106505634,2,3,1,231,New / Promising
AS-10285,Alejandro Savely,Corporate,6,3214.236,354.62760000000003,39,2017-12-11,2016-05-21,19,535.706,0.0013991967596513268,5,3,4,534,Loyal Customers
AS-10630,Ann Steele,Home Office,7,833.398,136.49190000000002,34,2017-09-29,2014-08-01,92,119.05685714285714,0.00036278847635951326,3,3,1,331,New / Promising
AT-10435,Alyssa Tate,Home Office,6,1171.814,100.87680000000002,28,2017-12-09,2014-11-24,21,195.30233333333334,0.0005101051546040988,5,3,2,532,Loyal Customers
AT-10735,Annie Thurman,Consumer,10,3831.864,974.107,60,2017-12-17,2014-08-30,13,383.1864,0.0016680578813206533,5,5,4,554,Champions
AW-10840,Anthony Witt,Consumer,4,649.376,65.77250000000001,24,2017-12-10,2015-04-13,20,162.344,0.00028268141947117135,5,1,1,511,New / Promising
AW-10930,Arthur Wiediger,Home Office,7,2852.968,-104.5486,68,2017-11-14,2014-07-14,46,407.56685714285715,0.0012419323226387005,4,3,4,434,Loyal Customers
AY-10555,Andy Yotov,Corporate,4,497.014,103.3499,34,2017-12-16,2014-04-06,14,124.2535,0.00021635635289423197,5,1,1,511,New / Promising
AZ-10750,Annie Zypern,Consumer,6,1622.0179999999998,154.9503,40,2017-07-23,2014-03-17,160,270.3363333333333,0.000706084534457372,2,3,2,232,New / Promising
BB-10990,Barry Blumstein,Corporate,5,744.3399999999999,11.583900000000007,26,2017-09-16,2014-07-27,105,148.868,0.0003240204254071165,2,2,1,221,At Risk
BB-11545,Brenda Bowman,Corporate,9,6765.728,1015.0749999999999,83,2017-12-02,2015-06-05,28,751.7475555555556,0.002945205235173227,4,5,5,455,Champions
BC-11125,Becky Castell,Home Office,9,2933.676,251.5974,60,2017-06-11,2014-07-06,202,325.964,0.0012770655151229922,2,5,4,254,Loyal Customers
BD-11320,Bill Donatelli,Consumer,12,5718.521,1094.5037,75,2017-11-27,2015-05-31,33,476.54341666666664,0.0024893430517230423,4,5,5,455,Champions
BD-11500,Bradley Drucker,Consumer,6,4411.2429999999995,1142.1225,49,2017-11-25,2014-02-01,35,735.2071666666666,0.0019202687393317097,4,3,5,435,Loyal Customers
BD-11560,Brendan Dodson,Home Office,2,320.54,116.714,11,2017-03-27,2015-05-30,278,160.27,0.00013953503393610063,1,1,1,111,Lost / Low Value
BD-11605,Brian Dahlen,Consumer,7,3288.471,634.8463,74,2017-09-24,2014-01-13,97,469.78157142857145,0.0014315121750261518,3,3,4,334,Loyal Customers
BD-11620,Brian DeCherney,Consumer,6,1538.11,206.75689999999997,27,2017-10-22,2014-06-30,69,256.35166666666663,0.000669558342320633,3,3,2,332,Potential Loyalists
BD-11635,Brian Derr,Consumer,3,582.646,141.53400000000002,19,2017-12-21,2014-10-05,9,194.21533333333332,0.0002536330235937271,5,1,1,511,New / Promising
BD-11725,Bruce Degenhardt,Consumer,6,1526.5,333.9791,29,2017-09-28,2015-07-03,93,254.41666666666666,0.000664504365456597,3,3,2,332,Potential Loyalists
BD-11770,Bryan Davis,Consumer,6,658.466,141.265,21,2017-02-06,2016-03-10,327,109.74433333333333,0.00028663840910890504,1,3,1,131,At Risk
BE-11335,Bill Eplett,Home Office,5,4204.676,1487.7739000000001,35,2017-09-02,2016-01-15,119,840.9352000000001,0.001830347564579484,2,2,4,224,Potential Loyalists
BE-11410,Bobby Elias,Consumer,5,2261.438,755.9150999999999,19,2017-09-23,2016-02-07,98,452.2876,0.0009844319837598661,3,2,3,323,Potential Loyalists
BE-11455,Brad Eason,Home Office,6,1727.652,139.20080000000002,40,2017-04-20,2015-08-02,254,287.942,0.0007520683236094469,1,3,2,132,New / Promising
BF-10975,Barbara Fisher,Corporate,7,599.798,227.4384,38,2017-09-30,2014-07-14,91,85.68542857142857,0.00026109950173084566,3,3,1,331,New / Promising
BF-11005,Barry Franz,Home Office,4,1333.88,-291.38109999999995,26,2017-11-21,2014-09-25,39,333.47,0.0005806544926270853,4,1,2,412,New / Promising
BF-11020,Barry Französisch,Corporate,8,2888.506,302.02,78,2017-10-17,2014-02-15,74,361.06325,0.0012574024544039128,3,4,4,344,Loyal Customers
BF-11080,Bart Folk,Consumer,3,272.95,110.9272,29,2017-12-05,2014-11-28,25,90.98333333333333,0.00011881851722985793,5,1,1,511,New / Promising
BF-11170,Ben Ferrer,Home Office,11,5907.972,1538.2127,102,2017-12-14,2014-04-13,16,537.0883636363636,0.00257181341958424,5,5,5,555,Champions
BF-11215,Benjamin Farhat,Home Office,4,1585.162,523.2133,48,2017-10-26,2014-11-09,65,396.2905,0.000690040660960308,3,1,2,312,New / Promising
BF-11275,Beth Fritzler,Corporate,3,791.9899999999999,25.870199999999997,11,2017-11-03,2014-03-22,57,263.9966666666666,0.00034476306085684256,3,1,1,311,At Risk
BG-11035,Barry Gonzalez,Consumer,8,2798.948,-711.4274,35,2017-12-02,2014-11-05,28,349.8685,0.0012184167472558212,4,4,4,444,Loyal Customers
BG-11695,Brooke Gillingham,Corporate,6,1874.172,107.5715,24,2017-11-24,2014-05-11,36,312.362,0.0008158502951958868,4,3,3,433,Loyal Customers
BG-11740,Bruce Geld,Consumer,6,1006.356,119.34790000000001,22,2017-11-03,2014-03-23,57,167.726,0.0004380792369495179,3,3,2,332,Potential Loyalists
BH-11710,Brosina Hoffman,Consumer,8,6255.351,802.7898,97,2017-12-07,2014-06-09,23,781.918875,0.002723031802792852,5,4,5,545,Champions
BK-11260,Berenike Kampe,Consumer,6,659.1379999999999,-63.764399999999995,58,2017-10-14,2014-08-03,77,109.85633333333332,0.000286930939035919,3,3,1,331,New / Promising
BM-11140,Becky Martin,Consumer,4,11789.63,-1659.9580999999998,64,2017-02-26,2014-09-08,307,2947.4075,0.005132172028901447,1,1,5,115,New / Promising
BM-11575,Brendan Murry,Corporate,6,808.162,95.58160000000001,22,2017-09-21,2015-09-15,100,134.69366666666667,0.00035180293285039916,3,3,1,331,New / Promising
BM-11650,Brian Moss,Corporate,11,7294.185,2199.2781,95,2017-11-27,2014-07-09,33,663.1077272727273,0.0031752491155899298,4,5,5,455,Champions
BM-11785,Bryan Mills,Consumer,10,1338.842,137.7439,44,2017-05-26,2014-06-06,218,133.88420000000002,0.0005828145127131616,2,5,2,252,Potential Loyalists
BN-11470,Brad Norvell,Corporate,4,265.296,36.6131,15,2017-12-06,2014-09-12,24,66.324,0.00011548663618616007,5,1,1,511,New / Promising
BN-11515,Bradley Nguyen,Consumer,5,1459.344,340.7054,79,2017-12-21,2014-03-17,9,291.8688,0.0006352705265004206,5,2,2,522,Potential Loyalists
BO-11350,Bill Overfelt,Corporate,5,2682.728,278.77700000000004,43,2017-08-15,2016-01-03,137,536.5456,0.0011678247411284937,2,2,3,223,New / Promising
BO-11425,Bobby Odegard,Consumer,2,130.83,59.4522,7,2017-10-16,2015-09-10,75,65.415,5.6951920165533305e-05,3,1,1,311,At Risk
BP-11050,Barry Pond,Corporate,5,983.42,209.78300000000002,30,2017-10-08,2014-10-12,83,196.684,0.0004280949119406004,3,2,2,322,New / Promising
BP-11095,Bart Pistole,Corporate,12,2442.044,433.9751,70,2017-12-13,2014-06-07,17,203.50366666666665,0.0010630520135192203,5,5,3,553,Champions
BP-11155,Becky Pak,Consumer,6,1697.8609999999999,647.3847000000001,32,2017-10-02,2015-06-04,89,282.97683333333333,0.000739099932157552,3,3,2,332,Potential Loyalists
BP-11185,Ben Peterman,Corporate,9,3675.861,363.5991,69,2017-12-29,2015-03-24,1,408.429,0.0016001478423266636,5,5,4,554,Champions
BP-11230,Benjamin Patterson,Consumer,5,1181.49,-197.2695,14,2017-11-21,2014-04-20,39,236.298,0.0005143172373031869,4,2,2,422,Potential Loyalists
BP-11290,Beth Paige,Consumer,7,2475.157,-319.0637,51,2017-12-18,2014-10-03,12,353.5938571428572,0.0010774665127353123,5,3,3,533,Loyal Customers
BS-11365,Bill Shonely,Corporate,5,10501.653,2616.0643999999998,39,2016-06-20,2014-05-04,558,2100.3306000000002,0.00457149968097633,1,2,5,125,Potential Loyalists
BS-11380,Bill Stewart,Corporate,5,3887.834,-17.532200000000024,58,2017-12-02,2014-11-29,28,777.5668,0.001692422315866743,4,2,4,424,Loyal Customers
BS-11590,Brendan Sweed,Corporate,6,2454.928,381.7807,41,2017-11-25,2014-01-14,35,409.1546666666666,0.001068660578369887,4,3,3,433,Loyal Customers
BS-11665,Brian Stugart,Consumer,3,3288.1099999999997,238.73680000000002,47,2016-05-27,2014-06-23,582,1096.0366666666666,0.00143135502725286,1,1,4,114,New / Promising
BS-11755,Bruce Stewart,Consumer,7,2562.382,-113.29840000000003,45,2017-12-29,2014-05-18,1,366.0545714285714,0.0011154366360742914,5,3,3,533,Loyal Customers
BS-11800,Bryan Spruell,Home Office,2,949.4300000000001,194.0516,22,2017-04-09,2015-09-26,265,474.71500000000003,0.00041329864375725967,1,1,1,111,Lost / Low Value
BT-11305,Beth Thompson,Home Office,5,2567.656,417.5918,33,2017-01-28,2014-04-25,336,513.5312,0.0011177324736264813,1,2,3,123,New / Promising
BT-11395,Bill Tyler,Corporate,6,2186.6130000000003,257.9163,38,2017-03-03,2014-10-28,302,364.43550000000005,0.0009518597340741213,1,3,3,133,New / Promising
BT-11440,Bobby Trafton,Consumer,4,603.876,-77.5256,16,2016-06-18,2014-06-04,560,150.969,0.00026287470566293343,1,1,1,111,Lost / Low Value
BT-11485,Brad Thomas,Home Office,2,415.19599999999997,126.8694,11,2016-03-11,2015-12-27,659,207.59799999999998,0.00018073996365549768,1,1,1,111,Lost / Low Value
BT-11530,Bradley Talbott,Home Office,5,2684.4919999999997,409.4983,44,2017-09-30,2014-05-21,91,536.8983999999999,0.0011685926321869052,3,2,3,323,Potential Loyalists
BT-11680,Brian Thompson,Consumer,7,3196.752,447.74839999999995,88,2017-12-10,2014-11-28,20,456.6788571428571,0.0013915857578002666,5,3,4,534,Loyal Customers
BV-11245,Benjamin Venier,Corporate,5,1523.2730000000001,315.2214,49,2017-01-30,2015-03-26,334,304.6546,0.000663099612369582,1,2,2,122,At Risk
BW-11065,Barry Weirich,Consumer,3,385.516,-58.28659999999999,8,2017-06-01,2014-05-25,212,128.50533333333334,0.00016781989187904714,2,1,1,211,At Risk
BW-11110,Bart Watters,Corporate,8,4750.358,921.2574,74,2017-08-31,2015-03-20,121,593.79475,0.002067889700937877,2,4,5,245,Loyal Customers
BW-11200,Ben Wallace,Consumer,6,1738.406,246.9973,49,2017-06-10,2014-08-12,203,289.7343333333333,0.0007567496730664532,2,3,2,232,New / Promising
CA-11965,Carol Adams,Corporate,6,3789.7228,1143.3817,29,2017-09-25,2014-01-26,96,631.6204666666666,0.0016497132947726157,3,3,4,334,Loyal Customers
CA-12055,Cathy Armstrong,Home Office,5,1679.7240000000002,211.2559,49,2016-11-24,2015-09-05,401,335.94480000000004,0.0007312046713149145,1,2,2,122,At Risk
CA-12265,Christina Anderson,Consumer,9,2648.2872,279.6183,65,2017-11-04,2014-03-25,56,294.25413333333336,0.0011528322341191144,3,5,3,353,Loyal Customers
CA-12310,Christine Abelman,Corporate,4,1421.954,246.02179999999998,25,2017-12-17,2014-07-19,13,355.4885,0.0006189941961863543,5,1,2,512,Potential Loyalists
CA-12775,Cynthia Arntzen,Consumer,7,3041.566,204.48950000000002,72,2017-09-01,2014-06-28,120,434.50942857142854,0.0013240313690300422,2,3,4,234,Potential Loyalists
CB-12025,Cassandra Brandow,Consumer,10,6076.139,150.2089,122,2017-11-13,2014-03-21,47,607.6139000000001,0.0026450185985070957,4,5,5,455,Champions
CB-12415,Christy Brittain,Consumer,8,1949.2,272.3883,44,2017-12-04,2015-11-05,26,243.65,0.000848510913297084,5,4,3,543,Loyal Customers
CB-12535,Claudia Bergmann,Corporate,8,4246.4555,1049.5601,74,2017-06-16,2015-01-02,197,530.8069375,0.0018485346986355559,2,4,4,244,Loyal Customers
CC-12100,Chad Cunningham,Home Office,6,1770.945,208.5912,46,2016-09-29,2014-12-16,457,295.15749999999997,0.0007709143029698874,1,3,3,133,New / Promising
CC-12145,Charles Crestani,Consumer,7,2471.65,392.2825,31,2017-09-15,2014-07-20,106,353.09285714285716,0.001075939872178708,2,3,3,233,Potential Loyalists
CC-12220,Chris Cortes,Consumer,12,3913.418,393.9618,81,2017-12-10,2014-09-09,20,326.1181666666667,0.0017035593480880609,5,5,4,554,Champions
CC-12370,Christopher Conant,Consumer,5,12129.072000000002,2177.0493,34,2017-11-17,2016-05-23,43,2425.8144,0.005279935337659599,4,2,5,425,Loyal Customers
CC-12430,Chuck Clark,Home Office,10,2870.05,424.6583,63,2017-12-30,2015-09-06,0,287.005,0.001249368328908422,5,5,4,554,Champions
CC-12475,Cindy Chapman,Consumer,9,1659.438,154.851,40,2017-11-21,2014-05-16,39,184.382,0.0007223739241431801,4,5,2,452,Loyal Customers
CC-12550,Clay Cheatham,Consumer,3,113.832,33.870599999999996,14,2017-12-03,2017-06-15,27,37.943999999999996,4.9552480136688724e-05,4,1,1,411,New / Promising
CC-12610,Corey Catlett,Corporate,7,2540.631,331.434,39,2017-11-26,2014-08-27,34,362.94728571428567,0.0011059681562491709,4,3,3,433,Loyal Customers
CC-12670,Craig Carreira,Consumer,7,2269.7015,187.8399,47,2017-12-01,2014-12-23,29,324.24307142857145,0.0009880291877061161,4,3,3,433,Loyal Customers
CC-12685,Craig Carroll,Consumer,4,2854.1150000000002,850.1591,51,2015-10-23,2014-03-22,799,713.5287500000001,0.001242431625951625,1,1,4,114,New / Promising
CD-11920,Carlos Daly,Consumer,5,2033.968,426.661,35,2017-11-20,2014-03-24,40,406.7936,0.0008854114740904184,4,2,3,423,Potential Loyalists
CD-11980,Carol Darley,Consumer,3,639.766,-206.7172,22,2017-11-06,2016-11-24,54,213.2553333333333,0.00027849806738991495,3,1,1,311,At Risk
CD-12280,Christina DeMoss,Consumer,2,1205.584,233.0274,39,2017-11-18,2017-11-05,42,602.792,0.0005248056540613338,4,1,2,412,New / Promising
CD-12790,Cynthia Delaney,Home Office,5,1860.732,403.8422,49,2016-11-26,2014-02-02,399,372.14639999999997,0.0008099996966556073,1,2,3,123,New / Promising
CG-12040,Catherine Glotzbach,Home Office,6,904.4680000000001,86.5106,37,2017-11-11,2015-06-01,49,150.7446666666667,0.0003937261280155895,4,3,1,431,Potential Loyalists
CG-12520,Claire Gute,Consumer,3,1148.7800000000002,169.93439999999998,14,2017-01-26,2015-10-15,338,382.92666666666673,0.0005000781689808251,1,1,2,112,At Risk
CH-12070,Cathy Hwang,Home Office,3,1537.236,195.15109999999999,13,2016-02-08,2015-06-25,691,512.412,0.0006691778792905584,1,1,2,112,At Risk
CJ-11875,Carl Jackson,Corporate,1,16.52,1.652,5,2016-12-30,2016-12-30,365,16.52,7.1913607057602235e-06,1,1,1,111,Lost / Low Value
CJ-12010,Caroline Jumper,Consumer,8,11164.974,858.7414,83,2017-06-24,2016-03-10,189,1395.62175,0.004860251531745433,2,4,5,245,Loyal Customers
CK-12205,Chloris Kastensmidt,Consumer,13,3154.855,141.2831,122,2017-11-21,2014-03-11,39,242.68115384615385,0.0013733474745382065,4,5,4,454,Champions
CK-12325,Christine Kargatis,Home Office,5,2945.321,261.22090000000003,46,2017-09-01,2014-03-14,120,589.0642,0.0012821347279207268,2,2,4,224,Potential Loyalists
CK-12595,Clytie Kelty,Consumer,11,2372.75,497.70980000000003,108,2017-11-17,2014-12-26,43,215.70454545454547,0.0010328874766702524,4,5,3,453,Loyal Customers
CK-12760,Cyma Kinney,Corporate,9,1582.109,-338.4311,64,2017-10-09,2014-02-07,82,175.78988888888887,0.0006887116522293948,3,5,2,352,Loyal Customers
CL-11890,Carl Ludwig,Consumer,4,1262.0140000000001,328.0847,24,2017-09-15,2014-07-26,106,315.50350000000003,0.0005493703323074627,2,1,2,212,At Risk
CL-12565,Clay Ludtke,Consumer,12,10880.546,1933.7830999999999,106,2017-03-21,2014-03-04,284,906.7121666666667,0.0047364364988872025,1,5,5,155,Loyal Customers
CL-12700,Craig Leslie,Home Office,5,2353.586,229.00990000000002,34,2017-09-16,2016-04-24,105,470.71719999999993,0.0010245451500016573,2,2,3,223,New / Promising
CM-11815,Candace McMahon,Corporate,6,1673.888,214.463,38,2017-08-21,2014-11-14,131,278.98133333333334,0.0007286641881987633,2,3,2,232,New / Promising
CM-11935,Carlos Meador,Consumer,2,565.392,-43.732400000000005,18,2016-01-22,2015-09-24,708,282.696,0.0002461221435926867,1,1,1,111,Lost / Low Value
CM-12115,Chad McGuire,Consumer,4,1661.6100000000001,409.0679,35,2017-12-22,2015-03-29,8,415.40250000000003,0.0007233194226572788,5,1,2,512,Potential Loyalists
CM-12160,Charles McCrossin,Consumer,6,2533.314,-394.3686,23,2017-12-04,2016-10-21,26,422.219,0.0011027829754813713,5,3,3,533,Loyal Customers
CM-12190,Charlotte Melton,Consumer,6,1475.144,91.2033,21,2017-12-22,2015-09-18,8,245.85733333333334,0.0006421484622843801,5,3,2,532,Loyal Customers
CM-12235,Chris McAfee,Consumer,5,2305.712,365.0387,28,2016-12-10,2016-05-01,385,461.1424,0.00100370500457626,1,2,3,123,New / Promising
CM-12385,Christopher Martinez,Consumer,4,8954.019999999999,3899.8903999999998,34,2017-11-23,2015-03-16,37,2238.5049999999997,0.003897795858752491,4,1,5,415,Loyal Customers
CM-12445,Chuck Magee,Consumer,3,287.99,64.4296,32,2016-10-20,2014-06-09,436,95.99666666666667,0.0001253656155963612,1,1,1,111,Lost / Low Value
CM-12655,Corinna Mitchell,Home Office,6,6339.5576,1572.4585,42,2017-12-03,2015-03-19,27,1056.5929333333333,0.0027596879792096607,4,3,5,435,Loyal Customers
CM-12715,Craig Molinari,Corporate,4,3984.4524,176.3108,57,2015-03-01,2014-03-07,1035,996.1131,0.0017344815026230035,1,1,4,114,New / Promising
CP-12085,Cathy Prescott,Corporate,8,5402.254,427.0258,57,2017-10-09,2014-12-04,82,675.28175,0.0023516681076353506,3,4,5,345,Loyal Customers
CP-12340,Christine Phan,Corporate,8,5888.275,-1850.3029000000001,59,2017-07-23,2014-03-17,160,736.034375,0.002563239071411034,2,4,5,245,Loyal Customers
CR-12580,Clay Rozendal,Home Office,4,2148.852,74.40129999999999,32,2017-11-03,2016-04-18,57,537.213,0.0009354219028628491,3,1,3,313,New / Promising
CR-12625,Corey Roper,Home Office,3,475.9,144.7594,14,2016-09-16,2014-06-01,470,158.63333333333333,0.00020716516706242679,1,1,1,111,Lost / Low Value
CR-12730,Craig Reiter,Consumer,4,1600.55,306.9176,18,2017-10-13,2014-08-20,78,400.1375,0.0006967392480390149,3,1,2,312,New / Promising
CR-12820,Cyra Reiten,Home Office,3,1397.8724,83.27029999999999,26,2017-10-06,2015-01-24,85,465.9574666666667,0.0006085111773018606,3,1,2,312,New / Promising
CS-11845,Cari Sayre,Corporate,5,1278.954,185.3776,22,2017-09-30,2014-12-14,91,255.7908,0.0005567445242176066,3,2,2,322,New / Promising
CS-11860,Cari Schnelling,Consumer,6,537.632,105.8275,16,2017-07-21,2014-05-02,162,89.60533333333332,0.0002340378716077046,2,3,1,231,New / Promising
CS-11950,Carlos Soltero,Consumer,11,3036.547,-126.4223,68,2017-12-05,2014-06-08,25,276.0497272727273,0.0013218465361376568,5,5,4,554,Champions
CS-12130,Chad Sievert,Consumer,4,884.64,143.8339,28,2016-08-28,2014-08-05,489,221.16,0.00038509475391911165,1,1,1,111,Lost / Low Value
CS-12175,Charles Sheldon,Corporate,5,844.4580000000001,113.1405,30,2017-05-12,2014-08-12,232,168.8916,0.000367603031408285,1,2,1,121,At Risk
CS-12250,Chris Selesnick,Corporate,12,2754.216,738.3626,97,2017-12-04,2014-01-13,26,229.518,0.0011989443533641708,5,5,4,554,Champions
CS-12355,Christine Sundaresam,Consumer,11,3202.1620000000003,831.9432,74,2017-12-24,2014-08-15,6,291.1056363636364,0.0013939407978376859,5,5,4,554,Champions
CS-12400,Christopher Schild,Home Office,9,3651.8585000000003,-342.80330000000004,47,2017-12-28,2014-09-26,2,405.7620555555556,0.001589699256652329,5,5,4,554,Champions
CS-12460,Chuck Sachs,Consumer,2,550.644,156.2593,13,2017-12-03,2017-07-03,27,275.322,0.00023970215644446928,4,1,1,411,New / Promising
CS-12490,Cindy Schnelling,Corporate,4,1077.2285,-302.8761,33,2016-11-01,2015-01-12,424,269.307125,0.0004689309144082946,1,1,2,112,At Risk
CS-12505,Cindy Stewart,Consumer,6,5690.054999999999,-6626.389499999999,40,2017-11-02,2014-03-26,58,948.3424999999999,0.002476951449189739,3,3,5,335,Loyal Customers
CT-11995,Carol Triggs,Consumer,8,3241.898,161.22629999999995,60,2017-09-25,2014-05-07,96,405.23725,0.0014112383710219527,3,4,4,344,Loyal Customers
CV-12295,Christina VanderZanden,Consumer,5,2830.6279999999997,493.0861,54,2017-04-20,2014-03-28,254,566.1256,0.0012322074438150515,1,2,4,124,New / Promising
CV-12805,Cynthia Voltz,Corporate,9,2370.3136,98.99749999999999,62,2017-12-25,2016-05-09,5,263.36817777777776,0.0010318268815598703,5,5,3,553,Champions
CW-11905,Carl Weiss,Home Office,6,1136.592,370.8298,40,2017-12-08,2014-06-09,22,189.43200000000002,0.0004947725815545657,5,3,2,532,Loyal Customers
CY-12745,Craig Yedwab,Corporate,8,2900.026,60.64670000000001,43,2017-10-31,2014-12-12,60,362.50325,0.0012624172531527239,3,4,4,344,Loyal Customers
Co-12640,Corey-Lock,Consumer,5,1300.076,205.62820000000002,30,2016-06-29,2014-06-20,549,260.0152,0.0005659391925485429,1,2,2,122,At Risk
DA-13450,Dianna Arnett,Home Office,4,156.76,56.7904,27,2017-01-12,2014-04-25,352,39.19,6.823957047427196e-05,1,1,1,111,Lost / Low Value
DB-12910,Daniel Byrd,Home Office,8,2171.599,431.3748,47,2017-12-09,2014-10-24,21,271.449875,0.000945323953829794,5,4,3,543,Loyal Customers
DB-12970,Darren Budd,Corporate,5,2839.2272,213.00289999999998,43,2017-05-03,2014-11-12,241,567.8454399999999,0.001235950782131091,1,2,4,124,New / Promising
DB-13060,Dave Brooks,Consumer,7,4531.646,473.0272,48,2017-12-14,2014-03-01,16,647.3779999999999,0.001972681657192221,5,3,5,535,Champions
DB-13120,David Bremer,Corporate,7,2973.094,-1421.7692,59,2017-11-12,2015-05-01,48,424.7277142857143,0.001294224658966797,4,3,4,434,Loyal Customers
DB-13210,Dean Braden,Consumer,10,2332.577,169.9679,75,2017-12-21,2015-03-22,9,233.25770000000003,0.0010153996719709484,5,5,3,553,Champions
DB-13270,Deborah Brumfield,Home Office,8,4655.897,841.8263999999999,52,2017-11-07,2014-02-04,53,581.987125,0.002026769657134801,4,4,5,445,Champions
DB-13360,Dennis Bolton,Home Office,5,1081.466,291.0085,28,2017-04-10,2014-11-19,264,216.29319999999998,0.000470775550666809,1,2,2,122,At Risk
DB-13405,Denny Blanton,Consumer,4,1711.692,438.9092,62,2017-06-26,2015-08-08,187,427.923,0.000745120737842865,2,1,2,212,At Risk
DB-13555,Dorothy Badders,Corporate,7,3908.8028,109.32700000000001,61,2017-09-14,2014-04-21,107,558.4004,0.0017015502943393184,2,3,4,234,Potential Loyalists
DB-13615,Doug Bickford,Consumer,7,1989.05,438.80119999999994,41,2017-11-27,2014-09-30,33,284.15,0.0008658581120939693,4,3,3,433,Loyal Customers
DB-13660,Duane Benoit,Consumer,7,1155.202,177.67350000000002,33,2017-12-18,2014-06-17,12,165.02885714285713,0.0005028737451583306,5,3,2,532,Loyal Customers
DC-12850,Dan Campbell,Consumer,9,3336.168,-1441.6312999999998,64,2017-11-23,2014-07-05,37,370.68533333333335,0.0014522752701582734,4,5,4,454,Champions
DC-13285,Debra Catini,Consumer,5,1174.618,132.06820000000002,37,2017-12-07,2014-12-29,23,234.9236,0.0005113257705495558,5,2,2,522,Potential Loyalists
DD-13570,Dorothy Dickinson,Consumer,6,269.542,36.4344,33,2017-11-19,2014-03-31,41,44.92366666666666,0.00011733497260000134,4,3,1,431,Potential Loyalists
DE-13255,Deanra Eno,Home Office,5,2550.874,464.47139999999996,38,2016-01-11,2014-08-22,719,510.17479999999995,0.001110427061074177,1,2,3,123,New / Promising
DF-13135,David Flashing,Consumer,3,2390.534,-259.3097,23,2016-01-30,2014-10-04,700,796.8446666666667,0.0010406290722387295,1,1,3,113,At Risk
DG-13300,Deirdre Greer,Corporate,5,3195.818,562.7761,39,2017-11-28,2014-11-01,32,639.1636000000001,0.0013911791760267088,4,2,4,424,Loyal Customers
DH-13075,Dave Hallsten,Corporate,6,4932.872,1193.7404,81,2017-03-28,2014-11-21,277,822.1453333333334,0.002147340306740003,1,3,5,135,Potential Loyalists
DH-13675,Duane Huffman,Home Office,4,1043.096,116.667,41,2015-11-15,2014-08-12,776,260.774,0.0004540726142091808,1,1,2,112,At Risk
DJ-13420,Denny Joy,Corporate,4,2012.52,483.03499999999997,20,2016-04-02,2014-12-08,637,503.13,0.000876074893919889,1,1,3,113,At Risk
DJ-13510,Don Jones,Corporate,8,2501.6879999999996,345.2521,52,2017-11-12,2014-08-17,48,312.71099999999996,0.001089015785791276,4,4,3,443,Loyal Customers
DJ-13630,Doug Jacobs,Consumer,3,3356.398,731.5644,43,2017-12-18,2015-12-14,12,1118.7993333333334,0.0014610816398360899,5,1,4,514,Loyal Customers
DK-12835,Damala Kotsonis,Corporate,12,3256.48,881.1228000000001,86,2017-12-09,2014-03-26,21,271.37333333333333,0.0014175860963131994,5,5,4,554,Champions
DK-12895,Dana Kaydos,Consumer,5,4282.176,937.6496,65,2017-11-15,2015-03-08,45,856.4352000000001,0.001864084274912197,4,2,4,424,Loyal Customers
DK-12985,Darren Koutras,Consumer,5,1687.04,-107.35379999999998,32,2017-12-23,2014-11-24,7,337.408,0.0007343894167703225,5,2,2,522,Potential Loyalists
DK-13090,Dave Kipp,Consumer,7,2650.557,536.3935,33,2017-11-18,2015-03-02,42,378.65099999999995,0.0011538203061850908,4,3,3,433,Loyal Customers
DK-13150,David Kendrick,Corporate,2,797.832,249.9447,20,2017-12-20,2014-12-05,10,398.916,0.00034730615584734206,5,1,1,511,New / Promising
DK-13225,Dean Katz,Corporate,9,4802.394,209.89940000000004,70,2017-12-20,2014-03-14,10,533.5993333333333,0.0020905416165362387,5,5,5,555,Champions
DK-13375,Dennis Kane,Consumer,8,3318.486,377.0799,77,2017-12-11,2014-09-07,19,414.81075,0.0014445780764537179,5,4,4,544,Champions
DL-12865,Dan Lawera,Consumer,8,1503.112,322.2449,51,2017-09-21,2014-06-29,100,187.889,0.0006543232792467713,3,4,2,342,Potential Loyalists
DL-12925,Daniel Lacy,Consumer,6,3272.2,4.213200000000029,43,2017-11-03,2014-09-09,57,545.3666666666667,0.0014244292071058477,3,3,4,334,Loyal Customers
DL-13315,Delfina Latchford,Consumer,8,1458.258,288.8732,74,2017-12-08,2014-01-16,22,182.28225,0.0006347977772433712,5,4,2,542,Loyal Customers
DL-13330,Denise Leinenbach,Consumer,4,585.02,222.6812,32,2017-11-03,2014-06-23,57,146.255,0.0002546664552108866,3,1,1,311,At Risk
DL-13495,Dionis Lloyd,Corporate,8,3539.322,-52.78799999999997,33,2017-10-15,2015-12-25,76,442.41525,0.0015407107237186857,3,4,4,344,Loyal Customers
DM-12955,Dario Medina,Corporate,7,1322.034,108.7583,28,2017-09-07,2014-09-30,114,188.86200000000002,0.0005754977820386811,2,3,2,232,New / Promising
DM-13015,Darrin Martin,Consumer,7,6345.103,1677.3931,87,2017-11-03,2014-09-14,57,906.4432857142857,0.0027621019605448736,3,3,5,335,Loyal Customers
DM-13345,Denise Monton,Corporate,8,4074.4719999999998,1319.0586,41,2017-12-08,2014-11-03,22,509.30899999999997,0.0017736681499709605,5,4,4,544,Champions
DM-13525,Don Miller,Corporate,3,1376.792,199.7688,33,2016-09-05,2014-07-05,481,458.93066666666664,0.0005993346179664061,1,1,2,112,At Risk
DN-13690,Duane Noonan,Consumer,7,2139.79,540.5405000000001,41,2017-05-27,2014-09-20,217,305.6842857142857,0.0009314771019720744,2,3,3,233,Potential Loyalists
DO-13435,Denny Ordway,Consumer,9,1300.0315,-38.90860000000001,48,2017-08-19,2014-10-03,133,144.44794444444446,0.0005659198211471261,2,5,2,252,Potential Loyalists
DO-13645,Doug O'Connell,Consumer,7,1267.316,294.0676,36,2017-12-04,2015-11-07,26,181.04514285714285,0.0005516783586066116,5,3,2,532,Loyal Customers
DP-13000,Darren Powers,Consumer,9,1050.636,241.4524,58,2017-08-26,2014-01-03,126,116.73733333333332,0.0004573548696402602,2,5,2,252,Potential Loyalists
DP-13105,Dave Poirier,Corporate,8,2215.002,563.1761,63,2017-12-24,2015-08-22,6,276.87525,0.0009642178175532873,5,4,3,543,Loyal Customers
DP-13165,David Philippe,Consumer,2,1058.616,-40.93759999999999,20,2015-10-10,2014-12-02,812,529.308,0.00046082866252355114,1,1,2,112,At Risk
DP-13390,Dennis Pardue,Home Office,9,5480.723999999999,1571.8318,50,2017-01-06,2014-07-05,358,608.9693333333332,0.0023858270709877115,1,5,5,155,Loyal Customers
DR-12880,Dan Reichenbach,Corporate,9,6528.034000000001,1641.8613,103,2017-12-27,2015-09-25,3,725.3371111111112,0.0028417340916142095,5,5,5,555,Champions
DR-12940,Daniel Raglin,Home Office,8,8350.868,2869.0759999999996,57,2017-11-10,2014-03-28,50,1043.8585,0.0036352363192609246,4,4,5,445,Champions
DS-13030,Darrin Sayre,Home Office,4,1762.213,193.3319,54,2017-09-28,2014-07-09,93,440.55325,0.0007671131551682713,3,1,3,313,New / Promising
DS-13180,David Smith,Corporate,9,2881.8128,163.6993,68,2017-12-07,2014-04-28,23,320.2014222222222,0.0012544888215058625,5,5,4,554,Champions
DV-13045,Darrin Van Huff,Corporate,5,1119.483,-427.184,28,2017-12-11,2016-06-12,19,223.89659999999998,0.00048732482185027677,5,2,2,522,Potential Loyalists
DV-13465,Dianna Vittorini,Consumer,6,3341.587,353.2127,62,2017-12-01,2014-06-22,29,556.9311666666666,0.001454634228007215,4,3,4,434,Loyal Customers
DW-13195,David Wiener,Corporate,6,1080.751,-86.87379999999999,39,2017-10-22,2014-01-18,69,180.12516666666667,0.00047046430230696535,3,3,2,332,Potential Loyalists
DW-13480,Dianna Wilson,Home Office,5,5271.628,1348.7556,38,2017-05-27,2014-06-01,217,1054.3256,0.0022948049911976605,2,2,5,225,Potential Loyalists
DW-13540,Don Weiss,Consumer,5,344.08,69.6672,21,2017-09-23,2016-02-27,98,68.816,0.00014978228762941754,3,2,1,321,New / Promising
DW-13585,Dorothy Wardle,Corporate,7,1204.854,-266.8966,44,2017-05-02,2014-08-24,242,172.122,0.0005244878760156192,1,3,2,132,New / Promising
Dl-13600,Dorris liebe,Corporate,5,755.602,175.2388,19,2017-09-02,2014-03-30,119,151.1204,0.0003289229135589489,2,2,1,221,At Risk
Dp-13240,Dean percer,Home Office,11,7198.7609999999995,333.36479999999995,99,2017-10-07,2014-05-26,84,654.4328181818181,0.003133709865953945,3,5,5,355,Champions
EA-14035,Erin Ashbrook,Corporate,13,2846.705,-52.74059999999998,87,2017-07-31,2014-09-13,152,218.97730769230768,0.001239205961131426,2,5,4,254,Loyal Customers
EB-13705,Ed Braxton,Corporate,9,3644.978,13.621500000000005,55,2017-11-12,2014-07-08,48,404.99755555555555,0.0015867040897433711,4,5,4,454,Champions
EB-13750,Edward Becker,Corporate,10,3236.314,-80.28599999999999,91,2017-11-25,2015-03-12,35,323.6314,0.0014088075866284318,4,5,4,454,Champions
EB-13840,Ellis Ballard,Corporate,5,4358.128,656.1988,41,2017-10-01,2014-05-30,90,871.6256,0.0018971471216630382,3,2,5,325,Loyal Customers
EB-13870,Emily Burns,Consumer,10,2767.219,261.5315,41,2017-09-21,2014-05-05,100,276.7219,0.0012046047203894128,3,5,4,354,Loyal Customers
EB-13930,Eric Barreto,Consumer,5,944.6000000000001,0.6042000000000058,24,2017-07-22,2014-02-02,161,188.92000000000002,0.00041119608490684676,2,2,1,221,At Risk
EB-13975,Erica Bern,Corporate,4,1643.255,162.8781,18,2017-12-30,2016-01-04,0,410.81375,0.0007153292637133182,5,1,2,512,Potential Loyalists
EB-14110,Eugene Barchas,Consumer,6,3071.126,184.7656,30,2017-09-08,2015-04-13,113,511.8543333333334,0.0013368992033195263,2,3,4,234,Potential Loyalists
EB-14170,Evan Bailliet,Consumer,6,1186.326,282.1701,20,2017-10-09,2014-09-29,82,197.721,0.0005164224080279481,3,3,2,332,Potential Loyalists
EC-14050,Erin Creighton,Consumer,5,461.914,96.4256,37,2017-11-07,2014-12-17,53,92.3828,0.00020107688795644843,3,2,1,321,New / Promising
ED-13885,Emily Ducich,Home Office,8,3484.92,670.4435000000001,54,2017-08-17,2014-08-09,135,435.615,0.0015170288590022954,2,4,4,244,Loyal Customers
EG-13900,Emily Grady,Consumer,5,1832.02,104.2656,44,2017-12-08,2015-11-02,22,366.404,0.0007975010072740221,5,2,3,523,Loyal Customers
EH-13765,Edward Hooks,Corporate,12,10310.880000000001,1393.5154,120,2017-08-17,2014-04-12,135,859.2400000000001,0.004488453830133716,2,5,5,255,Loyal Customers
EH-13945,Eric Hoffmann,Consumer,8,684.1709999999999,53.53980000000001,72,2017-05-27,2014-07-02,217,85.52137499999999,0.000297828114129581,2,4,1,241,New / Promising
EH-13990,Erica Hackney,Consumer,6,825.9499999999999,150.3759,20,2016-11-20,2014-01-15,405,137.65833333333333,0.0003595462696684417,1,3,1,131,At Risk
EH-14005,Erica Hernandez,Home Office,7,1219.53,-94.14079999999997,50,2017-12-28,2014-05-13,2,174.21857142857144,0.0005308765206716565,5,3,2,532,Loyal Customers
EH-14125,Eugene Hildebrand,Home Office,10,3082.653,96.27019999999999,76,2017-07-31,2014-10-19,152,308.26529999999997,0.0013419170492550768,2,5,4,254,Loyal Customers
EH-14185,Evan Henry,Consumer,6,923.884,242.1107,22,2017-09-16,2014-05-22,105,153.98066666666668,0.0004021781534068147,2,3,1,231,New / Promising
EJ-13720,Ed Jacobs,Consumer,4,2162.174,387.0176,31,2017-03-03,2014-01-27,302,540.5435,0.0009412211345409447,1,1,3,113,At Risk
EJ-14155,Eva Jacobs,Consumer,5,2656.691,451.87550000000005,31,2017-11-03,2014-03-03,57,531.3381999999999,0.001156490512393876,3,2,3,323,Potential Loyalists
EK-13795,Eileen Kiefer,Home Office,4,1303.478,97.10659999999999,18,2017-11-16,2014-03-18,44,325.8695,0.0005674201253040512,4,1,2,412,New / Promising
EL-13735,Ed Ludwig,Home Office,2,124.28,27.1154,9,2017-10-14,2016-04-22,77,62.14,5.410062400192982e-05,3,1,1,311,At Risk
EM-13810,Eleni McCrary,Corporate,5,2567.0099999999998,-133.8275,23,2017-08-20,2015-06-07,132,513.4019999999999,0.0011174512618216436,2,2,3,223,New / Promising
EM-13825,Elizabeth Moffitt,Corporate,8,2339.598,682.5541999999999,57,2017-11-05,2014-12-02,55,292.44975,0.0010184560002708964,3,4,3,343,Loyal Customers
EM-13960,Eric Murdock,Consumer,5,933.704,102.29599999999999,18,2017-08-01,2015-10-01,151,186.74079999999998,0.00040645292109026294,2,2,1,221,At Risk
EM-14065,Erin Mull,Consumer,4,228.99,40.15459999999999,22,2017-11-13,2014-07-22,47,57.2475,9.96821845043604e-05,4,1,1,411,New / Promising
EM-14095,Eudokia Martin,Corporate,4,1041.0420000000001,240.2362,34,2017-09-08,2015-08-07,113,260.26050000000004,0.0004531784825572661,2,1,2,212,At Risk
EM-14140,Eugene Moren,Home Office,6,4588.436000000001,1319.3655,74,2017-11-12,2014-07-19,48,764.7393333333334,0.0019974030478992506,4,3,5,435,Loyal Customers
EM-14200,Evan Minnotte,Home Office,3,366.822,21.7721,13,2017-07-25,2015-12-20,158,122.274,0.00015968216203440536,2,1,1,211,At Risk
EN-13780,Edward Nazzal,Consumer,4,2199.366,496.1131,27,2017-03-18,2015-05-30,287,549.8415,0.0009574112730015157,1,1,3,113,At Risk
EP-13915,Emily Phan,Consumer,17,5478.0608,144.9578,124,2017-12-18,2014-07-06,12,322.23887058823533,0.0023846677470269625,5,5,5,555,Champions
ER-13855,Elpida Rittenbach,Corporate,3,1245.788,-295.7398,27,2016-11-04,2015-12-21,421,415.2626666666667,0.000542306953444771,1,1,2,112,At Risk
ES-14020,Erica Smith,Consumer,5,3510.4579999999996,1003.2935,31,2017-11-20,2014-09-20,40,702.0916,0.001528145866853609,4,2,4,424,Loyal Customers
ES-14080,Erin Smith,Corporate,9,4657.924,246.6661,77,2017-12-02,2014-10-02,28,517.5471111111111,0.002027652035352148,4,5,5,455,Champions
FA-14230,Frank Atkinson,Corporate,7,2984.054,520.5229,58,2017-09-24,2014-09-19,97,426.2934285714286,0.0012989956827764298,3,3,4,334,Loyal Customers
FC-14245,Frank Carlisle,Home Office,7,3418.742,1217.1662000000001,50,2017-10-21,2015-06-13,70,488.39171428571433,0.0014882207555648984,3,3,4,334,Loyal Customers
FC-14335,Fred Chung,Corporate,7,3889.366,714.2926,37,2017-06-29,2014-10-10,184,555.6237142857143,0.0016930892144503523,2,3,4,234,Potential Loyalists
FG-14260,Frank Gastineau,Home Office,7,1383.144,394.73969999999997,48,2017-11-26,2014-05-21,34,197.592,0.0006020997222765145,4,3,2,432,Potential Loyalists
FH-14275,Frank Hawley,Corporate,10,4256.272,1073.2676,65,2017-11-23,2014-04-06,37,425.6272,0.0018528079427256343,4,5,4,454,Champions
FH-14350,Fred Harton,Consumer,4,2271.284,706.289,52,2017-06-01,2015-08-23,212,567.821,0.0009887180695654907,2,1,3,213,New / Promising
FH-14365,Fred Hopkins,Corporate,8,6987.196,2050.2826,52,2017-12-25,2014-10-20,5,873.3995,0.003041612999869553,5,4,5,545,Champions
FM-14215,Filia McAdams,Corporate,10,2456.638,249.6808,48,2017-12-23,2014-03-11,7,245.66379999999998,0.0010694049625591636,5,5,3,553,Champions
FM-14290,Frank Merwin,Home Office,9,3736.198,198.10949999999997,79,2017-11-24,2014-08-26,36,415.1331111111111,0.0016264132860859526,4,5,4,454,Champions
FM-14380,Fred McMath,Consumer,9,2523.266,191.4898,53,2017-08-07,2015-07-12,145,280.3628888888889,0.0010984089565726862,2,5,3,253,Loyal Customers
FO-14305,Frank Olsen,Consumer,10,2678.438,215.59689999999998,60,2017-11-22,2014-06-09,38,267.8438,0.0011659572509694312,4,5,3,453,Loyal Customers
FP-14320,Frank Preis,Consumer,8,4046.746,406.44730000000004,54,2017-12-07,2014-12-07,23,505.84325,0.0017615986786072859,5,4,4,544,Champions
FW-14395,Fred Wasserman,Corporate,3,79.75,23.491300000000003,9,2017-01-02,2015-03-22,362,26.583333333333332,3.4716163213340064e-05,1,1,1,111,Lost / Low Value
GA-14515,George Ashbrook,Consumer,8,3919.7760000000003,840.899,48,2017-08-03,2014-05-18,149,489.97200000000004,0.0017063270642725175,2,4,4,244,Loyal Customers
GA-14725,Guy Armstrong,Consumer,11,1398.382,136.70790000000002,79,2017-12-25,2014-02-11,5,127.12563636363637,0.0006087330124965129,5,5,2,552,Loyal Customers
GB-14530,George Bell,Corporate,11,1568.44,7.837100000000003,62,2017-10-29,2014-04-28,62,142.58545454545455,0.000682761367151487,3,5,2,352,Loyal Customers
GB-14575,Giulietta Baptist,Consumer,5,4716.288,1135.8393,63,2017-12-17,2015-06-12,13,943.2575999999999,0.0020530586077632247,5,2,5,525,Loyal Customers
GD-14590,Giulietta Dortch,Corporate,4,1888.07,230.93729999999996,25,2017-12-25,2014-05-05,5,472.0175,0.0008219002668114229,5,1,3,513,Potential Loyalists
GG-14650,Greg Guthrie,Corporate,9,2224.0,12.698500000000008,92,2017-11-17,2014-10-31,43,247.11111111111111,0.0009681347584510132,4,5,3,453,Loyal Customers
GH-14410,Gary Hansen,Home Office,9,2819.4669999999996,-576.8335,65,2017-10-16,2014-07-09,75,313.2741111111111,0.0012273489222147493,3,5,4,354,Loyal Customers
GH-14425,Gary Hwang,Consumer,4,4172.8460000000005,1176.4181,51,2017-11-10,2014-06-17,50,1043.2115000000001,0.0018164915711615453,4,1,4,414,Potential Loyalists
GH-14485,Gene Hale,Corporate,2,1361.2440000000001,-95.4498,15,2016-12-08,2015-10-08,387,680.6220000000001,0.0005925663809050769,1,1,2,112,At Risk
GH-14665,Greg Hansen,Consumer,2,146.94080000000002,-5.810200000000001,9,2017-12-28,2015-11-17,2,73.47040000000001,6.39651510407368e-05,5,1,1,511,New / Promising
GK-14620,Grace Kelly,Corporate,9,6497.27,1448.5525,66,2017-09-09,2014-06-25,112,721.9188888888889,0.0028283421412054924,2,5,5,255,Loyal Customers
GM-14440,Gary McGarr,Consumer,7,3582.8199999999997,347.266,43,2017-10-08,2014-03-21,83,511.83142857142855,0.001559645942119361,3,3,4,334,Loyal Customers
GM-14455,Gary Mitchum,Home Office,6,3078.624,793.2814000000001,54,2017-12-14,2014-04-11,16,513.1039999999999,0.0013401631756301672,5,3,4,534,Loyal Customers
GM-14500,Gene McClure,Consumer,10,1255.682,441.3185,53,2017-09-15,2014-08-09,106,125.5682,0.0005466139342451821,2,5,2,252,Potential Loyalists
GM-14680,Greg Matthias,Consumer,6,3163.628,35.48649999999999,31,2017-07-31,2014-05-10,152,527.2713333333334,0.0013771664701478696,2,3,4,234,Potential Loyalists
GM-14695,Greg Maxwell,Corporate,3,6049.966,188.7235,44,2017-09-04,2014-04-05,117,2016.6553333333334,0.0026336251672872493,2,1,5,215,Potential Loyalists
GP-14740,Guy Phonely,Corporate,2,236.53,31.837600000000002,21,2015-11-26,2014-04-06,765,118.265,0.00010296443993543982,1,1,1,111,Lost / Low Value
GR-14560,Georgia Rosenberg,Corporate,2,1284.38,359.83320000000003,23,2014-11-21,2014-11-19,1135,642.19,0.000559106529253288,1,1,2,112,At Risk
GT-14635,Grant Thornton,Corporate,3,9351.212,-4108.6589,26,2017-11-04,2014-06-06,56,3117.0706666666665,0.004070698458113406,3,1,5,315,Potential Loyalists
GT-14710,Greg Tran,Consumer,11,11820.119999999999,2163.4269,106,2017-11-24,2014-05-23,36,1074.5563636363636,0.005145444703714923,4,5,5,455,Champions
GT-14755,Guy Thornton,Consumer,4,226.436,-6.139200000000002,23,2017-11-26,2015-02-18,34,56.609,9.857039665675073e-05,4,1,1,411,New / Promising
GW-14605,Giulietta Weimer,Consumer,7,2189.019,-268.54229999999995,43,2017-12-02,2014-03-01,28,312.717,0.0009529070956878049,4,3,3,433,Loyal Customers
GZ-14470,Gary Zandusky,Consumer,9,4355.150000000001,1087.7539,48,2017-12-23,2014-08-05,7,483.9055555555556,0.0018958507613614796,5,5,5,555,Champions
GZ-14545,George Zrebassa,Corporate,4,2454.6220000000003,828.661,25,2017-07-26,2014-09-28,157,613.6555000000001,0.0010685273727781218,2,1,3,213,New / Promising
HA-14905,Helen Abelman,Consumer,7,2163.3,270.8574,45,2017-10-22,2014-06-30,69,309.04285714285714,0.0009417112962936497,3,3,3,333,Potential Loyalists
HA-14920,Helen Andreada,Consumer,8,2584.158,99.1445,72,2017-12-10,2014-10-11,20,323.01975,0.0011249159987091965,5,4,3,543,Loyal Customers
HD-14785,Harold Dahlen,Home Office,3,251.36,-135.87599999999998,31,2015-11-22,2014-05-11,769,83.78666666666668,0.0001094201226997512,1,1,1,111,Lost / Low Value
HE-14800,Harold Engle,Corporate,4,883.5319999999999,274.4028,44,2017-12-18,2016-01-30,12,220.88299999999998,0.00038461242778945165,5,1,1,511,New / Promising
HF-14995,Herbert Flentye,Consumer,7,2533.1639999999998,-13.876799999999989,70,2017-12-09,2014-05-26,21,361.8805714285714,0.0011027176786226629,5,4,3,543,Loyal Customers
HG-14845,Harry Greene,Consumer,5,785.628,147.0032,31,2017-11-06,2014-04-29,54,157.12560000000002,0.0003419936034228204,3,2,1,321,New / Promising
HG-14965,Henry Goldwyn,Corporate,12,3247.642,-2797.9635000000003,68,2017-12-07,2014-09-20,23,270.6368333333333,0.0014137388053980958,5,5,4,554,Champions
HG-15025,Hunter Glantz,Consumer,7,3690.284,804.6113,38,2017-12-24,2014-10-14,6,527.1834285714286,0.0016064263529476793,5,4,4,544,Champions
HH-15010,Hilary Holden,Corporate,2,218.668,86.7342,20,2017-10-19,2014-08-29,72,109.334,9.518889000043442e-05,3,1,1,311,At Risk
HJ-14875,Heather Jas,Home Office,5,358.1,98.6548,21,2017-08-26,2015-04-13,126,71.62,0.00015588536735670316,2,2,1,221,At Risk
HK-14890,Heather Kirkland,Corporate,8,4877.784,956.9451,64,2017-08-01,2014-06-10,151,609.723,0.002123359817723119,2,4,5,245,Loyal Customers
HL-15040,Hunter Lopez,Consumer,6,12873.297999999999,5622.4292000000005,50,2017-11-17,2014-01-20,43,2145.5496666666663,0.005603906137454096,4,3,5,435,Loyal Customers
HM-14860,Harry Marie,Corporate,10,8236.7648,2437.9836,76,2017-12-28,2014-07-21,2,823.6764800000001,0.003585565782403691,5,5,5,555,Champions
HM-14980,Henry MacAllister,Consumer,4,736.276,117.2755,29,2017-04-27,2015-10-02,247,184.069,0.0003205100662829488,1,1,1,111,Lost / Low Value
HP-14815,Harold Pawlan,Home Office,7,1990.314,373.8637,44,2017-11-30,2014-05-06,30,284.33057142857143,0.0008664083469566861,4,4,3,443,Loyal Customers
HR-14770,Hallie Redmond,Home Office,5,1299.288,185.5794,38,2017-12-17,2014-03-01,13,259.8576,0.0005655961663841277,5,2,2,522,Potential Loyalists
HR-14830,Harold Ryan,Corporate,7,5248.787,1196.9504,51,2017-07-24,2014-11-24,159,749.8267142857143,0.0022848620208659257,2,4,5,245,Loyal Customers
HW-14935,Helen Wasserman,Corporate,8,9300.254,2164.1611,85,2017-09-04,2015-09-27,117,1162.53175,0.004048515809272963,2,4,5,245,Loyal Customers
HZ-14950,Henia Zydlo,Consumer,5,886.52,-130.3879,21,2017-11-25,2016-03-14,35,177.304,0.00038591314121492456,4,2,1,421,New / Promising
IG-15085,Ivan Gibson,Consumer,4,744.574,320.4982,19,2017-10-20,2014-10-18,71,186.1435,0.00032412228850670175,3,1,1,311,At Risk
IL-15100,Ivan Liston,Consumer,7,5040.736,1121.937,60,2017-08-10,2014-08-01,142,720.1051428571428,0.002194294842524877,2,4,5,245,Loyal Customers
IM-15055,Ionia McGrath,Consumer,3,2872.63,975.7701,19,2016-11-16,2014-01-23,409,957.5433333333334,0.0012504914348782077,1,1,4,114,New / Promising
IM-15070,Irene Maddox,Consumer,7,4930.474,514.6527,93,2016-12-05,2014-12-19,390,704.3534285714286,0.00214629642762545,1,4,5,145,Loyal Customers
JA-15970,Joseph Airdo,Consumer,8,6491.026,-819.4217000000001,87,2017-09-29,2014-09-17,92,811.37825,0.0028256240506336536,3,4,5,345,Loyal Customers
JB-15400,Jennifer Braxton,Corporate,10,1791.605,156.05319999999998,43,2017-12-23,2014-09-14,7,179.1605,0.0007799078569760016,5,5,3,553,Champions
JB-15925,Joni Blumstein,Consumer,3,900.552,-286.9808,32,2015-12-24,2014-12-05,737,300.184,0.00039202144469090687,1,1,1,111,Lost / Low Value
JB-16000,Joy Bell-,Consumer,7,644.1188,126.76490000000001,32,2017-11-17,2016-01-10,43,92.01697142857142,0.0002803928951671567,4,4,1,441,Potential Loyalists
JB-16045,Julia Barnett,Home Office,5,2518.115,201.51850000000002,32,2017-12-23,2015-05-03,7,503.62299999999993,0.001096166662444637,5,2,3,523,Loyal Customers
JC-15340,Jasper Cacioppo,Consumer,4,71.263,-0.35560000000000036,12,2017-09-07,2014-01-28,114,17.81575,3.102166694761446e-05,2,1,1,211,At Risk
JC-15385,Jenna Caffey,Consumer,1,1058.108,502.92440000000005,14,2017-07-08,2017-07-08,175,1058.108,0.0004606075238287251,2,1,2,212,At Risk
JC-15775,John Castell,Consumer,9,2772.055,279.56919999999997,64,2017-07-25,2014-09-14,158,308.00611111111107,0.001206709891114174,2,5,4,254,Loyal Customers
JC-16105,Julie Creighton,Corporate,5,858.576,201.5952,43,2017-11-03,2014-11-18,57,171.7152,0.00037374877174992674,3,2,1,321,New / Promising
JD-15790,John Dryer,Consumer,5,2152.352,-266.55249999999995,26,2017-09-04,2015-04-02,117,430.4704,0.0009369454962327136,2,2,3,223,New / Promising
JD-15895,Jonathan Doherty,Corporate,11,7610.8640000000005,1050.2667999999999,150,2016-12-01,2014-03-26,394,691.8967272727273,0.0033131034083828744,1,5,5,155,Loyal Customers
JD-16015,Joy Daniels,Consumer,6,385.43,26.7605,39,2017-09-09,2014-10-04,112,64.23833333333333,0.0001677824550133876,2,3,1,231,New / Promising
JD-16060,Julia Dunbar,Consumer,3,695.442,111.11410000000001,17,2017-03-05,2014-09-24,300,231.814,0.00030273452009293593,1,1,1,111,Lost / Low Value
JD-16150,Justin Deggeller,Corporate,8,8828.0305,1619.5199,60,2017-11-19,2014-11-16,41,1103.5038125,0.003842951068217481,4,4,5,445,Champions
JE-15475,Jeremy Ellison,Consumer,6,1388.682,276.2197,49,2017-06-20,2015-03-16,193,231.447,0.0006045104823000315,2,3,2,232,New / Promising
JE-15610,Jim Epp,Corporate,7,7754.976,1623.4019,74,2017-11-12,2014-10-14,48,1107.8537142857142,0.003375837147730847,4,4,5,445,Champions
JE-15715,Joe Elijah,Consumer,10,8697.842999999999,1262.2926,97,2017-11-14,2014-08-25,46,869.7842999999999,0.003786278836263415,4,5,5,455,Champions
JE-15745,Joel Eaton,Consumer,13,6760.8150000000005,221.79670000000002,90,2017-11-09,2014-06-22,51,520.0626923076924,0.002943066545394329,4,5,5,455,Champions
JE-16165,Justin Ellison,Corporate,3,2697.248,789.6476,34,2017-12-10,2016-12-05,20,899.0826666666667,0.0011741454770514742,5,1,3,513,Potential Loyalists
JF-15190,Jamie Frazer,Consumer,7,2279.5860000000002,575.1259,72,2017-10-26,2014-11-15,65,325.6551428571429,0.0009923320330388092,3,4,3,343,Loyal Customers
JF-15295,Jason Fortune-,Consumer,5,955.124,97.28899999999999,42,2017-05-19,2014-03-14,225,191.0248,0.00041577731251383343,1,2,1,121,At Risk
JF-15355,Jay Fein,Consumer,6,1911.844,330.199,58,2017-09-16,2015-10-23,105,318.6406666666667,0.000832249383604325,2,3,3,233,Potential Loyalists
JF-15415,Jennifer Ferguson,Consumer,6,2371.448,635.6376,69,2017-12-28,2014-06-17,2,395.24133333333333,0.0010323206999366629,5,3,3,533,Loyal Customers
JF-15490,Jeremy Farry,Consumer,11,1082.918,-18.06730000000001,36,2017-08-31,2014-10-19,121,98.4470909090909,0.0004714076242591071,2,5,2,252,Potential Loyalists
JF-15565,Jill Fjeld,Consumer,8,4198.332,1073.2088,67,2017-11-06,2014-10-11,54,524.7915,0.001827585942768507,3,4,4,344,Loyal Customers
JG-15115,Jack Garza,Consumer,3,2358.676,684.1911,20,2015-12-03,2014-09-21,758,786.2253333333333,0.0010267608900738317,1,1,3,113,At Risk
JG-15160,James Galang,Consumer,11,6366.392,1415.6664,70,2017-12-29,2014-05-30,1,578.762909090909,0.002771369326045172,5,5,5,555,Champions
JG-15310,Jason Gross,Corporate,6,2240.58,3.7976000000000063,46,2017-12-28,2016-03-03,2,373.43,0.0009753522379002568,5,3,3,533,Loyal Customers
JG-15805,John Grady,Corporate,6,1507.018,206.1019,46,2017-05-21,2014-04-05,223,251.16966666666667,0.00065602360944754,2,3,2,232,New / Promising
JH-15430,Jennifer Halladay,Consumer,4,309.281,-24.077100000000005,29,2017-12-25,2014-02-24,5,77.32025,0.00013463385172144237,5,1,1,511,New / Promising
JH-15820,John Huston,Consumer,6,528.91,26.082199999999997,29,2017-07-09,2014-05-19,174,88.15166666666666,0.00023024107693000241,2,3,1,231,New / Promising
JH-15910,Jonathan Howell,Consumer,7,959.477,-13.554499999999996,35,2017-11-19,2015-06-12,41,137.06814285714285,0.0004176722273535534,4,4,1,441,Potential Loyalists
JH-15985,Joseph Holt,Consumer,6,7954.9980000000005,-644.6982,64,2017-12-01,2014-08-09,29,1325.833,0.003462909202881427,4,3,5,435,Loyal Customers
JH-16180,Justin Hirsh,Consumer,4,2256.3940000000002,-96.95300000000002,28,2016-11-21,2015-05-25,404,564.0985000000001,0.0009822362680576959,1,1,3,113,At Risk
JJ-15445,Jennifer Jackson,Consumer,5,709.178,200.5558,25,2016-09-03,2015-03-05,483,141.8356,0.0003087139711010668,1,2,1,121,At Risk
JJ-15760,Joel Jenkins,Home Office,2,195.0,34.449200000000005,11,2015-12-08,2015-10-05,753,97.5,8.488591632101959e-05,1,1,1,111,Lost / Low Value
JK-15205,Jamie Kunitz,Consumer,5,4427.142,1219.983,67,2017-10-30,2014-07-11,61,885.4284,0.001927189771042417,3,2,5,325,Loyal Customers
JK-15325,Jason Klamczynski,Corporate,3,383.812,55.32769999999999,15,2017-03-18,2014-11-21,287,127.93733333333334,0.00016707811956411883,1,1,1,111,Lost / Low Value
JK-15370,Jay Kimmel,Consumer,8,2709.632,330.2838,72,2017-11-16,2014-04-11,44,338.704,0.0011795363857064459,4,4,3,443,Loyal Customers
JK-15625,Jim Karlsson,Consumer,7,3760.028,750.9485,44,2017-10-30,2014-05-31,61,537.1468571428571,0.0016367867803727726,3,4,4,344,Loyal Customers
JK-15640,Jim Kriz,Home Office,9,4760.434,1172.5303,41,2017-07-03,2014-09-19,180,528.9371111111111,0.002072275908593521,2,5,5,255,Loyal Customers
JK-15730,Joe Kamberova,Consumer,10,4867.2,55.0483,88,2017-10-07,2014-11-18,84,486.71999999999997,0.002118752471372649,3,5,5,355,Champions
JK-16090,Juliana Krohn,Consumer,3,3747.668,586.6625,43,2017-12-02,2015-04-21,28,1249.2226666666668,0.0016314063192151942,4,1,4,414,Potential Loyalists
JK-16120,Julie Kriz,Home Office,10,2932.484,122.6566,49,2017-09-04,2014-11-02,117,293.2484,0.0012765466227524554,2,5,4,254,Loyal Customers
JL-15130,Jack Lebron,Consumer,6,1214.956,-207.79559999999998,42,2017-12-22,2014-07-18,8,202.49266666666665,0.0005288854017934393,5,3,2,532,Loyal Customers
JL-15175,James Lanier,Home Office,5,1571.523,209.2817,29,2017-12-24,2014-12-31,6,314.3046,0.0006841034352541419,5,2,2,522,Potential Loyalists
JL-15235,Janet Lee,Consumer,5,2203.7,54.51740000000002,39,2017-09-02,2014-05-25,119,440.73999999999995,0.0009592979169057992,2,2,3,223,New / Promising
JL-15505,Jeremy Lonsdale,Consumer,6,3173.874,591.7163,56,2017-11-11,2014-11-14,49,528.9789999999999,0.0013816266809100499,4,3,4,434,Loyal Customers
JL-15835,John Lee,Consumer,11,9799.923,228.907,143,2017-12-09,2014-04-18,21,890.9020909090909,0.004266027916566335,5,5,5,555,Champions
JL-15850,John Lucas,Consumer,6,2725.256,779.9046,38,2016-04-25,2014-07-22,614,454.2093333333333,0.0011863377065095208,1,3,3,133,New / Promising
JM-15250,Janet Martin,Consumer,6,3159.1220000000003,19.82350000000004,91,2017-11-23,2016-03-29,37,526.5203333333334,0.001375204952512267,4,3,4,434,Loyal Customers
JM-15265,Janet Molinari,Corporate,5,1804.146,502.6143,52,2017-11-23,2014-08-25,37,360.8292,0.0007853671096764216,4,2,3,423,Potential Loyalists
JM-15535,Jessica Myrick,Consumer,7,1733.443,356.5395,46,2017-09-19,2014-09-13,102,247.6347142857143,0.0007545892176679855,3,4,2,342,Potential Loyalists
JM-15580,Jill Matthias,Consumer,5,303.948,113.1204,26,2017-12-30,2016-04-14,0,60.78959999999999,0.00013231233073816032,5,2,1,521,Potential Loyalists
JM-15655,Jim Mitchum,Corporate,5,864.947,117.20400000000001,41,2017-12-22,2014-04-08,8,172.9894,0.00037652214699547147,5,2,1,521,Potential Loyalists
JM-15865,John Murray,Consumer,7,7625.076000000001,1574.6163999999999,50,2017-09-12,2014-11-19,109,1089.2965714285715,0.003319290068089307,2,4,5,245,Loyal Customers
JM-16195,Justin MacKendrick,Consumer,10,2833.9260000000004,754.1144,74,2017-11-03,2014-04-30,57,283.3926,0.0012336431040818553,3,5,4,354,Loyal Customers
JO-15145,Jack O'Briant,Corporate,9,3254.949,581.4045,59,2017-11-03,2014-01-06,57,361.661,0.0014169196330419815,3,5,4,354,Loyal Customers
JO-15280,Jas O'Carroll,Consumer,6,1934.272,202.13619999999997,36,2017-09-29,2014-03-31,92,322.3786666666667,0.0008420125699184164,3,3,3,333,Potential Loyalists
JO-15550,Jesus Ocampo,Home Office,5,1090.838,167.6709,42,2017-05-29,2015-03-19,215,218.1676,0.0004748552983989147,2,2,2,222,New / Promising
JP-15460,Jennifer Patt,Corporate,7,1669.135,429.7465,54,2017-11-23,2014-08-24,37,238.44785714285715,0.0007265951484024874,4,4,2,442,Loyal Customers
JP-15520,Jeremy Pistek,Consumer,7,3635.594,757.1802,63,2017-12-22,2014-08-22,8,519.3705714285715,0.0015826191182625687,5,4,4,544,Champions
JP-16135,Julie Prescott,Home Office,9,1707.71,309.7116,47,2017-09-19,2014-09-23,102,189.74555555555557,0.0007433873239003506,3,5,2,352,Loyal Customers
JR-15670,Jim Radford,Consumer,2,1156.658,-785.1645,14,2016-05-16,2015-12-24,593,578.329,0.0005035075600001942,1,1,2,112,At Risk
JR-15700,Jocasta Rupert,Consumer,1,863.88,107.985,3,2017-10-23,2017-10-23,68,863.88,0.0003760576686738585,3,1,1,311,At Risk
JR-16210,Justin Ritter,Corporate,5,2201.686,452.37300000000005,41,2017-11-27,2015-09-18,33,440.33720000000005,0.0009584211977495403,4,2,3,423,Potential Loyalists
JS-15595,Jill Stevenson,Corporate,4,1417.654,-175.54899999999998,35,2017-09-02,2014-03-03,119,354.4135,0.000617122352903378,2,1,2,212,At Risk
JS-15685,Jim Sink,Corporate,4,1131.0639999999999,-54.8692,42,2017-11-18,2016-06-14,42,282.76599999999996,0.0004923661746549625,4,1,2,412,New / Promising
JS-15880,John Stevenson,Consumer,5,3868.02,564.9798000000001,43,2016-07-14,2014-04-08,534,773.604,0.0016837970361437446,1,2,4,124,New / Promising
JS-15940,Joni Sundaresam,Home Office,5,469.169,-327.9336,37,2016-09-23,2014-05-03,463,93.8338,0.00020423507935598173,1,2,1,121,At Risk
JS-16030,Joy Smith,Consumer,6,2516.494,-311.25749999999994,70,2017-12-02,2014-02-27,28,419.4156666666667,0.0010954610210581943,4,3,3,433,Loyal Customers
JW-15220,Jane Waco,Corporate,6,7721.714,2173.7093999999997,66,2017-11-18,2015-04-30,42,1286.9523333333334,0.0033613577869684385,4,3,5,435,Loyal Customers
JW-15955,Joni Wasserman,Consumer,7,1244.086,-29.575899999999987,41,2017-12-25,2015-08-16,5,177.72657142857142,0.0005415660517546255,5,4,2,542,Loyal Customers
JW-16075,Julia West,Consumer,4,1428.731,154.06369999999998,38,2016-09-25,2015-03-21,461,357.18275,0.0006219443082628032,1,1,2,112,At Risk
KA-16525,Kelly Andreada,Consumer,7,1519.506,234.9194,57,2017-11-24,2014-03-11,36,217.07228571428573,0.0006614597905912164,4,4,2,442,Loyal Customers
KB-16240,Karen Bern,Corporate,7,3152.6150000000002,763.9076,34,2017-12-26,2014-03-31,4,450.37357142857144,0.0013723723747814933,5,4,4,544,Champions
KB-16315,Karl Braun,Consumer,9,1569.464,49.71929999999999,62,2017-03-09,2014-08-26,296,174.3848888888889,0.0006832071270402701,1,5,2,152,Potential Loyalists
KB-16405,Katrina Bavinger,Home Office,3,908.821,274.297,25,2017-09-04,2015-11-20,117,302.94033333333334,0.0003956210428553095,2,1,1,211,At Risk
KB-16585,Ken Black,Corporate,12,2744.742,579.3551,102,2017-05-14,2014-04-04,230,228.72850000000003,0.0011948202037681435,1,5,3,153,Potential Loyalists
KB-16600,Ken Brennan,Corporate,7,983.922,293.55240000000003,29,2017-12-29,2014-12-30,1,140.56028571428573,0.00042831343876107813,5,4,2,542,Loyal Customers
KC-16255,Karen Carlisle,Corporate,6,2120.954,846.1217,40,2016-11-18,2014-09-08,407,353.49233333333336,0.0009232775577678554,1,3,3,133,New / Promising
KC-16540,Kelly Collister,Consumer,4,3908.262,709.4219,28,2017-09-24,2015-11-02,97,977.0655,0.0017013148773980548,3,1,4,314,Potential Loyalists
KC-16675,Kimberly Carter,Corporate,4,1146.05,156.7797,40,2017-11-03,2014-12-13,57,286.5125,0.0004988897661523308,3,1,2,312,New / Promising
KD-16270,Karen Daniels,Consumer,5,8282.358,1107.6952000000003,64,2016-09-02,2014-11-11,484,1656.4716,0.003605413067326806,1,2,5,125,Potential Loyalists
KD-16345,Katherine Ducich,Consumer,6,1888.964,328.5942,36,2017-11-19,2014-09-02,41,314.82733333333334,0.0008222894360893254,4,3,3,433,Loyal Customers
KD-16495,Keith Dawkins,Corporate,12,8181.256,3038.6254,84,2017-09-09,2014-09-28,112,681.7713333333334,0.00356140211393251,2,5,5,255,Loyal Customers
KD-16615,Ken Dana,Corporate,5,2243.5099999999998,539.7219,56,2017-03-16,2015-09-13,289,448.70199999999994,0.000976627703207029,1,2,3,123,New / Promising
KE-16420,Katrina Edelman,Corporate,8,1686.7312,397.87989999999996,67,2017-12-04,2014-04-03,26,210.8414,0.0007342549923038613,5,4,2,542,Loyal Customers
KF-16285,Karen Ferguson,Home Office,7,10604.266,1660.1386,67,2017-09-24,2014-09-26,97,1514.895142857143,0.004616168391394016,3,4,5,345,Loyal Customers
KH-16330,Katharine Harms,Corporate,8,3312.864,454.7871,70,2017-11-20,2014-04-01,40,414.108,0.0014421307501893243,4,4,4,444,Loyal Customers
KH-16360,Katherine Hughes,Consumer,6,3100.612,528.2051,40,2017-12-29,2014-04-29,1,516.7686666666667,0.0013497348244920471,5,3,4,534,Loyal Customers
KH-16510,Keith Herrera,Consumer,7,5952.859,656.1162,91,2017-12-08,2014-08-15,22,850.4084285714287,0.002591353286896556,5,4,5,545,Champions
KH-16630,Ken Heidel,Corporate,9,3918.9660000000003,727.3786,84,2017-11-02,2014-11-01,58,435.4406666666667,0.0017059744612354917,3,5,4,354,Loyal Customers
KH-16690,Kristen Hastings,Corporate,7,5990.799,1227.5091,69,2017-12-28,2014-03-21,2,855.8284285714286,0.0026078690390258863,5,4,5,545,Champions
KL-16555,Kelly Lampkin,Corporate,8,5016.488,-182.78130000000002,84,2017-12-14,2014-06-15,16,627.061,0.002183739387658456,5,4,5,545,Champions
KL-16645,Ken Lonsdale,Consumer,12,14175.229000000001,806.855,113,2017-11-13,2014-07-25,47,1181.2690833333334,0.006170652834488669,4,5,5,455,Champions
KM-16225,Kalyca Meade,Corporate,6,2260.958,635.1057000000001,72,2017-12-16,2015-07-06,14,376.82633333333337,0.000984223033811999,5,3,3,533,Loyal Customers
KM-16375,Katherine Murray,Home Office,8,5620.186,973.7901999999999,69,2017-11-04,2014-07-20,56,702.52325,0.002446536607715722,3,4,5,345,Loyal Customers
KM-16660,Khloe Miller,Consumer,5,453.538,91.1391,30,2017-12-15,2014-12-22,15,90.7076,0.0001974307113661671,5,2,1,521,Potential Loyalists
KM-16720,Kunst Miller,Consumer,8,4909.472,745.7685,98,2017-12-02,2014-03-30,28,613.684,0.0021371539967814804,4,4,5,445,Champions
KN-16390,Katherine Nockton,Corporate,9,2617.272,-151.1518,56,2017-12-11,2014-12-02,19,290.808,0.0011393309332376799,5,5,3,553,Champions
KN-16450,Kean Nguyen,Corporate,5,2171.962,114.3083,49,2017-11-08,2014-04-12,52,434.3924,0.0009454819722278685,4,2,3,423,Potential Loyalists
KN-16705,Kristina Nunn,Home Office,8,2280.58,329.76250000000005,55,2017-09-23,2014-03-02,98,285.0725,0.0009927647335558505,3,4,3,343,Loyal Customers
KS-16300,Karen Seio,Corporate,3,88.472,0.11099999999999888,10,2017-03-10,2015-01-13,295,29.490666666666666,3.851295789104228e-05,1,1,1,111,Lost / Low Value
KT-16465,Kean Takahito,Consumer,7,3057.1,254.0032,45,2016-12-04,2014-09-08,391,436.7285714285714,0.0013307935117178923,1,4,4,144,Potential Loyalists
KT-16480,Kean Thornton,Consumer,10,4642.088400000001,194.0671,37,2017-09-21,2014-03-10,100,464.20884000000007,0.002020758602447055,3,5,5,355,Champions
KW-16435,Katrina Willman,Consumer,5,4416.5199999999995,1756.135,42,2017-09-25,2015-08-24,96,883.3039999999999,0.0019225658828210738,3,2,5,325,Loyal Customers
KW-16570,Kelly Williams,Consumer,4,449.096,107.92699999999999,22,2015-11-20,2014-09-30,771,112.274,0.0001954970537236134,1,1,1,111,Lost / Low Value
LA-16780,Laura Armstrong,Corporate,11,8673.222,2059.1199,105,2017-07-29,2014-04-29,154,788.4747272727273,0.003775561009875006,2,5,5,255,Loyal Customers
LB-16735,Larry Blacks,Consumer,3,50.188,18.6507,12,2017-11-12,2016-07-25,48,16.729333333333333,2.1847458299073495e-05,4,1,1,411,New / Promising
LB-16795,Laurel Beltran,Home Office,8,4985.676,-52.19099999999998,76,2017-07-31,2014-04-23,152,623.2095,0.0021703265422549525,2,4,5,245,Loyal Customers
LC-16870,Lena Cacioppo,Consumer,8,2580.7039999999997,-188.25110000000004,113,2017-12-03,2015-05-03,27,322.58799999999997,0.0011234124297093359,4,4,3,443,Loyal Customers
LC-16885,Lena Creighton,Consumer,12,7663.126,1288.3469,93,2017-12-14,2014-04-25,16,638.5938333333334,0.00333585370458169,5,5,5,555,Champions
LC-16930,Linda Cazamias,Corporate,8,4492.946,288.26599999999996,52,2017-11-19,2014-02-20,41,561.61825,0.0019558350676454343,4,4,5,445,Champions
LC-16960,Lindsay Castell,Home Office,4,3246.626,299.48019999999997,30,2016-10-20,2015-02-23,436,811.6565,0.001413296528008444,1,1,4,114,New / Promising
LC-17050,Liz Carlisle,Consumer,5,2095.064,86.77799999999999,43,2017-11-06,2014-01-31,54,419.01279999999997,0.0009120073199547721,3,2,3,323,Potential Loyalists
LC-17140,Logan Currie,Consumer,9,2633.582,231.12520000000004,62,2017-12-17,2014-09-09,13,292.6202222222222,0.0011464308783412482,5,5,3,553,Champions
LD-16855,Lela Donovan,Corporate,1,5.304,0.4641,3,2016-06-26,2016-06-26,552,5.304,2.308896923931733e-06,1,1,1,111,Lost / Low Value
LD-17005,Lisa DeCherney,Consumer,4,1961.934,557.1714,25,2016-11-11,2014-09-29,414,490.4835,0.0008540541812890423,1,1,3,113,At Risk
LE-16810,Laurel Elliston,Consumer,6,1469.45,161.76489999999998,32,2017-12-09,2014-05-27,21,244.90833333333333,0.0006396697935278063,5,3,2,532,Loyal Customers
LF-17185,Luke Foster,Consumer,7,3930.5089999999996,-3583.977,69,2017-12-08,2014-07-26,22,561.5012857142857,0.0017109992721693044,5,4,4,544,Champions
LH-16750,Larry Hughes,Consumer,3,287.426,12.627699999999999,12,2017-08-01,2014-09-21,151,95.80866666666667,0.0001251200994076173,2,1,1,211,At Risk
LH-16900,Lena Hernandez,Consumer,9,2295.332,526.0727,64,2017-12-09,2014-08-19,21,255.03688888888888,0.0009991864619536335,5,5,3,553,Champions
LH-17020,Lisa Hazard,Consumer,4,318.239,-242.73989999999998,34,2017-05-05,2014-09-08,239,79.55975,0.00013853338012351256,1,1,1,111,Lost / Low Value
LH-17155,Logan Haushalter,Consumer,9,1739.689,316.5202,44,2016-12-10,2014-12-12,385,193.2987777777778,0.0007573081788646064,1,5,3,153,Potential Loyalists
LL-16840,Lauren Leatherbury,Consumer,6,2741.2039999999997,560.0078,50,2017-04-25,2014-04-29,249,456.8673333333333,0.0011932800685274059,1,3,3,133,New / Promising
LM-17065,Liz MacKendrick,Consumer,5,1346.774,-44.87799999999999,32,2016-12-04,2014-06-27,391,269.35479999999995,0.0005862674106016657,1,2,2,122,At Risk
LO-17170,Lori Olson,Corporate,5,644.35,150.1712,34,2017-12-28,2015-02-06,2,128.87,0.00028049353939204604,5,2,1,521,Potential Loyalists
LP-17080,Liz Pelletier,Consumer,4,756.606,110.7813,39,2017-11-20,2014-06-24,40,189.1515,0.00032935996719990436,4,1,1,411,New / Promising
LP-17095,Liz Preis,Consumer,7,3653.399,338.44539999999995,52,2017-12-21,2016-06-06,9,521.9141428571428,0.0015903698553912649,5,4,4,544,Champions
LR-16915,Lena Radford,Consumer,6,5142.892,535.4764,64,2017-12-04,2014-08-08,26,857.1486666666666,0.002238764615179698,4,3,5,435,Loyal Customers
LR-17035,Lisa Ryan,Corporate,5,1879.306,-382.8079,44,2017-08-20,2014-09-07,132,375.8612,0.0008180851890132823,2,2,3,223,New / Promising
LS-16945,Linda Southworth,Corporate,6,2845.27,-318.77369999999996,51,2017-07-05,2015-04-25,178,474.21166666666664,0.0012385812878497817,2,3,4,234,Potential Loyalists
LS-16975,Lindsay Shagiari,Home Office,9,2988.674,262.63669999999996,63,2017-12-10,2014-10-20,20,332.0748888888889,0.0013010068260246508,5,5,4,554,Champions
LS-17200,Luke Schmidt,Corporate,6,1010.2560000000001,244.197,54,2017-09-25,2014-10-18,96,168.376,0.00043977695527593833,3,3,2,332,Potential Loyalists
LS-17230,Lycoris Saunders,Consumer,3,368.88000000000005,39.1952,16,2015-11-14,2014-01-06,777,122.96000000000002,0.0001605780349358857,1,1,1,111,Lost / Low Value
LS-17245,Lynn Smith,Consumer,6,1008.1360000000001,348.3584,47,2017-11-26,2014-10-16,34,168.02266666666668,0.00043885409300619186,4,3,2,432,Potential Loyalists
LT-16765,Larry Tron,Consumer,3,329.876,59.036,8,2017-12-04,2014-09-01,26,109.95866666666666,0.0001435991104221162,4,1,1,411,New / Promising
LT-17110,Liz Thompson,Consumer,8,2936.252,320.973,63,2017-11-26,2014-06-01,34,367.0315,0.0012781868798432123,4,4,4,444,Loyal Customers
LW-16825,Laurel Workman,Corporate,5,2238.061,32.5767,50,2017-10-03,2014-05-30,88,447.61220000000003,0.0009742556859863458,3,2,3,323,Potential Loyalists
LW-16990,Lindsay Williams,Corporate,6,3230.308,662.8339000000001,38,2017-11-27,2016-05-05,33,538.3846666666667,0.0014061931004057443,4,3,4,434,Loyal Customers
LW-17125,Liz Willingham,Consumer,3,1259.04,192.6312,15,2017-06-08,2014-09-11,205,419.68,0.0005480757132554692,2,1,2,212,At Risk
LW-17215,Luke Weiss,Consumer,7,5420.514,837.2411,59,2017-12-09,2014-09-12,21,774.3591428571428,0.002359616911902129,5,4,5,545,Champions
MA-17560,Matt Abelman,Home Office,11,4299.161,1240.2266,117,2017-10-27,2014-08-08,64,390.8328181818182,0.0018714780558799534,3,5,5,355,Champions
MA-17995,Michelle Arnett,Home Office,6,2453.284,280.7822,42,2017-06-27,2014-09-20,186,408.8806666666667,0.0010679449247984422,2,3,3,233,Potential Loyalists
MB-17305,Maria Bertelson,Consumer,10,1548.702,212.425,63,2017-11-12,2014-08-08,48,154.8702,0.0006741691711702343,4,5,2,452,Loyal Customers
MB-18085,Mick Brown,Consumer,7,1428.231,117.8057,39,2017-11-16,2014-01-05,44,204.033,0.0006217266520671084,4,4,2,442,Loyal Customers
MC-17275,Marc Crier,Consumer,8,2725.982,461.0014,54,2017-10-15,2014-09-08,76,340.74775,0.0011866537433056698,3,4,3,343,Loyal Customers
MC-17425,Mark Cousins,Corporate,5,4432.138,1802.3903,48,2016-11-26,2014-05-30,399,886.4276,0.0019293645917498007,1,2,5,125,Potential Loyalists
MC-17575,Matt Collins,Consumer,8,1303.893,210.7493,40,2017-12-03,2014-12-02,27,162.986625,0.000567600779946478,4,4,2,442,Loyal Customers
MC-17590,Matt Collister,Corporate,6,2426.067,288.98409999999996,47,2017-11-09,2014-05-20,51,404.3445,0.0010560970274419849,4,3,3,433,Loyal Customers
MC-17605,Matt Connell,Corporate,8,2258.192,195.4486,60,2017-09-09,2014-03-19,112,282.274,0.0009830189597374148,2,4,3,243,Potential Loyalists
MC-17635,Matthew Clasen,Corporate,4,795.154,-247.94350000000003,33,2017-06-24,2014-11-28,189,198.7885,0.00034614038926320006,2,1,1,211,At Risk
MC-17845,Michael Chen,Consumer,7,3805.714,698.4174,45,2017-12-29,2014-07-05,1,543.6734285714285,0.001656674462285809,5,4,4,544,Champions
MC-18100,Mick Crebagga,Consumer,10,2218.98,-64.1668,73,2017-11-19,2014-06-18,41,221.898,0.0009659494902462362,4,5,3,453,Loyal Customers
MC-18130,Mike Caudle,Corporate,5,1581.9979999999998,121.7565,34,2016-12-26,2014-09-19,369,316.39959999999996,0.0006886633325539505,1,2,2,122,At Risk
MD-17350,Maribeth Dona,Consumer,7,3766.382,-241.94999999999996,64,2017-09-04,2014-11-05,117,538.0545714285714,0.0016395527553076637,2,4,4,244,Loyal Customers
MD-17860,Michael Dominguez,Corporate,5,1204.91,-4.040300000000002,45,2017-11-24,2014-12-02,36,240.98200000000003,0.000524512253509537,4,2,2,422,Potential Loyalists
ME-17320,Maria Etezadi,Home Office,10,10663.728000000001,1859.4695,82,2017-11-18,2014-01-06,42,1066.3728,0.00464205293681084,4,5,5,455,Champions
ME-17725,Max Engle,Consumer,8,1908.4532,77.81280000000001,46,2017-12-02,2014-07-12,28,238.55665,0.0008307733263476003,4,4,3,443,Loyal Customers
ME-18010,Michelle Ellison,Corporate,4,1256.944,107.3604,15,2017-09-29,2014-07-21,92,314.236,0.0005471632984831161,3,2,2,322,New / Promising
MF-17665,Maureen Fritzler,Corporate,5,937.039,-341.52650000000006,36,2016-11-04,2014-12-30,421,187.4078,0.0004079046879155481,1,2,1,121,At Risk
MF-18250,Monica Federle,Corporate,5,1758.3,456.86080000000004,38,2017-12-23,2014-09-15,7,351.65999999999997,0.0007654097777807627,5,2,3,523,Loyal Customers
MG-17650,Matthew Grinstein,Home Office,7,3785.276,341.898,57,2017-12-01,2014-08-09,29,540.7537142857143,0.0016477775476305833,4,4,4,444,Loyal Customers
MG-17680,Maureen Gastineau,Home Office,4,2350.188,25.888599999999972,25,2017-09-29,2014-10-22,92,587.547,0.001023065958495715,3,2,3,323,Potential Loyalists
MG-17695,Maureen Gnade,Consumer,3,1342.282,-398.79319999999996,23,2016-06-23,2014-12-26,555,447.4273333333333,0.0005843119873395426,1,1,2,112,At Risk
MG-17875,Michael Grace,Home Office,5,1242.8329999999999,-470.7684,23,2017-09-05,2014-02-23,116,248.56659999999997,0.000541020605328214,2,2,2,222,New / Promising
MG-17890,Michael Granlund,Home Office,9,776.384,171.7372,35,2017-09-22,2014-12-29,99,86.26488888888889,0.0003379695756768127,3,5,1,351,Potential Loyalists
MG-18145,Mike Gockenbach,Consumer,4,3061.543,-93.603,42,2017-10-07,2014-03-29,84,765.38575,0.0013327276046728373,3,2,4,324,Potential Loyalists
MG-18205,Mitch Gastineau,Corporate,1,16.739,-1.2453,8,2017-04-10,2017-04-10,264,16.739,7.2866941194746e-06,1,1,1,111,Lost / Low Value
MH-17290,Marc Harrigan,Home Office,6,2394.025,28.761200000000038,55,2017-09-02,2014-04-26,119,399.00416666666666,0.0010421487477970713,2,3,3,233,Potential Loyalists
MH-17440,Mark Haberlin,Corporate,4,400.016,61.428599999999996,25,2016-12-19,2014-02-04,376,100.004,0.00017413192155419987,1,2,1,121,At Risk
MH-17455,Mark Hamilton,Consumer,8,2456.1820000000002,484.77330000000006,45,2017-10-06,2014-07-11,85,307.02275000000003,0.0010692064601086901,3,4,3,343,Loyal Customers
MH-17620,Matt Hagelstein,Corporate,4,1252.8,122.3612,19,2017-07-28,2015-12-05,155,313.2,0.0005453593639331967,2,2,2,222,New / Promising
MH-17785,Maya Herman,Corporate,7,2203.7780000000002,238.5614,42,2017-09-23,2014-05-27,98,314.82542857142863,0.0009593318712723278,3,4,3,343,Loyal Customers
MH-18025,Michelle Huthwaite,Consumer,5,2984.948,476.9032,31,2017-11-11,2014-07-08,49,596.9896,0.0012993848520543323,4,2,4,424,Loyal Customers
MH-18115,Mick Hernandez,Home Office,9,5503.093,170.9746,79,2017-12-25,2016-08-23,5,611.4547777777777,0.002395564573870711,5,5,5,555,Champions
MJ-17740,Max Jones,Consumer,7,6320.746,1054.5529000000001,50,2017-12-08,2015-06-09,22,902.9637142857143,0.002751499056627791,5,4,5,545,Champions
MK-17905,Michael Kennedy,Corporate,8,2302.368,-405.3559,73,2017-12-02,2014-11-18,28,287.796,0.0010022493199394525,4,4,3,443,Loyal Customers
MK-18160,Mike Kennedy,Consumer,4,1031.602,227.83380000000002,43,2017-05-04,2014-12-19,240,257.9005,0.0004490691335825459,1,2,2,122,At Risk
ML-17395,Marina Lichtenstein,Corporate,9,2722.843,684.9162,72,2017-10-22,2014-02-14,69,302.5381111111111,0.001185287297709097,3,5,3,353,Loyal Customers
ML-17410,Maris LaWare,Consumer,6,2921.5,-76.17550000000003,51,2017-11-06,2014-11-14,54,486.9166666666667,0.0012717651514454293,3,3,4,334,Loyal Customers
ML-17755,Max Ludwig,Home Office,7,2071.9139999999998,409.51120000000003,53,2017-12-01,2016-08-04,29,295.9877142857143,0.0009019298380940973,4,4,3,443,Loyal Customers
ML-18040,Michelle Lonsdale,Corporate,3,742.082,138.71620000000001,18,2017-10-12,2017-03-26,79,247.36066666666667,0.00032303749002735824,3,1,1,311,At Risk
ML-18265,Muhammed Lee,Consumer,2,162.232,42.6648,7,2017-09-21,2015-05-31,100,81.116,7.062159987995718e-05,3,1,1,311,At Risk
MM-17260,Magdelene Morse,Consumer,4,1314.023,178.402,17,2017-07-15,2014-05-28,168,328.50575,0.000572010494471257,2,2,2,222,New / Promising
MM-17920,Michael Moore,Consumer,11,3794.0800000000004,82.12499999999997,68,2017-12-23,2014-01-13,7,344.91636363636366,0.0016516100379243798,5,5,4,554,Champions
MM-18055,Michelle Moray,Consumer,8,2749.881,-520.3443,73,2017-10-30,2014-04-11,61,343.735125,0.0011970572741474958,3,4,3,343,Loyal Customers
MM-18280,Muhammed MacIntyre,Corporate,9,775.414,58.8916,32,2017-10-06,2014-01-20,85,86.1571111111111,0.00033754732265716455,3,5,1,351,Potential Loyalists
MN-17935,Michael Nguyen,Consumer,6,2477.946,290.8227,36,2017-11-26,2014-02-16,34,412.991,0.0010786805989948984,4,3,3,433,Loyal Customers
MO-17500,Mary O'Rourke,Consumer,4,922.487,59.357699999999994,15,2017-10-19,2014-11-28,72,230.62175,0.0004015700219960431,3,2,1,321,New / Promising
MO-17800,Meg O'Connel,Home Office,8,1687.0269999999998,169.34369999999998,49,2017-09-17,2015-09-17,104,210.87837499999998,0.0007343837577092344,2,4,2,242,Potential Loyalists
MO-17950,Michael Oakman,Consumer,2,154.288,-82.0074,14,2017-07-03,2015-04-02,180,77.144,6.716347824275626e-05,2,1,1,211,At Risk
MP-17470,Mark Packer,Home Office,7,3206.132,600.2873,77,2016-01-11,2014-03-30,719,458.01885714285714,0.0013956689880315035,1,4,4,144,Potential Loyalists
MP-17965,Michael Paige,Corporate,9,3983.6420000000003,638.1563,62,2017-10-19,2015-04-18,72,442.6268888888889,0.0017341287254610213,3,5,4,354,Loyal Customers
MP-18175,Mike Pelletier,Home Office,9,5087.92,226.4529,78,2017-12-14,2014-03-28,16,565.3244444444445,0.0022148346224002153,5,5,5,555,Champions
MR-17545,Mathew Reese,Home Office,4,639.178,162.9363,29,2017-08-27,2014-09-03,125,159.7945,0.00027824210370377777,2,2,1,221,At Risk
MS-17365,Maribeth Schnelling,Consumer,10,7443.6900000000005,844.9354999999998,105,2017-04-01,2014-09-09,273,744.369,0.0032403304946646686,1,5,5,155,Loyal Customers
MS-17530,MaryBeth Skach,Consumer,4,475.65599999999995,84.0268,21,2016-10-22,2014-11-04,434,118.91399999999999,0.00020705895083892765,1,2,1,121,At Risk
MS-17710,Maurice Satty,Consumer,6,1613.402,247.4348,48,2016-11-12,2014-03-24,413,268.9003333333333,0.0007023338828931572,1,3,2,132,New / Promising
MS-17770,Maxwell Schwartz,Consumer,9,3144.678,280.85839999999996,73,2017-08-31,2014-07-04,121,349.40866666666665,0.001368917300331032,2,5,4,254,Loyal Customers
MS-17830,Melanie Seite,Consumer,4,370.348,19.431199999999997,14,2016-10-04,2014-01-09,452,92.587,0.00016121707352644598,1,2,1,121,At Risk
MS-17980,Michael Stewart,Corporate,6,855.116,55.226,49,2017-12-04,2014-06-30,26,142.51933333333332,0.0003722425908757179,4,3,1,431,Potential Loyalists
MT-17815,Meg Tillman,Consumer,6,2890.139,509.0068,31,2017-11-11,2015-11-06,49,481.68983333333335,0.0012581133195390525,4,3,4,434,Loyal Customers
MT-18070,Michelle Tran,Home Office,4,1319.4498,-23.676300000000005,44,2017-06-10,2014-09-25,203,329.86245,0.0005743728477568514,2,2,2,222,New / Promising
MV-17485,Mark Van Huff,Consumer,9,1560.05,189.0258,52,2017-12-03,2014-01-20,27,173.33888888888887,0.0006791090961877262,4,5,2,452,Loyal Customers
MV-18190,Mike Vittorini,Consumer,7,1734.574,273.8582,37,2017-12-11,2014-01-30,19,247.79628571428572,0.0007550815559826474,5,4,2,542,Loyal Customers
MW-18220,Mitch Webber,Consumer,7,5341.900000000001,1238.422,51,2017-12-13,2014-08-25,17,763.1285714285715,0.0023253952635654083,5,4,5,545,Champions
MW-18235,Mitch Willingham,Corporate,2,5253.876,1665.516,13,2017-11-16,2014-05-21,44,2626.938,0.0022870773256257085,4,1,5,415,Loyal Customers
MY-17380,Maribeth Yedwab,Corporate,7,2254.285,319.1211,49,2017-12-01,2015-10-26,29,322.0407142857143,0.0009813181942242546,4,4,3,443,Loyal Customers
MY-18295,Muhammed Yedwab,Corporate,11,4152.696,-371.7111,89,2017-10-20,2014-04-28,71,377.5178181818182,0.00180772002647504,3,5,4,354,Loyal Customers
MZ-17335,Maria Zettner,Home Office,4,593.606,85.01910000000001,11,2017-11-30,2015-11-08,30,148.4015,0.0002584040474033598,4,2,1,421,New / Promising
MZ-17515,Mary Zewe,Corporate,6,2564.906,787.7503,39,2017-03-23,2014-04-04,282,427.4843333333333,0.0011165353645501593,1,3,3,133,New / Promising
NB-18580,Nicole Brennan,Corporate,2,273.87199999999996,24.788800000000002,7,2014-10-22,2014-09-26,1165,136.93599999999998,0.00011921987525471935,1,1,1,111,Lost / Low Value
NB-18655,Nona Balk,Corporate,9,1972.599,117.6429,64,2017-12-11,2014-12-05,19,219.17766666666665,0.000858696787943215,5,5,3,553,Champions
NC-18340,Nat Carroll,Consumer,5,2461.404,580.3075,54,2017-05-20,2014-03-30,224,492.2808,0.0010714796614165276,2,2,3,223,New / Promising
NC-18415,Nathan Cano,Consumer,6,2218.9900000000002,-2204.8072,38,2017-11-19,2014-05-03,41,369.8316666666667,0.0009659538433701502,4,3,3,433,Loyal Customers
NC-18535,Nick Crebassa,Corporate,7,8241.739,1314.758,64,2017-12-24,2014-07-23,6,1177.3912857142857,0.003587731113300942,5,4,5,545,Champions
NC-18625,Noah Childs,Corporate,5,1821.742,-359.02099999999996,29,2017-06-09,2014-10-29,204,364.34839999999997,0.0007930268665153172,2,2,3,223,New / Promising
ND-18370,Natalie DeCherney,Consumer,9,4326.139,353.64549999999997,63,2017-12-03,2014-01-13,27,480.6821111111111,0.0018832219135748686,4,5,5,455,Champions
ND-18460,Neil Ducich,Corporate,6,2893.455,443.33680000000004,36,2017-06-30,2014-02-06,183,482.2425,0.0012595568154289013,2,3,4,234,Potential Loyalists
NF-18385,Natalie Fritzler,Consumer,7,8322.826,-1695.9714,52,2017-10-12,2014-02-11,79,1188.9751428571428,0.00362302928918157,3,4,5,345,Loyal Customers
NF-18475,Neil Französisch,Home Office,4,377.16200000000003,85.92779999999999,13,2016-07-23,2014-03-14,525,94.29050000000001,0.00016418329216137637,1,2,1,121,At Risk
NF-18595,Nicole Fjeld,Home Office,7,2031.472,388.2131,55,2017-09-07,2014-04-19,114,290.2102857142857,0.0008843249343615093,2,4,3,243,Potential Loyalists
NG-18355,Nat Gilpin,Corporate,5,1869.58,313.63349999999997,45,2017-11-12,2014-11-24,48,373.916,0.0008138513406946246,4,2,3,423,Potential Loyalists
NG-18430,Nathan Gelder,Consumer,5,1395.9379999999999,217.0893,41,2017-11-12,2014-11-24,48,279.1876,0.0006076691090119561,4,2,2,422,Potential Loyalists
NH-18610,Nicole Hansen,Corporate,7,2673.29,760.1666,52,2017-06-24,2014-03-02,189,381.8985714285714,0.0011637162627785563,2,4,3,243,Potential Loyalists
NK-18490,Neil Knudson,Home Office,7,572.048,121.2177,51,2017-10-21,2015-05-28,70,81.72114285714285,0.0002490195828697775,3,4,1,341,Potential Loyalists
NL-18310,Nancy Lomonaco,Home Office,4,1418.0900000000001,343.6381,44,2017-11-02,2014-10-31,58,354.52250000000004,0.000617312149106024,3,2,2,322,New / Promising
NM-18445,Nathan Mautz,Home Office,7,6459.344,2751.6848999999997,44,2017-07-23,2014-02-08,160,922.7634285714286,0.002811832483449641,2,4,5,245,Loyal Customers
NM-18520,Neoma Murray,Consumer,10,2161.979,788.9525000000001,60,2017-04-30,2015-09-08,244,216.19789999999998,0.0009411362486246236,1,5,3,153,Potential Loyalists
NP-18325,Naresj Patel,Consumer,6,5529.62,1208.8890000000001,77,2017-12-05,2014-05-13,25,921.6033333333334,0.0024071121056771093,5,3,5,535,Champions
NP-18670,Nora Paige,Consumer,5,3908.402,514.6002,46,2017-11-02,2015-02-27,58,781.6804,0.0017013758211328492,3,2,4,324,Potential Loyalists
NP-18685,Nora Pelletier,Home Office,6,1228.698,514.5017,23,2016-11-19,2014-03-07,406,204.78300000000002,0.0005348674646759187,1,3,2,132,New / Promising
NP-18700,Nora Preis,Consumer,7,7903.1825,631.2282,63,2017-08-14,2014-09-05,138,1129.0260714285714,0.003440353273665366,2,4,5,245,Loyal Customers
NR-18550,Nick Radford,Consumer,5,2367.277,-25.148799999999966,37,2017-06-03,2014-06-07,210,473.4554,0.001030505011952176,2,2,3,223,New / Promising
NS-18505,Neola Schneider,Consumer,4,2575.863,-12.303999999999997,52,2017-12-24,2016-11-24,6,643.96575,0.0011213050824226177,5,2,3,523,Loyal Customers
NS-18640,Noel Staavos,Corporate,13,2964.823,-234.7714,113,2017-07-09,2014-06-25,174,228.0633076923077,0.0012906241901776115,2,5,4,254,Loyal Customers
NW-18400,Natalie Webber,Consumer,7,7234.014,1023.123,78,2017-07-11,2014-06-21,172,1033.4305714285715,0.0031490559336876116,2,4,5,245,Loyal Customers
NZ-18565,Nick Zandusky,Home Office,9,2488.31,402.4236,77,2017-10-06,2014-08-02,85,276.4788888888889,0.0010831921766192628,3,5,3,353,Loyal Customers
ON-18715,Odella Nelson,Corporate,9,1567.52,-5.88900000000001,58,2016-11-15,2014-09-13,410,174.1688888888889,0.0006823608797514084,1,5,2,152,Potential Loyalists
OT-18730,Olvera Toch,Consumer,5,3818.624,-925.1203,51,2017-10-26,2015-04-20,65,763.7248,0.0016622943452586517,3,2,4,324,Potential Loyalists
PA-19060,Pete Armstrong,Home Office,6,729.408,225.8588,27,2017-09-18,2014-05-17,103,121.568,0.00031752034077888337,3,3,1,331,New / Promising
PB-18805,Patrick Bzostek,Home Office,3,740.356,229.2257,54,2017-12-05,2015-11-20,25,246.78533333333334,0.0003222861408398194,5,1,1,511,New / Promising
PB-19105,Peter Bühler,Consumer,4,688.324,218.15970000000002,18,2017-11-03,2014-11-15,57,172.081,0.000299635966491023,3,2,1,321,New / Promising
PB-19150,Philip Brown,Consumer,8,1456.95,280.6606,54,2017-09-24,2014-07-14,97,182.11875,0.0006342283886354333,3,4,2,342,Potential Loyalists
PB-19210,Phillip Breyer,Corporate,2,132.738,21.897000000000002,10,2016-02-11,2014-11-23,688,66.369,5.778249620830512e-05,1,1,1,111,Lost / Low Value
PC-18745,Pamela Coakley,Corporate,4,1832.064,272.685,22,2017-12-28,2014-12-31,2,458.016,0.0007975201610192433,5,2,3,523,Loyal Customers
PC-19000,Pauline Chand,Home Office,2,1061.488,-184.3364,18,2015-08-01,2014-04-08,882,530.744,0.0004620788797116228,1,1,2,112,At Risk
PF-19120,Peter Fuller,Consumer,4,9062.864,-614.2943000000001,75,2015-09-17,2014-05-05,835,2265.716,0.003945177000680928,1,2,5,125,Potential Loyalists
PF-19165,Philip Fox,Consumer,6,2770.0,196.87389999999996,34,2017-06-17,2014-09-20,196,461.6666666666667,0.001205815324149868,2,3,4,234,Potential Loyalists
PF-19225,Phillip Flathmann,Consumer,5,2206.1279999999997,591.3118000000001,32,2017-09-07,2016-06-26,114,441.22559999999993,0.0009603548553920937,2,2,3,223,New / Promising
PG-18820,Patrick Gardner,Consumer,13,3086.907,137.46130000000002,83,2017-11-24,2014-05-09,36,237.45438461538464,0.0013437688681680493,4,5,4,454,Champions
PG-18895,Paul Gonzalez,Consumer,9,1987.164,334.5163,61,2017-11-03,2014-05-11,57,220.796,0.000865037112923808,3,5,3,353,Loyal Customers
PH-18790,Patricia Hirasaki,Home Office,1,729.648,47.8878,6,2017-10-21,2017-10-21,70,729.648,0.00031762481575281693,3,1,1,311,At Risk
PJ-18835,Patrick Jones,Corporate,8,1220.09,442.1355,46,2017-11-21,2014-05-28,39,152.51125,0.0005311202956108348,4,4,2,442,Loyal Customers
PJ-19015,Pauline Johnson,Consumer,7,1824.2340000000002,682.9979000000001,25,2017-08-18,2014-04-07,134,260.60485714285716,0.0007941116649946608,2,4,3,243,Potential Loyalists
PK-18910,Paul Knutson,Home Office,2,1441.152,-798.705,14,2016-09-03,2014-04-04,483,720.576,0.0006273513234762566,1,1,2,112,At Risk
PK-19075,Pete Kriz,Consumer,12,8646.934,2038.2676000000001,107,2017-12-21,2014-11-11,9,720.5778333333333,0.0037641175177301495,5,5,5,555,Champions
PL-18925,Paul Lucas,Home Office,5,239.481,-0.7527000000000026,29,2017-12-15,2014-11-01,15,47.8962,0.00010424904680243124,5,2,1,521,Potential Loyalists
PM-18940,Paul MacIntyre,Consumer,3,1405.402,157.8768,16,2016-12-09,2014-05-04,386,468.46733333333333,0.0006117889054840696,1,1,2,112,At Risk
PM-19135,Peter McVee,Home Office,4,4115.662,526.7537,36,2017-11-09,2015-12-19,51,1028.9155,0.0017915986673723084,4,2,4,424,Loyal Customers
PN-18775,Parhena Norris,Home Office,8,1467.152,192.0396,47,2017-11-30,2015-08-07,30,183.394,0.0006386694456523925,4,4,2,442,Loyal Customers
PO-18850,Patrick O'Brill,Consumer,11,7473.8282,38.47569999999996,91,2017-12-26,2014-11-02,4,679.4389272727273,0.0032534500265788534,5,5,5,555,Champions
PO-18865,Patrick O'Donnell,Consumer,7,2493.214,437.8533,54,2017-12-30,2014-03-23,0,356.1734285714286,0.0010853269485866387,5,4,3,543,Loyal Customers
PO-19180,Philisse Overcash,Home Office,9,4893.043,1155.4331,65,2017-07-23,2015-08-11,160,543.6714444444444,0.0021300022495033366,2,5,5,255,Loyal Customers
PO-19195,Phillina Ober,Home Office,5,1056.858,-49.70089999999999,32,2017-10-05,2014-01-04,86,211.3716,0.0004600633833394878,3,2,2,322,New / Promising
PP-18955,Paul Prost,Home Office,10,7252.608,1495.0854,138,2017-09-24,2014-08-26,97,725.2608,0.003157150132293114,3,5,5,355,Champions
PR-18880,Patrick Ryan,Consumer,5,1840.178,247.6226,43,2017-11-24,2014-09-05,36,368.03560000000004,0.0008010522857629805,4,2,3,423,Potential Loyalists
PS-18760,Pamela Stobb,Consumer,6,2181.479,-134.441,75,2017-09-14,2014-06-15,107,363.5798333333333,0.0009496248402567256,2,3,3,233,Potential Loyalists
PS-18970,Paul Stevenson,Home Office,8,1278.639,198.5099,52,2017-10-22,2014-04-15,69,159.829875,0.0005566074008143188,3,4,2,342,Potential Loyalists
PS-19045,Penelope Sewall,Home Office,7,6843.634,1742.7296999999999,47,2017-05-08,2014-12-20,236,977.662,0.002979118682336844,1,4,5,145,Loyal Customers
PT-19090,Pete Takahito,Consumer,4,160.572,-20.0508,19,2017-10-20,2014-09-12,71,40.143,6.989898131025005e-05,3,2,1,321,New / Promising
PV-18985,Paul Van Hugh,Home Office,5,2876.046,434.52840000000003,52,2017-10-02,2014-07-12,89,575.2092,0.0012519784620071952,3,2,4,324,Potential Loyalists
PW-19030,Pauline Webber,Corporate,10,3454.916,803.8169,48,2017-11-14,2014-05-16,46,345.4916,0.0015039677460110346,4,5,4,454,Champions
PW-19240,Pierre Wener,Consumer,7,3922.4150000000004,1290.354,39,2016-09-22,2014-11-18,464,560.345,0.0017074758536733954,1,4,4,144,Potential Loyalists
QJ-19255,Quincy Jones,Corporate,9,6108.338,1203.6768,61,2017-12-05,2014-03-17,25,678.7042222222221,0.002659035222197457,5,5,5,555,Champions
RA-19285,Ralph Arnett,Consumer,9,2617.906,546.0882,58,2017-12-25,2014-12-13,5,290.8784444444444,0.001139606921293821,5,5,3,553,Champions
RA-19885,Ruben Ausman,Corporate,7,3832.314,1292.8656,53,2017-11-17,2014-04-08,43,547.4734285714286,0.0016682537718967787,4,4,4,444,Loyal Customers
RA-19915,Russell Applegate,Consumer,9,4793.543,304.8673,75,2017-12-18,2014-06-30,12,532.6158888888889,0.002086688666560047,5,5,5,555,Champions
RA-19945,Ryan Akin,Consumer,5,1686.9225,-445.695,27,2017-10-30,2014-08-29,61,337.3845,0.0007343382675643341,3,2,2,322,New / Promising
RB-19330,Randy Bradley,Consumer,2,1008.1959999999999,-164.40619999999998,16,2017-10-23,2014-11-17,68,504.09799999999996,0.0004388802117496752,3,1,2,312,New / Promising
RB-19360,Raymond Buch,Consumer,6,15117.339,6976.0959,71,2017-09-25,2016-04-01,96,2519.5565,0.006580764991540954,3,3,5,335,Loyal Customers
RB-19435,Richard Bierner,Consumer,8,2663.0860000000002,477.23990000000003,66,2017-12-11,2014-03-11,19,332.88575000000003,0.0011592743351368144,5,4,3,543,Loyal Customers
RB-19465,Rick Bensley,Home Office,12,4715.466,640.5466,85,2017-12-21,2014-03-14,9,392.95550000000003,0.0020527007809775025,5,5,5,555,Champions
RB-19570,Rob Beeghly,Consumer,5,528.546,76.8879,35,2017-12-05,2016-04-28,25,105.70920000000001,0.00023008262321953655,5,2,1,521,Potential Loyalists
RB-19645,Robert Barroso,Corporate,5,221.084,72.679,29,2016-03-22,2014-08-23,648,44.2168,9.624060473803229e-05,1,2,1,121,At Risk
RB-19705,Roger Barcio,Home Office,4,2067.45,243.07549999999998,22,2017-11-06,2015-08-22,54,516.8625,0.000899986603578933,3,2,3,323,Potential Loyalists
RB-19795,Ross Baird,Home Office,8,5633.316000000001,-461.73319999999995,92,2017-11-28,2014-06-03,32,704.1645000000001,0.002452252259414671,4,4,5,445,Champions
RC-19825,Roy Collins,Consumer,6,966.409,63.991400000000006,29,2016-12-26,2014-12-05,369,161.06816666666666,0.0004206898128506678,1,3,2,132,New / Promising
RC-19960,Ryan Crowe,Consumer,6,885.752,10.563300000000002,44,2017-09-11,2014-08-25,110,147.62533333333332,0.00038557882129833715,2,3,1,231,New / Promising
RD-19480,Rick Duston,Consumer,8,4272.93,480.594,60,2017-10-19,2014-06-08,72,534.11625,0.0018600593765414064,3,4,4,344,Loyal Customers
RD-19585,Rob Dowd,Consumer,10,2912.8940000000002,734.5158,73,2017-07-03,2014-04-02,180,291.2894,0.0012680188530051284,2,5,4,254,Loyal Customers
RD-19660,Robert Dilbeck,Home Office,5,2786.632,835.772,23,2017-09-07,2015-04-12,114,557.3264,0.001213055439843464,2,2,4,224,Potential Loyalists
RD-19720,Roger Demir,Consumer,10,1419.737,207.3304,78,2017-12-09,2014-07-20,21,141.9737,0.0006180291086146431,5,5,2,552,Loyal Customers
RD-19810,Ross DeVincentis,Home Office,8,1137.616,318.4625,63,2017-12-16,2014-10-27,14,142.202,0.0004952183414433488,5,4,2,542,Loyal Customers
RD-19900,Ruben Dartt,Consumer,9,3133.924,455.5292,85,2017-09-07,2014-04-05,114,348.21377777777775,0.0013642359508740257,2,5,4,254,Loyal Customers
RD-19930,Russell D'Ascenzo,Consumer,4,970.9420000000001,35.05740000000001,33,2017-11-18,2014-10-03,42,242.73550000000003,0.00042266308392083804,4,2,2,422,Potential Loyalists
RE-19405,Ricardo Emerson,Consumer,1,48.36,6.045,5,2014-12-29,2014-12-29,1097,48.36,2.105170724761286e-05,1,1,1,111,Lost / Low Value
RE-19450,Richard Eichhorn,Consumer,5,876.696,209.2294,47,2017-03-03,2014-06-03,302,175.3392,0.0003816366322819107,1,2,1,121,At Risk
RF-19345,Randy Ferguson,Corporate,8,3309.15,633.7072000000001,67,2016-12-05,2014-05-20,390,413.64375,0.0014405139999677024,1,4,4,144,Potential Loyalists
RF-19735,Roland Fjeld,Consumer,7,2341.2960000000003,711.6168,53,2017-10-02,2014-08-06,89,334.4708571428572,0.0010191951607114765,3,4,3,343,Loyal Customers
RF-19840,Roy Französisch,Consumer,8,945.222,280.0261,45,2017-12-24,2014-11-12,6,118.15275,0.00041146684921429115,5,4,1,541,Loyal Customers
RH-19495,Rick Hansen,Consumer,5,3621.3759999999997,563.7877,38,2017-11-28,2014-08-23,32,724.2751999999999,0.001576429846681788,4,2,4,424,Loyal Customers
RH-19510,Rick Huthwaite,Home Office,6,6979.18,1289.4535,43,2016-09-19,2014-11-16,467,1163.1966666666667,0.003038123535740172,1,3,5,135,Potential Loyalists
RH-19555,Ritsa Hightower,Consumer,2,740.382,0.30570000000000164,11,2016-07-29,2015-12-04,519,370.191,0.0003222974589619955,1,1,1,111,Lost / Low Value
RH-19600,Rob Haberlin,Consumer,3,2085.7400000000002,172.6261,43,2016-07-14,2015-07-02,534,695.2466666666668,0.0009079484672174534,1,1,3,113,At Risk
RK-19300,Ralph Kennedy,Consumer,3,1460.192,269.688,29,2017-09-02,2015-07-20,119,486.73066666666665,0.0006356396714083192,2,1,2,212,At Risk
RL-19615,Rob Lucas,Consumer,8,6234.91,488.14840000000004,101,2017-08-31,2014-12-05,121,779.36375,0.0027141335822004524,2,4,5,245,Loyal Customers
RM-19375,Raymond Messe,Consumer,6,1453.474,392.1499,29,2017-01-19,2014-05-11,345,242.24566666666666,0.0006327152427629621,1,3,2,132,New / Promising
RM-19675,Robert Marley,Home Office,5,5979.0960000000005,1902.5438000000001,39,2017-12-24,2014-11-14,6,1195.8192000000001,0.0026027745781094513,5,2,5,525,Loyal Customers
RM-19750,Roland Murray,Consumer,1,98.35,28.6879,4,2017-03-06,2017-03-06,299,98.35,4.281297369319116e-05,1,1,1,111,Lost / Low Value
RO-19780,Rose O'Brian,Consumer,7,3815.478,-1262.5716000000002,48,2017-11-25,2015-05-12,35,545.0682857142857,0.0016609248524753395,4,4,4,444,Loyal Customers
RP-19270,Rachel Payne,Corporate,4,954.6452,59.538399999999996,47,2016-08-21,2014-10-19,496,238.6613,0.000415568884940836,1,2,1,121,At Risk
RP-19390,Resi Pölking,Consumer,12,5153.084,465.25030000000015,88,2017-11-27,2014-05-24,33,429.42366666666663,0.0022432013190727433,4,5,5,455,Champions
RP-19855,Roy Phan,Corporate,8,2170.716,594.5868,61,2017-12-02,2014-04-05,28,271.3395,0.0009449395729881967,4,4,3,443,Loyal Customers
RR-19315,Ralph Ritter,Consumer,2,615.932,-73.835,7,2017-12-11,2016-11-14,19,307.966,0.00026812283185352945,5,1,1,511,New / Promising
RR-19525,Rick Reed,Corporate,6,3302.2619999999997,721.6826,36,2017-07-13,2014-09-09,170,550.377,0.0014375155682158091,2,3,4,234,Potential Loyalists
RS-19420,Ricardo Sperren,Corporate,5,3221.29,633.4513999999999,29,2017-10-15,2014-08-05,76,644.258,0.0014022674532601907,3,2,4,324,Potential Loyalists
RS-19765,Roland Schwarz,Corporate,8,4159.7699999999995,1206.3851,54,2017-11-24,2014-04-07,36,519.9712499999999,0.0018107994263317313,4,4,4,444,Loyal Customers
RS-19870,Roy Skaria,Home Office,2,22.328,9.5838,10,2017-12-11,2016-06-07,19,11.164,9.719655074952437e-06,5,1,1,511,New / Promising
RW-19540,Rick Wilson,Corporate,7,7397.401,1586.6273,89,2017-09-01,2015-02-03,120,1056.7715714285714,0.003220180319379624,2,4,5,245,Loyal Customers
RW-19630,Rob Williams,Corporate,9,3279.746,698.8325,53,2017-10-02,2014-06-28,89,364.41622222222225,0.0014277140744112756,3,5,4,354,Loyal Customers
RW-19690,Robert Waldorf,Consumer,5,3495.646,707.5503,61,2017-10-12,2016-05-30,79,699.1292000000001,0.0015216980197123428,3,2,4,324,Potential Loyalists
SA-20830,Sue Ann Reed,Consumer,10,4767.3415,610.1496000000001,75,2017-10-28,2014-02-22,63,476.73415000000006,0.0020752828289370465,3,5,5,355,Champions
SB-20170,Sarah Bern,Consumer,3,1348.02,157.6658,24,2017-06-12,2014-06-06,201,449.34,0.0005868098098413375,2,1,2,212,At Risk
SB-20185,Sarah Brown,Consumer,6,6410.996,885.4623999999999,45,2017-06-25,2014-09-20,188,1068.4993333333334,0.0027907859999507247,2,3,5,235,Loyal Customers
SB-20290,Sean Braxton,Corporate,7,8057.891,-2082.7451,84,2017-11-13,2014-05-09,47,1151.1272857142856,0.0035076998007687018,4,4,5,445,Champions
SC-20020,Sam Craven,Consumer,5,3362.9636,-317.0508,62,2015-11-10,2014-03-03,781,672.59272,0.001463939726872999,1,2,4,124,New / Promising
SC-20050,Sample Company A,Home Office,9,4624.572,1011.7443,61,2017-11-20,2014-03-18,40,513.8413333333333,0.002013133496474514,4,5,5,455,Champions
SC-20095,Sanjit Chand,Consumer,9,14142.333999999999,5757.411899999999,87,2017-01-15,2014-02-12,349,1571.3704444444443,0.006156333233373898,1,5,5,155,Loyal Customers
SC-20230,Scot Coram,Corporate,4,4371.9580000000005,440.14099999999996,49,2017-08-03,2016-06-06,149,1092.9895000000001,0.00190316749203596,2,2,5,225,Potential Loyalists
SC-20260,Scott Cohen,Corporate,8,3729.7929999999997,671.0033999999999,63,2017-06-26,2014-04-06,187,466.22412499999996,0.0016236251102191004,2,4,4,244,Loyal Customers
SC-20305,Sean Christensen,Consumer,7,3979.065,229.1617,64,2017-12-01,2014-12-16,29,568.4378571428572,0.00173213630064563,4,4,4,444,Loyal Customers
SC-20380,Shahid Collister,Consumer,9,5992.536,236.66149999999996,80,2017-11-30,2014-03-01,30,665.8373333333334,0.0026086251766497307,4,5,5,455,Champions
SC-20440,Shaun Chance,Corporate,7,1874.998,379.5611,44,2017-11-24,2015-08-17,36,267.85685714285717,0.0008162098632311748,4,4,3,443,Loyal Customers
SC-20575,Sonia Cooley,Consumer,5,902.7280000000001,100.2253,30,2017-09-29,2014-06-16,92,180.5456,0.0003929686844545712,3,2,1,321,New / Promising
SC-20680,Steve Carroll,Home Office,6,1254.64,370.1578,26,2017-08-26,2014-11-21,126,209.10666666666668,0.0005461603387333539,2,3,2,232,New / Promising
SC-20695,Steve Chapman,Corporate,10,2576.408,611.8291,66,2017-10-02,2014-12-16,89,257.6408,0.0011215423276759254,3,5,3,353,Loyal Customers
SC-20725,Steven Cartwright,Consumer,11,5226.21,1276.6513,133,2017-06-26,2014-06-03,187,475.11,0.002275033973005517,2,5,5,255,Loyal Customers
SC-20770,Stewart Carmichael,Corporate,7,4492.657,-671.1874,75,2017-11-19,2015-06-20,41,641.8081428571429,0.001955709262364323,4,4,5,445,Champions
SC-20800,Stuart Calhoun,Consumer,4,279.25600000000003,51.8252,11,2017-11-30,2015-12-11,30,69.81400000000001,0.0001215635971699623,4,2,1,421,New / Promising
SC-20845,Sung Chung,Consumer,2,280.632,31.1757,13,2017-08-21,2016-11-11,131,140.316,0.00012216258702051473,2,1,1,211,At Risk
SD-20485,Shirley Daniels,Home Office,9,6121.114,1985.1671999999999,82,2017-06-13,2014-01-26,200,680.1237777777777,0.0026645967733098536,2,5,5,255,Loyal Customers
SE-20110,Sanjit Engle,Consumer,11,12209.438000000002,2650.6769,78,2017-12-21,2014-04-11,9,1109.9489090909092,0.0053149196533060356,5,5,5,555,Champions
SF-20065,Sandra Flanagan,Consumer,7,763.5459999999999,228.1623,35,2017-11-01,2014-09-10,59,109.07799999999999,0.00033238103519614984,3,4,1,341,Potential Loyalists
SF-20200,Sarah Foster,Consumer,9,3422.7859999999996,286.9046,74,2017-11-01,2014-12-23,59,380.3095555555555,0.0014899811588756787,3,5,4,354,Loyal Customers
SF-20965,Sylvia Foulston,Corporate,9,3336.535,539.9352,66,2017-11-12,2014-10-21,48,370.7261111111111,0.0014524350298059133,4,5,4,454,Champions
SG-20080,Sandra Glassco,Consumer,3,3406.5809999999997,570.438,30,2017-12-22,2015-10-31,8,1135.5269999999998,0.0014829269215732063,5,1,4,514,Loyal Customers
SG-20470,Sheri Gordon,Consumer,8,1884.798,-119.0105,62,2017-06-30,2014-07-26,183,235.59975,0.0008204759246667953,2,4,3,243,Potential Loyalists
SG-20605,Speros Goranitis,Consumer,6,3124.832,463.269,49,2017-09-13,2014-01-23,108,520.8053333333334,0.001360278090611509,2,3,4,234,Potential Loyalists
SG-20890,Susan Gilcrest,Corporate,3,47.946,-3.7073,17,2017-05-18,2014-03-30,226,15.982,2.0871487917577462e-05,1,1,1,111,Lost / Low Value
SH-19975,Sally Hughsby,Corporate,13,3406.8395,558.4739999999999,113,2017-12-01,2014-12-10,29,262.0645769230769,0.0014830394498263806,4,5,4,454,Champions
SH-20395,Shahid Hopkins,Consumer,10,2180.718,-144.5229,45,2017-12-07,2014-11-02,23,218.0718,0.0009492935675268778,5,5,3,553,Champions
SH-20635,Stefanie Holloman,Corporate,2,2096.392,260.6258,16,2015-11-26,2014-12-16,765,1048.196,0.0009125854148105379,1,1,3,113,At Risk
SJ-20125,Sanjit Jacobs,Home Office,12,3949.656,144.1189,104,2017-09-26,2015-09-22,95,329.138,0.001719334198527246,3,5,4,354,Loyal Customers
SJ-20215,Sarah Jordon,Consumer,6,1341.036,-23.5137,35,2017-12-01,2015-02-09,29,223.506,0.0005837695880998709,4,3,2,432,Potential Loyalists
SJ-20500,Shirley Jackson,Consumer,5,1318.776,68.09629999999999,30,2017-04-21,2014-08-31,253,263.7552,0.000574079534267533,1,2,2,122,At Risk
SK-19990,Sally Knutson,Consumer,3,883.409,168.7933,19,2017-12-22,2016-11-28,8,294.4696666666667,0.00038455888436531076,5,1,1,511,New / Promising
SL-20155,Sara Luxemburg,Home Office,7,3053.012,527.9715,30,2017-10-21,2014-09-21,70,436.14457142857145,0.0013290139546618908,3,4,4,344,Loyal Customers
SM-20005,Sally Matthias,Consumer,4,244.49399999999997,-26.5927,26,2016-11-04,2014-11-23,421,61.12349999999999,0.00010643126782046852,1,2,1,121,At Risk
SM-20320,Sean Miller,Home Office,5,25043.05,-1980.7393,50,2017-10-12,2014-03-18,79,5008.61,0.010901549983195433,3,2,5,325,Loyal Customers
SM-20905,Susan MacKendrick,Consumer,1,1043.041,-237.2885,20,2016-05-03,2016-05-03,606,1043.041,0.0004540486720276543,1,1,2,112,At Risk
SM-20950,Suzanne McNair,Corporate,12,5563.392,581.5741999999999,94,2017-12-05,2014-09-29,25,463.616,0.002421813475759127,5,5,5,555,Champions
SN-20560,Skye Norling,Home Office,6,1860.418,-716.8565000000001,67,2017-09-10,2015-06-18,111,310.06966666666665,0.0008098630085647109,2,3,3,233,Potential Loyalists
SN-20710,Steve Nguyen,Home Office,7,3127.9592,481.74989999999997,89,2017-10-12,2014-05-06,79,446.85131428571424,0.0013616393995218635,3,4,4,344,Loyal Customers
SO-20335,Sean O'Donnell,Consumer,6,2602.5755,-81.0858,52,2017-12-01,2015-10-11,29,433.76258333333334,0.001132933364677619,4,3,3,433,Loyal Customers
SP-20545,Sibella Parks,Corporate,6,1306.086,-118.77570000000001,43,2017-02-06,2014-10-13,327,217.681,0.0005685554200207959,1,3,2,132,New / Promising
SP-20620,Stefania Perrino,Corporate,9,5440.319,-270.42819999999995,77,2017-11-13,2014-09-08,47,604.4798888888889,0.0023682382738136054,4,5,5,455,Champions
SP-20650,Stephanie Phelps,Corporate,9,1872.4360000000001,268.4782,71,2016-12-09,2014-04-16,386,208.04844444444447,0.0008150945928844341,1,5,3,153,Potential Loyalists
SP-20860,Sung Pak,Corporate,10,4282.94,566.7226,80,2017-10-12,2014-12-15,79,428.294,0.0018644168535792186,3,5,5,355,Champions
SP-20920,Susan Pistek,Consumer,6,3990.689,14.692400000000003,57,2017-10-21,2014-11-22,70,665.1148333333333,0.0017371963718831453,3,3,4,334,Loyal Customers
SR-20425,Sharelle Roach,Home Office,5,3233.481,-3333.9144,34,2017-12-22,2014-06-14,8,646.6962000000001,0.0014075743466236245,5,2,4,524,Loyal Customers
SR-20740,Steven Roelle,Home Office,8,4345.8859999999995,1990.4243999999999,50,2017-06-17,2014-02-20,196,543.2357499999999,0.0018918180273676437,2,4,5,245,Loyal Customers
SS-20140,Saphhira Shifley,Corporate,8,1324.028,332.3487,86,2017-12-15,2014-11-23,15,165.5035,0.0005763657949471125,5,4,2,542,Loyal Customers
SS-20410,Shahid Shariari,Consumer,6,3056.8070000000002,-1010.9738,46,2017-09-11,2014-05-30,110,509.4678333333334,0.001330665965187215,2,3,4,234,Potential Loyalists
SS-20515,Shirley Schmidt,Home Office,3,613.4,199.93449999999999,36,2016-08-26,2014-07-14,491,204.46666666666667,0.0002670206208785303,1,1,1,111,Lost / Low Value
SS-20590,Sonia Sunley,Consumer,6,418.49,135.5401,17,2016-10-24,2014-08-05,432,69.74833333333333,0.00018217388267273584,1,3,1,131,At Risk
SS-20875,Sung Shariari,Consumer,5,964.636,-75.586,39,2017-09-01,2014-12-14,120,192.9272,0.0004199180039807336,2,2,2,222,New / Promising
ST-20530,Shui Tom,Consumer,7,433.34000000000003,84.4419,33,2017-08-27,2014-02-14,125,61.90571428571429,0.00018863827168487504,2,4,1,241,New / Promising
SU-20665,Stephanie Ulpright,Home Office,7,2595.364,763.4719,61,2017-12-10,2015-12-05,20,370.76628571428574,0.0011297941093671112,5,4,3,543,Loyal Customers
SV-20365,Seth Vernon,Consumer,10,11470.949999999999,1199.4242,109,2017-09-20,2014-01-11,101,1147.0949999999998,0.004993446676013332,3,5,5,355,Champions
SV-20785,Stewart Visinsky,Consumer,9,4105.305,485.0272,91,2017-02-13,2014-04-12,320,456.14500000000004,0.001787090136934684,1,5,4,154,Loyal Customers
SV-20815,Stuart Van,Corporate,4,1271.0900000000001,199.6502,24,2017-10-15,2015-05-04,76,317.77250000000004,0.000553321227571717,3,2,2,322,New / Promising
SV-20935,Susan Vittorini,Consumer,8,1903.491,106.8912,66,2017-12-28,2016-03-19,2,237.936375,0.0008286132191990456,5,4,3,543,Loyal Customers
SW-20245,Scot Wooten,Consumer,7,1085.078,-19.60620000000001,33,2017-10-10,2014-07-20,81,155.01114285714286,0.0004723478990245092,3,4,2,342,Potential Loyalists
SW-20275,Scott Williamson,Consumer,6,1966.65,332.8725,28,2017-11-30,2014-03-10,30,327.77500000000003,0.0008561071145268368,4,3,3,433,Loyal Customers
SW-20350,Sean Wendt,Home Office,3,1019.044,95.8383,25,2017-07-21,2016-04-09,162,339.6813333333333,0.00044360248057147224,2,1,2,212,At Risk
SW-20455,Shaun Weien,Consumer,7,2921.544,793.6548,18,2017-07-21,2015-06-22,162,417.3634285714285,0.0012717843051906505,2,4,4,244,Loyal Customers
SW-20755,Steven Ward,Corporate,2,758.6959999999999,68.2416,27,2016-07-14,2014-11-02,534,379.34799999999996,0.0003302697700979091,1,1,1,111,Lost / Low Value
SZ-20035,Sam Zeldin,Home Office,11,3625.329,366.43030000000005,69,2017-11-25,2014-09-07,35,329.57536363636365,0.001578150636564952,4,5,4,454,Champions
TA-21385,Tom Ashbrook,Home Office,4,14595.62,4703.7883,36,2017-10-22,2014-09-12,69,3648.905,0.006353654246017436,3,2,5,325,Loyal Customers
TB-21055,Ted Butterfield,Consumer,5,1467.881,390.2113,66,2017-09-02,2016-06-17,119,293.57620000000003,0.0006389867883857157,2,2,2,222,New / Promising
TB-21175,Thomas Boland,Corporate,4,3589.296,829.1635,36,2017-11-02,2014-12-08,58,897.324,0.0015624650251660015,3,2,4,324,Potential Loyalists
TB-21190,Thomas Brumley,Home Office,4,816.1740000000001,179.0038,23,2017-11-11,2014-12-27,49,204.04350000000002,0.0003552906557302146,4,2,1,421,New / Promising
TB-21250,Tim Brockman,Consumer,7,1602.376,260.6155,74,2017-01-15,2014-12-08,349,228.91085714285714,0.0006975341284656927,1,4,2,142,New / Promising
TB-21280,Toby Braunhardt,Consumer,6,2198.45,490.9567,35,2016-05-26,2014-06-21,583,366.4083333333333,0.0009570125268510026,1,3,3,133,New / Promising
TB-21355,Todd Boyes,Corporate,5,834.328,268.967,44,2017-08-06,2016-01-25,146,166.8656,0.0003631933168835058,2,2,1,221,At Risk
TB-21400,Tom Boeckenhauer,Consumer,7,9133.99,2798.3689,55,2017-06-11,2014-01-21,202,1304.8557142857142,0.003976139029830922,2,4,5,245,Loyal Customers
TB-21520,Tracy Blumstein,Consumer,9,4737.486,-1603.0451,85,2017-09-14,2014-10-17,107,526.3873333333333,0.0020622863598359067,2,5,5,255,Loyal Customers
TB-21595,Troy Blackwell,Consumer,5,1387.559,-136.4091,29,2017-03-20,2014-02-18,285,277.5118,0.0006040216264845006,1,2,2,122,At Risk
TB-21625,Trudy Brown,Consumer,9,2797.668,379.882,60,2017-11-30,2014-08-06,30,310.85200000000003,0.0012178595473948423,4,5,4,454,Champions
TC-20980,Tamara Chand,Corporate,5,19052.218,8981.323900000001,42,2016-11-26,2014-11-07,399,3810.4436,0.008293666578860633,1,2,5,125,Potential Loyalists
TC-21145,Theresa Coyne,Corporate,1,1038.26,265.5332,17,2017-09-15,2017-09-15,106,1038.26,0.0004519674434844195,2,1,2,212,At Risk
TC-21295,Toby Carlisle,Consumer,8,4266.812,606.3727,63,2017-12-03,2014-10-14,27,533.3515,0.0018573961353308833,4,4,4,444,Loyal Customers
TC-21475,Tony Chapman,Home Office,9,1244.976,119.104,45,2017-07-30,2014-11-22,153,138.33066666666667,0.0005419534797829626,2,5,2,252,Potential Loyalists
TC-21535,Tracy Collins,Home Office,7,742.5580000000001,217.933,28,2017-12-26,2014-11-03,4,106.0797142857143,0.0003232446987256599,5,4,1,541,Loyal Customers
TD-20995,Tamara Dahlen,Consumer,9,1434.5480000000002,88.1897,67,2017-11-23,2014-05-19,37,159.39422222222225,0.0006244765204435181,4,5,2,452,Loyal Customers
TG-21310,Toby Gnade,Consumer,5,3058.372,682.1704,30,2017-01-27,2015-03-09,337,611.6744,0.00133134722907974,1,3,4,134,Potential Loyalists
TG-21640,Trudy Glocke,Consumer,4,2074.661,365.7205,50,2017-09-07,2014-03-31,114,518.66525,0.0009031256412332453,2,2,3,223,New / Promising
TH-21100,Thea Hendricks,Consumer,5,2422.824,-135.2125,29,2017-01-20,2014-09-27,344,484.5648,0.0010546853093567077,1,3,3,133,New / Promising
TH-21115,Thea Hudgings,Corporate,4,2942.772,-252.5539,29,2017-11-02,2014-09-23,58,735.693,0.001281025116635074,3,2,4,324,Potential Loyalists
TH-21235,Tiffany House,Corporate,8,1022.201,92.729,40,2017-09-04,2014-11-04,117,127.775125,0.00044497676179109,2,4,2,242,Potential Loyalists
TH-21550,Tracy Hopkins,Home Office,7,4234.0960000000005,-571.9678,44,2017-10-19,2014-04-05,72,604.8708571428572,0.0018431544551341732,3,4,4,344,Loyal Customers
TM-21010,Tamara Manning,Consumer,8,2955.2259999999997,573.3013,67,2017-09-18,2014-02-21,103,369.40324999999996,0.0012864464971574432,2,4,4,244,Loyal Customers
TM-21490,Tony Molinari,Consumer,3,1094.6779999999999,292.52099999999996,12,2017-08-22,2017-03-30,130,364.8926666666666,0.00047652689798185165,2,1,2,212,At Risk
TN-21040,Tanja Norvell,Home Office,7,3130.221,-692.0452,48,2017-10-01,2014-10-10,90,447.17442857142856,0.001362623989088709,3,4,4,344,Loyal Customers
TP-21130,Theone Pippenger,Consumer,9,4454.0560000000005,1129.1261,55,2017-12-22,2015-04-14,8,494.8951111111112,0.0019389057687442834,5,5,5,555,Champions
TP-21415,Tom Prescott,Consumer,5,5329.0048,-1087.3898,39,2017-09-17,2015-11-28,104,1065.80096,0.0023197818232159576,2,3,5,235,Loyal Customers
TP-21565,Tracy Poddar,Corporate,4,1936.6399999999999,139.22869999999995,48,2017-01-14,2015-03-01,350,484.15999999999997,0.0008430433896612276,1,2,3,123,New / Promising
TR-21325,Toby Ritter,Consumer,5,675.9419999999999,220.36440000000002,22,2017-06-20,2014-12-01,193,135.18839999999997,0.00029424592846083393,2,3,1,231,New / Promising
TS-21085,Thais Sissman,Consumer,2,4.833,-3.3156,4,2017-01-07,2015-07-19,357,2.4165,2.1038647875871164e-06,1,1,1,111,Lost / Low Value
TS-21160,Theresa Swint,Corporate,6,2163.6240000000003,260.87440000000004,60,2016-08-13,2014-04-23,504,360.60400000000004,0.0009418523375084601,1,3,3,133,New / Promising
TS-21205,Thomas Seio,Corporate,7,5371.09,862.8877,67,2017-06-15,2014-03-21,198,767.2985714285714,0.0023381020322700776,2,4,5,245,Loyal Customers
TS-21340,Toby Swindell,Consumer,5,974.7819999999999,-184.97889999999998,51,2017-05-18,2014-01-19,226,194.95639999999997,0.00042433468350377496,1,3,2,132,New / Promising
TS-21370,Todd Sumrall,Corporate,6,11891.751,2371.7144000000003,59,2017-11-24,2014-10-28,36,1981.9585,0.00517662656562257,4,3,5,435,Loyal Customers
TS-21430,Tom Stivers,Corporate,5,2054.14,48.70169999999999,31,2017-07-11,2014-07-30,172,410.828,0.0008941925956495342,2,3,3,233,Potential Loyalists
TS-21505,Tony Sayre,Consumer,6,2243.274,11.377899999999983,54,2017-12-19,2014-12-20,11,373.87899999999996,0.000976524969482661,5,3,3,533,Loyal Customers
TS-21610,Troy Staebel,Consumer,7,2820.424,-294.6981,44,2017-11-05,2014-08-16,55,402.9177142857143,0.0012277655161733096,3,4,4,344,Loyal Customers
TS-21655,Trudy Schmidt,Consumer,5,3368.094,220.91629999999998,52,2017-05-06,2015-02-06,238,673.6188,0.0014661730535657854,1,3,4,134,Potential Loyalists
TT-21070,Ted Trevino,Consumer,7,4915.602,751.9567,66,2017-11-29,2014-05-18,31,702.2288571428571,0.0021398224617407004,4,4,5,445,Champions
TT-21220,Thomas Thornton,Consumer,8,1427.0439999999999,278.7371,55,2017-06-30,2014-09-23,183,178.38049999999998,0.0006212099362585286,2,4,2,242,Potential Loyalists
TT-21265,Tim Taslimi,Corporate,3,439.5,93.9162,8,2016-11-19,2015-08-15,406,146.5,0.00019131979601583646,1,1,1,111,Lost / Low Value
TT-21460,Tonja Turnell,Home Office,7,5364.808,1124.4999,48,2017-12-18,2015-12-08,12,766.4011428571429,0.0023353673998273666,5,4,5,545,Champions
TW-21025,Tamara Willingham,Home Office,7,5278.826,737.3905,57,2017-10-27,2014-12-22,64,754.118,0.0022979383697908848,3,4,5,345,Loyal Customers
TZ-21580,Tracy Zic,Consumer,4,1707.286,224.8887,30,2017-11-25,2014-11-11,35,426.8215,0.0007432027514464013,4,2,2,422,Potential Loyalists
VB-21745,Victoria Brennan,Corporate,6,2005.596,371.2398,37,2017-11-06,2015-07-17,54,334.266,0.0008730607909219057,3,3,3,333,Potential Loyalists
VD-21670,Valerie Dominguez,Consumer,6,6442.254,1617.7874000000002,71,2016-05-28,2014-08-04,581,1073.709,0.0028043929946807884,1,3,5,135,Potential Loyalists
VF-21715,Vicky Freymann,Home Office,5,847.944,-96.27799999999999,35,2017-12-17,2014-03-01,13,169.5888,0.0003691205304046699,5,3,1,531,Potential Loyalists
VG-21790,Vivek Gonzalez,Consumer,6,846.01,143.6268,32,2017-07-29,2014-08-08,154,141.00166666666667,0.00036827863623972197,2,3,1,231,New / Promising
VG-21805,Vivek Grady,Corporate,5,427.372,-52.333,16,2017-03-19,2014-09-22,286,85.4744,0.00018604032733306045,1,3,1,131,At Risk
VM-21685,Valerie Mitchum,Home Office,7,2454.866,513.5269,37,2017-11-06,2014-04-07,54,350.69514285714286,0.001068633589001621,3,4,3,343,Loyal Customers
VM-21835,Vivian Mathis,Consumer,5,380.69,116.6373,25,2017-09-04,2014-03-22,117,76.138,0.00016571907427819974,2,3,1,231,New / Promising
VP-21730,Victor Preis,Home Office,3,993.9019999999999,205.3888,18,2017-11-30,2015-07-05,30,331.30066666666664,0.00043265785642714874,4,1,2,412,New / Promising
VP-21760,Victoria Pisteka,Corporate,7,3360.526,-1018.7768,65,2017-10-16,2014-09-06,75,480.07514285714285,0.001462878609387747,3,4,4,344,Loyal Customers
VS-21820,Vivek Sundaresam,Consumer,4,1055.981,-262.8093,38,2017-05-23,2014-01-07,221,263.99525,0.00045968161437223893,2,2,2,222,New / Promising
VT-21700,Valerie Takahito,Home Office,2,1736.596,-224.08889999999997,42,2015-04-05,2014-06-06,1000,868.298,0.0007559617576380376,1,1,2,112,At Risk
VW-21775,Victoria Wilson,Corporate,10,6134.0380000000005,-874.6645,77,2017-12-02,2014-05-11,28,613.4038,0.0026702227506561764,4,5,5,455,Champions
WB-21850,William Brown,Consumer,11,6160.102,714.3311,146,2017-12-10,2014-11-04,20,560.0092727272727,0.0026815687328253612,5,5,5,555,Champions
XP-21865,Xylona Preis,Consumer,11,2374.658,621.23,100,2017-11-17,2014-01-20,43,215.878,0.0010337180527130244,4,5,3,453,Loyal Customers
YC-21895,Yoseph Carroll,Corporate,5,5454.35,1305.629,31,2017-12-26,2014-11-17,4,1090.8700000000001,0.002374346141977196,5,3,5,535,Champions
YS-21880,Yana Sorensen,Corporate,8,6720.4439999999995,1778.2923,58,2017-12-21,2015-01-12,9,840.0554999999999,0.002925492548841529,5,4,5,545,Champions
ZC-21910,Zuschuss Carroll,Consumer,13,8025.707,-1032.1490000000001,105,2017-11-06,2014-10-13,54,617.362076923077,0.0034936897067642113,3,5,5,355,Champions
ZD-21925,Zuschuss Donatelli,Consumer,5,1493.944,249.1307,32,2017-06-11,2014-08-27,202,298.7888,0.0006503323352425092,2,3,2,232,New / Promising
